Card Number,Date,Amount,CBK,target,tx_count_24h,prev_tx_time,minutes_since_last_tx,card_avg_amount,amount_vs_card_avg,hour,is_odd_hour
400217******1137,2015-05-06 09:37:46,198.0,No,0,0,,-1.0,,0.0,9,0
400217******1353,2015-05-27 23:37:20,172.5,Yes,1,0,,-1.0,,0.0,23,1
400217******1353,2015-05-27 23:38:58,172.5,Yes,1,1,2015-05-27 23:37:20,1.6333333333333333,172.5,0.0,23,1
400217******1353,2015-05-27 23:40:15,172.5,Yes,1,2,2015-05-27 23:38:58,1.2833333333333334,172.5,0.0,23,1
400217******1353,2015-05-27 23:41:38,172.5,Yes,1,3,2015-05-27 23:40:15,1.3833333333333333,172.5,0.0,23,1
400217******1353,2015-05-27 23:43:12,172.5,Yes,1,4,2015-05-27 23:41:38,1.5666666666666667,172.5,0.0,23,1
400217******1353,2015-05-27 23:44:52,172.5,Yes,1,5,2015-05-27 23:43:12,1.6666666666666667,172.5,0.0,23,1
400217******1353,2015-05-27 23:46:15,172.5,Yes,1,6,2015-05-27 23:44:52,1.3833333333333333,172.5,0.0,23,1
400217******1353,2015-05-27 23:47:29,172.5,Yes,1,7,2015-05-27 23:46:15,1.2333333333333334,172.5,0.0,23,1
400217******1637,2015-05-16 09:14:05,715.0,No,0,0,,-1.0,,0.0,9,0
400217******1769,2015-05-07 20:31:09,59.99,No,0,0,,-1.0,,0.0,20,0
400217******2197,2015-05-21 11:15:36,46.0,No,0,0,,-1.0,,0.0,11,0
400217******2468,2015-05-08 16:14:22,59.99,No,0,0,,-1.0,,0.0,16,0
400217******3548,2015-05-06 19:33:58,230.0,No,0,0,,-1.0,,0.0,19,0
400217******4160,2015-05-29 18:48:57,160.0,No,0,0,,-1.0,,0.0,18,0
400217******5144,2015-05-27 19:06:34,10.0,No,0,0,,-1.0,,0.0,19,0
400217******5510,2015-05-30 15:25:05,43.0,No,0,0,,-1.0,,0.0,15,0
400217******5510,2015-05-30 15:25:05,43.0,No,0,0,2015-05-30 15:25:05,0.0,43.0,0.0,15,0
400217******6763,2015-05-29 14:42:56,172.5,No,0,0,,-1.0,,0.0,14,0
400217******6763,2015-05-29 14:43:55,172.5,No,0,1,2015-05-29 14:42:56,0.9833333333333333,172.5,0.0,14,0
400217******6763,2015-05-29 14:44:50,172.5,No,0,2,2015-05-29 14:43:55,0.9166666666666666,172.5,0.0,14,0
400217******7196,2015-05-20 23:34:29,15.0,No,0,0,,-1.0,,0.0,23,1
400217******7228,2015-05-11 16:07:24,55.0,Yes,1,0,,-1.0,,0.0,16,0
400217******7228,2015-05-11 16:10:53,55.0,Yes,1,1,2015-05-11 16:07:24,3.4833333333333334,55.0,0.0,16,0
400217******7228,2015-05-11 16:12:03,110.0,Yes,1,2,2015-05-11 16:10:53,1.1666666666666667,55.0,1.0,16,0
400217******7228,2015-05-11 16:13:17,55.0,Yes,1,3,2015-05-11 16:12:03,1.2333333333333334,73.33333333333333,-0.25,16,0
400217******7228,2015-05-11 16:17:02,220.0,Yes,1,4,2015-05-11 16:13:17,3.75,68.75,2.2,16,0
400217******7228,2015-05-11 16:18:28,220.0,Yes,1,5,2015-05-11 16:17:02,1.4333333333333333,99.0,1.2222222222222223,16,0
400217******7228,2015-05-11 16:23:42,110.0,Yes,1,6,2015-05-11 16:18:28,5.233333333333333,119.16666666666667,-0.07692307692307698,16,0
400217******7228,2015-05-11 16:25:25,220.0,Yes,1,7,2015-05-11 16:23:42,1.7166666666666666,117.85714285714286,0.8666666666666667,16,0
400217******7228,2015-05-11 16:30:20,165.0,Yes,1,8,2015-05-11 16:25:25,4.916666666666667,130.625,0.26315789473684204,16,0
400217******7228,2015-05-11 16:31:18,110.0,Yes,1,9,2015-05-11 16:30:20,0.9666666666666667,134.44444444444446,-0.18181818181818188,16,0
400217******7228,2015-05-11 16:32:36,275.0,Yes,1,10,2015-05-11 16:31:18,1.3,132.0,1.0833333333333335,16,0
400217******7228,2015-05-11 16:48:15,55.0,Yes,1,11,2015-05-11 16:32:36,15.65,145.0,-0.6206896551724138,16,0
400217******7251,2015-05-07 13:16:11,55.0,No,0,0,,-1.0,,0.0,13,0
400217******7711,2015-05-14 11:40:33,115.5,No,0,0,,-1.0,,0.0,11,0
400217******7711,2015-05-14 12:52:58,16.5,No,0,1,2015-05-14 11:40:33,72.41666666666667,115.5,-0.8571428571428572,12,0
400217******7989,2015-05-05 18:12:24,92.0,No,0,0,,-1.0,,0.0,18,0
400217******8488,2015-05-29 16:15:43,46.0,No,0,0,,-1.0,,0.0,16,0
400217******8714,2015-05-13 14:48:46,33.0,No,0,0,,-1.0,,0.0,14,0
400217******8714,2015-05-14 11:15:44,16.5,No,0,1,2015-05-13 14:48:46,1226.9666666666667,33.0,-0.5,11,0
400217******9067,2015-05-19 21:22:24,115.0,No,0,0,,-1.0,,0.0,21,0
400225******0746,2015-05-18 11:43:11,112.0,No,0,0,,-1.0,,0.0,11,0
400225******1087,2015-05-25 23:51:15,20.0,No,0,0,,-1.0,,0.0,23,1
400225******1283,2015-05-29 19:08:53,34.5,No,0,0,,-1.0,,0.0,19,0
400225******1558,2015-05-14 23:15:20,154.0,No,0,0,,-1.0,,0.0,23,1
400225******2176,2015-05-06 23:34:34,34.5,No,0,0,,-1.0,,0.0,23,1
400225******2203,2015-05-13 15:50:38,78.4,No,0,0,,-1.0,,0.0,15,0
400225******2242,2015-05-12 18:42:48,220.0,No,0,0,,-1.0,,0.0,18,0
400225******3342,2015-05-14 20:36:02,154.0,No,0,0,,-1.0,,0.0,20,0
400225******3460,2015-05-28 22:45:47,20.0,No,0,0,,-1.0,,0.0,22,0
400225******4565,2015-05-29 09:14:04,176.0,No,0,0,,-1.0,,0.0,9,0
400225******5048,2015-05-09 15:48:45,156.8,No,0,0,,-1.0,,0.0,15,0
400225******5539,2015-05-25 14:20:43,138.0,No,0,0,,-1.0,,0.0,14,0
400225******6307,2015-05-12 11:52:07,78.4,No,0,0,,-1.0,,0.0,11,0
400225******6470,2015-05-10 21:23:21,179.2,No,0,0,,-1.0,,0.0,21,0
400225******6914,2015-05-25 21:20:44,78.4,No,0,0,,-1.0,,0.0,21,0
400225******7333,2015-05-02 14:15:41,123.3,No,0,0,,-1.0,,0.0,14,0
400225******7467,2015-05-19 17:21:37,35.0,No,0,0,,-1.0,,0.0,17,0
400225******7594,2015-05-23 20:53:36,78.4,No,0,0,,-1.0,,0.0,20,0
400225******7703,2015-05-28 17:52:06,99.0,No,0,0,,-1.0,,0.0,17,0
400225******8521,2015-05-13 19:30:37,55.0,No,0,0,,-1.0,,0.0,19,0
400225******8836,2015-05-25 16:14:02,291.2,No,0,0,,-1.0,,0.0,16,0
400225******8836,2015-05-27 18:12:09,112.0,No,0,0,2015-05-25 16:14:02,2998.116666666667,291.2,-0.6153846153846154,18,0
400225******8994,2015-05-14 10:08:26,34.5,No,0,0,,-1.0,,0.0,10,0
400225******9528,2015-05-01 14:29:37,77.0,No,0,0,,-1.0,,0.0,14,0
400225******9612,2015-05-26 01:14:17,80.5,No,0,0,,-1.0,,0.0,1,1
400247******3169,2015-05-06 14:42:04,89.6,No,0,0,,-1.0,,0.0,14,0
400247******4018,2015-05-30 09:31:22,94.03,No,0,0,,-1.0,,0.0,9,0
400248******0459,2015-05-12 16:06:19,91.35,No,0,0,,-1.0,,0.0,16,0
400248******9368,2015-05-30 15:39:51,15.0,No,0,0,,-1.0,,0.0,15,0
400248******9368,2015-05-30 15:39:51,15.0,No,0,0,2015-05-30 15:39:51,0.0,15.0,0.0,15,0
400268******0572,2015-05-28 13:31:49,44.0,No,0,0,,-1.0,,0.0,13,0
400268******0572,2015-05-28 13:55:07,22.0,No,0,1,2015-05-28 13:31:49,23.3,44.0,-0.5,13,0
400439******6092,2015-05-27 18:02:34,92.0,No,0,0,,-1.0,,0.0,18,0
400439******9670,2015-05-06 19:29:32,207.0,No,0,0,,-1.0,,0.0,19,0
400439******9670,2015-05-06 19:31:09,828.0,No,0,1,2015-05-06 19:29:32,1.6166666666666667,207.0,3.0,19,0
400439******9670,2015-05-06 19:32:45,414.0,No,0,2,2015-05-06 19:31:09,1.6,517.5,-0.19999999999999996,19,0
400439******9670,2015-05-06 21:22:30,46.0,No,0,3,2015-05-06 19:32:45,109.75,483.0,-0.9047619047619048,21,0
400439******9670,2015-05-06 21:23:34,92.0,No,0,4,2015-05-06 21:22:30,1.0666666666666667,373.75,-0.7538461538461538,21,0
400439******9670,2015-05-06 21:24:45,92.0,No,0,5,2015-05-06 21:23:34,1.1833333333333333,317.4,-0.7101449275362319,21,0
400652******7267,2015-05-12 17:27:33,154.0,No,0,0,,-1.0,,0.0,17,0
400689******0839,2015-05-25 10:08:42,31.59,No,0,0,,-1.0,,0.0,10,0
400689******2126,2015-05-29 14:50:20,46.0,Yes,1,0,,-1.0,,0.0,14,0
400689******2126,2015-05-29 14:51:24,46.0,Yes,1,1,2015-05-29 14:50:20,1.0666666666666667,46.0,0.0,14,0
400689******2126,2015-05-29 14:52:30,46.0,Yes,1,2,2015-05-29 14:51:24,1.1,46.0,0.0,14,0
400689******4153,2015-05-05 09:13:12,88.0,No,0,0,,-1.0,,0.0,9,0
400689******4153,2015-05-13 19:31:30,176.0,No,0,0,2015-05-05 09:13:12,12138.3,88.0,1.0,19,0
400689******4153,2015-05-22 23:43:27,105.0,No,0,0,2015-05-13 19:31:30,13211.95,132.0,-0.20454545454545459,23,1
400689******6263,2015-05-04 12:28:21,207.0,Yes,1,0,,-1.0,,0.0,12,0
400689******6263,2015-05-04 12:29:19,207.0,Yes,1,1,2015-05-04 12:28:21,0.9666666666666667,207.0,0.0,12,0
400689******8775,2015-05-02 23:22:02,99.0,No,0,0,,-1.0,,0.0,23,1
400689******9170,2015-05-08 09:39:49,880.0,Yes,1,0,,-1.0,,0.0,9,0
400689******9170,2015-05-15 16:56:37,55.0,Yes,1,0,2015-05-08 09:39:49,10516.8,880.0,-0.9375,16,0
400689******9170,2015-05-15 17:00:09,185.39,Yes,1,1,2015-05-15 16:56:37,3.533333333333333,467.5,-0.6034438502673798,17,0
400689******9496,2015-05-13 21:12:48,70.0,No,0,0,,-1.0,,0.0,21,0
400770******0693,2015-05-19 18:36:52,10.0,No,0,0,,-1.0,,0.0,18,0
400770******1000,2015-05-27 22:57:15,179.2,No,0,0,,-1.0,,0.0,22,0
400770******1263,2015-05-16 01:32:27,132.0,No,0,0,,-1.0,,0.0,1,1
400770******1690,2015-05-12 16:07:12,23.0,No,0,0,,-1.0,,0.0,16,0
400770******1729,2015-05-25 13:05:17,15.0,No,0,0,,-1.0,,0.0,13,0
400770******1743,2015-05-29 10:26:01,31.59,No,0,0,,-1.0,,0.0,10,0
400770******1743,2015-05-29 16:42:59,92.0,No,0,1,2015-05-29 10:26:01,376.96666666666664,31.59,1.9123140234251346,16,0
400770******1850,2015-05-07 15:30:16,123.2,No,0,0,,-1.0,,0.0,15,0
400770******1995,2015-05-30 22:50:27,72.0,No,0,0,,-1.0,,0.0,22,0
400770******1995,2015-05-30 22:50:27,72.0,No,0,0,2015-05-30 22:50:27,0.0,72.0,0.0,22,0
400770******2516,2015-05-19 13:17:55,17.24,No,0,0,,-1.0,,0.0,13,0
400770******2516,2015-05-19 13:19:16,17.24,Yes,1,1,2015-05-19 13:17:55,1.35,17.24,0.0,13,0
400770******2516,2015-05-19 13:20:28,17.24,No,0,2,2015-05-19 13:19:16,1.2,17.24,0.0,13,0
400770******2516,2015-05-19 13:22:04,17.24,Yes,1,3,2015-05-19 13:20:28,1.6,17.24,0.0,13,0
400770******2516,2015-05-19 13:23:14,17.24,Yes,1,4,2015-05-19 13:22:04,1.1666666666666667,17.24,0.0,13,0
400770******2516,2015-05-19 13:24:40,17.24,Yes,1,5,2015-05-19 13:23:14,1.4333333333333333,17.24,0.0,13,0
400770******2516,2015-05-19 13:26:03,17.24,Yes,1,6,2015-05-19 13:24:40,1.3833333333333333,17.24,0.0,13,0
400770******2516,2015-05-19 13:27:29,17.24,Yes,1,7,2015-05-19 13:26:03,1.4333333333333333,17.24,0.0,13,0
400770******2563,2015-05-21 22:41:29,103.5,No,0,0,,-1.0,,0.0,22,0
400770******2593,2015-05-04 22:50:05,48.0,No,0,0,,-1.0,,0.0,22,0
400770******2813,2015-05-06 15:37:41,37.6,No,0,0,,-1.0,,0.0,15,0
400770******2902,2015-05-19 17:01:48,15.0,No,0,0,,-1.0,,0.0,17,0
400770******2984,2015-05-12 11:47:01,77.0,No,0,0,,-1.0,,0.0,11,0
400770******3142,2015-05-21 00:17:53,43.0,No,0,0,,-1.0,,0.0,0,1
400770******3173,2015-05-12 16:16:46,46.0,No,0,0,,-1.0,,0.0,16,0
400770******3173,2015-05-12 16:20:21,172.75,No,0,1,2015-05-12 16:16:46,3.5833333333333335,46.0,2.755434782608696,16,0
400770******3306,2015-05-01 11:15:57,24.0,No,0,0,,-1.0,,0.0,11,0
400770******3544,2015-05-16 13:03:41,23.0,No,0,0,,-1.0,,0.0,13,0
400770******3972,2015-05-20 14:12:40,103.5,No,0,0,,-1.0,,0.0,14,0
400770******4097,2015-05-28 20:29:46,20.0,No,0,0,,-1.0,,0.0,20,0
400770******4184,2015-05-22 14:00:28,92.0,No,0,0,,-1.0,,0.0,14,0
400770******4661,2015-05-08 08:56:17,104.5,No,0,0,,-1.0,,0.0,8,0
400770******4672,2015-05-28 09:06:17,67.2,No,0,0,,-1.0,,0.0,9,0
400770******4672,2015-05-28 21:57:15,34.5,No,0,1,2015-05-28 09:06:17,770.9666666666667,67.2,-0.4866071428571429,21,0
400770******4724,2015-05-19 11:26:59,20.0,No,0,0,,-1.0,,0.0,11,0
400770******4862,2015-05-20 12:46:36,23.0,No,0,0,,-1.0,,0.0,12,0
400770******4862,2015-05-21 20:03:32,23.0,No,0,0,2015-05-20 12:46:36,1876.9333333333334,23.0,0.0,20,0
400770******5149,2015-05-16 17:08:07,82.5,No,0,0,,-1.0,,0.0,17,0
400770******5149,2015-05-16 22:39:59,16.5,No,0,1,2015-05-16 17:08:07,331.8666666666667,82.5,-0.8,22,0
400770******5213,2015-05-15 20:53:15,145.6,No,0,0,,-1.0,,0.0,20,0
400770******5278,2015-05-14 16:18:03,92.0,No,0,0,,-1.0,,0.0,16,0
400770******5675,2015-05-20 17:41:24,242.0,No,0,0,,-1.0,,0.0,17,0
400770******5816,2015-05-30 10:45:50,30.0,No,0,0,,-1.0,,0.0,10,0
400770******6011,2015-05-26 10:22:17,630.0,No,0,0,,-1.0,,0.0,10,0
400770******6286,2015-05-14 12:19:31,345.5,No,0,0,,-1.0,,0.0,12,0
400770******6716,2015-05-15 01:20:05,55.0,No,0,0,,-1.0,,0.0,1,1
400770******7155,2015-05-07 23:41:57,132.0,No,0,0,,-1.0,,0.0,23,1
400770******7225,2015-05-20 14:13:28,154.0,No,0,0,,-1.0,,0.0,14,0
400770******7251,2015-05-28 00:15:05,88.99,No,0,0,,-1.0,,0.0,0,1
400770******7279,2015-05-16 18:39:58,33.0,No,0,0,,-1.0,,0.0,18,0
400770******7958,2015-05-16 15:31:05,160.0,No,0,0,,-1.0,,0.0,15,0
400770******8207,2015-05-17 18:22:23,110.0,No,0,0,,-1.0,,0.0,18,0
400770******8439,2015-05-06 12:26:30,132.0,No,0,0,,-1.0,,0.0,12,0
400770******8498,2015-05-04 23:57:00,179.2,No,0,0,,-1.0,,0.0,23,1
400770******8743,2015-05-14 22:27:38,77.0,No,0,0,,-1.0,,0.0,22,0
400770******8875,2015-05-19 11:15:46,20.0,No,0,0,,-1.0,,0.0,11,0
400770******8948,2015-05-06 09:34:55,374.0,No,0,0,,-1.0,,0.0,9,0
400770******9077,2015-05-06 11:50:29,138.0,No,0,0,,-1.0,,0.0,11,0
400770******9236,2015-05-28 09:55:33,39.07,No,0,0,,-1.0,,0.0,9,0
400770******9949,2015-05-22 18:32:07,82.4,No,0,0,,-1.0,,0.0,18,0
400770******9962,2015-05-21 22:48:55,69.0,No,0,0,,-1.0,,0.0,22,0
400970******0021,2015-05-20 14:15:26,31.05,No,0,0,,-1.0,,0.0,14,0
400970******0131,2015-05-22 22:28:40,80.0,No,0,0,,-1.0,,0.0,22,0
400970******0495,2015-05-05 11:51:01,23.0,No,0,0,,-1.0,,0.0,11,0
400970******0643,2015-05-18 10:09:41,160.0,No,0,0,,-1.0,,0.0,10,0
400970******1621,2015-05-13 16:03:22,120.0,No,0,0,,-1.0,,0.0,16,0
400970******2559,2015-05-03 23:24:49,89.6,No,0,0,,-1.0,,0.0,23,1
400970******3554,2015-05-01 17:04:22,56.65,No,0,0,,-1.0,,0.0,17,0
400970******3949,2015-05-07 09:04:11,88.0,No,0,0,,-1.0,,0.0,9,0
400970******4415,2015-05-02 17:25:37,55.0,No,0,0,,-1.0,,0.0,17,0
400970******5521,2015-05-15 13:34:00,46.0,No,0,0,,-1.0,,0.0,13,0
400970******6832,2015-05-04 08:25:19,67.2,No,0,0,,-1.0,,0.0,8,0
400970******6832,2015-05-14 22:25:44,138.0,No,0,0,2015-05-04 08:25:19,15240.416666666666,67.2,1.0535714285714284,22,0
400970******7532,2015-05-14 00:12:37,99.0,No,0,0,,-1.0,,0.0,0,1
400970******9081,2015-05-27 19:59:59,105.73,No,0,0,,-1.0,,0.0,19,0
401370******1098,2015-05-16 14:37:55,46.0,No,0,0,,-1.0,,0.0,14,0
401370******1098,2015-05-21 21:41:44,23.0,No,0,0,2015-05-16 14:37:55,7623.816666666667,46.0,-0.5,21,0
401370******1506,2015-05-11 16:35:40,161.0,No,0,0,,-1.0,,0.0,16,0
401370******1945,2015-05-17 13:20:42,140.0,No,0,0,,-1.0,,0.0,13,0
401370******2315,2015-05-06 23:13:04,29.34,No,0,0,,-1.0,,0.0,23,1
401370******2315,2015-05-08 20:52:09,18.34,No,0,0,2015-05-06 23:13:04,2739.0833333333335,29.34,-0.3749147920927062,20,0
401370******2315,2015-05-08 20:54:33,18.34,No,0,1,2015-05-08 20:52:09,2.4,23.84,-0.23070469798657722,20,0
401370******2315,2015-05-08 21:03:56,36.66,No,0,2,2015-05-08 20:54:33,9.383333333333333,22.006666666666664,0.6658588306573765,21,0
401370******6382,2015-05-26 13:38:18,46.69,No,0,0,,-1.0,,0.0,13,0
401370******6572,2015-05-07 12:08:10,70.0,No,0,0,,-1.0,,0.0,12,0
401370******8118,2015-05-10 21:29:15,297.0,No,0,0,,-1.0,,0.0,21,0
401370******9095,2015-05-09 19:27:36,143.0,Yes,1,0,,-1.0,,0.0,19,0
401370******9220,2015-05-19 12:55:32,35.0,No,0,0,,-1.0,,0.0,12,0
401370******9304,2015-05-08 15:45:20,99.0,No,0,0,,-1.0,,0.0,15,0
401370******9822,2015-05-30 14:41:22,165.0,Yes,1,0,,-1.0,,0.0,14,0
401370******9822,2015-05-30 14:41:22,165.0,Yes,1,0,2015-05-30 14:41:22,0.0,165.0,0.0,14,0
401370******9822,2015-05-30 14:42:40,165.0,Yes,1,2,2015-05-30 14:41:22,1.3,165.0,0.0,14,0
401370******9822,2015-05-30 14:42:40,165.0,Yes,1,2,2015-05-30 14:42:40,0.0,165.0,0.0,14,0
401370******9834,2015-05-14 20:55:18,264.0,No,0,0,,-1.0,,0.0,20,0
401684******2427,2015-05-15 17:01:32,104.5,No,0,0,,-1.0,,0.0,17,0
401684******3329,2015-05-20 20:19:46,89.6,No,0,0,,-1.0,,0.0,20,0
401684******5179,2015-05-28 16:33:36,46.0,Yes,1,0,,-1.0,,0.0,16,0
401684******5179,2015-05-28 16:34:58,46.0,Yes,1,1,2015-05-28 16:33:36,1.3666666666666667,46.0,0.0,16,0
401684******5179,2015-05-28 16:36:20,46.0,Yes,1,2,2015-05-28 16:34:58,1.3666666666666667,46.0,0.0,16,0
401684******5193,2015-05-05 23:30:04,110.0,No,0,0,,-1.0,,0.0,23,1
401684******7224,2015-05-05 10:34:09,121.0,No,0,0,,-1.0,,0.0,10,0
401684******7224,2015-05-14 21:51:55,154.0,No,0,0,2015-05-05 10:34:09,13637.766666666666,121.0,0.2727272727272727,21,0
401684******9150,2015-05-12 21:54:28,56.0,No,0,0,,-1.0,,0.0,21,0
401684******9174,2015-05-15 18:20:36,308.0,No,0,0,,-1.0,,0.0,18,0
402702******0461,2015-05-08 10:16:32,31.59,No,0,0,,-1.0,,0.0,10,0
402702******9335,2015-05-04 13:20:35,46.69,No,0,0,,-1.0,,0.0,13,0
402702******9335,2015-05-05 16:25:48,46.0,No,0,0,2015-05-04 13:20:35,1625.2166666666667,46.69,-0.014778325123152691,16,0
402702******9562,2015-05-14 16:17:16,70.0,No,0,0,,-1.0,,0.0,16,0
403217******0210,2015-05-05 21:54:17,110.0,No,0,0,,-1.0,,0.0,21,0
403217******1492,2015-05-09 15:06:11,246.4,No,0,0,,-1.0,,0.0,15,0
403217******3161,2015-05-14 13:17:06,33.0,No,0,0,,-1.0,,0.0,13,0
403217******3454,2015-05-11 18:58:18,132.25,No,0,0,,-1.0,,0.0,18,0
403217******3535,2015-05-07 14:44:38,73.34,No,0,0,,-1.0,,0.0,14,0
403217******4307,2015-05-13 09:50:56,34.5,No,0,0,,-1.0,,0.0,9,0
403217******5156,2015-05-27 17:59:37,220.0,Yes,1,0,,-1.0,,0.0,17,0
403217******5156,2015-05-27 18:03:46,77.0,Yes,1,1,2015-05-27 17:59:37,4.15,220.0,-0.65,18,0
403217******7195,2015-05-12 21:51:42,46.69,No,0,0,,-1.0,,0.0,21,0
403217******7862,2015-05-16 13:39:29,46.0,No,0,0,,-1.0,,0.0,13,0
403225******0119,2015-05-07 23:18:57,231.0,No,0,0,,-1.0,,0.0,23,1
403225******0600,2015-05-11 13:46:12,123.3,No,0,0,,-1.0,,0.0,13,0
403225******0693,2015-05-20 19:09:20,46.0,No,0,0,,-1.0,,0.0,19,0
403225******1586,2015-05-12 19:57:54,154.0,No,0,0,,-1.0,,0.0,19,0
403225******1691,2015-05-24 09:06:52,25.0,No,0,0,,-1.0,,0.0,9,0
403225******2153,2015-05-10 13:00:13,462.0,No,0,0,,-1.0,,0.0,13,0
403225******2244,2015-05-29 16:20:08,132.0,No,0,0,,-1.0,,0.0,16,0
403225******2317,2015-05-22 12:46:23,132.0,No,0,0,,-1.0,,0.0,12,0
403225******2500,2015-05-18 14:13:36,176.0,No,0,0,,-1.0,,0.0,14,0
403225******2500,2015-05-19 15:52:56,66.0,No,0,0,2015-05-18 14:13:36,1539.3333333333333,176.0,-0.625,15,0
403225******2651,2015-05-15 16:46:56,154.0,No,0,0,,-1.0,,0.0,16,0
403225******2812,2015-05-07 21:10:16,110.0,No,0,0,,-1.0,,0.0,21,0
403225******2919,2015-05-28 13:08:16,44.0,No,0,0,,-1.0,,0.0,13,0
403225******3014,2015-05-06 12:12:03,143.0,No,0,0,,-1.0,,0.0,12,0
403225******3050,2015-05-13 13:52:36,220.0,No,0,0,,-1.0,,0.0,13,0
403225******3153,2015-05-05 13:50:05,220.0,No,0,0,,-1.0,,0.0,13,0
403225******3217,2015-05-25 10:51:58,187.0,No,0,0,,-1.0,,0.0,10,0
403225******3364,2015-05-04 23:33:41,209.0,No,0,0,,-1.0,,0.0,23,1
403225******3364,2015-05-07 20:23:07,88.0,No,0,0,2015-05-04 23:33:41,4129.433333333333,209.0,-0.5789473684210527,20,0
403225******3686,2015-05-19 11:43:52,44.8,No,0,0,,-1.0,,0.0,11,0
403225******4002,2015-05-15 08:34:33,291.2,No,0,0,,-1.0,,0.0,8,0
403225******4013,2015-05-08 10:58:20,336.0,No,0,0,,-1.0,,0.0,10,0
403225******4013,2015-05-08 11:52:07,336.0,No,0,1,2015-05-08 10:58:20,53.78333333333333,336.0,0.0,11,0
403225******4220,2015-05-14 17:45:11,253.0,No,0,0,,-1.0,,0.0,17,0
403225******4344,2015-05-20 15:47:21,145.6,No,0,0,,-1.0,,0.0,15,0
403225******4490,2015-05-05 15:14:09,39.48,No,0,0,,-1.0,,0.0,15,0
403225******4568,2015-05-17 22:37:08,67.2,No,0,0,,-1.0,,0.0,22,0
403225******4774,2015-05-29 15:24:34,99.0,No,0,0,,-1.0,,0.0,15,0
403225******4804,2015-05-06 20:50:36,143.0,No,0,0,,-1.0,,0.0,20,0
403225******4879,2015-05-20 21:18:22,134.4,No,0,0,,-1.0,,0.0,21,0
403225******5230,2015-05-14 08:29:05,78.4,No,0,0,,-1.0,,0.0,8,0
403225******5704,2015-05-22 10:22:46,358.4,No,0,0,,-1.0,,0.0,10,0
403225******5768,2015-05-04 19:28:53,168.0,No,0,0,,-1.0,,0.0,19,0
403225******6173,2015-05-04 16:41:42,143.0,No,0,0,,-1.0,,0.0,16,0
403225******6658,2015-05-05 14:27:52,66.0,No,0,0,,-1.0,,0.0,14,0
403225******6696,2015-05-30 22:19:07,20.0,No,0,0,,-1.0,,0.0,22,0
403225******6696,2015-05-30 22:19:07,20.0,No,0,0,2015-05-30 22:19:07,0.0,20.0,0.0,22,0
403225******6697,2015-05-22 14:24:24,175.0,No,0,0,,-1.0,,0.0,14,0
403225******6780,2015-05-19 22:36:36,100.8,No,0,0,,-1.0,,0.0,22,0
403225******6893,2015-05-13 22:19:03,123.3,No,0,0,,-1.0,,0.0,22,0
403225******7088,2015-05-11 18:09:45,132.25,No,0,0,,-1.0,,0.0,18,0
403225******7877,2015-05-04 11:04:26,161.0,No,0,0,,-1.0,,0.0,11,0
403225******7897,2015-05-06 16:37:38,515.2,No,0,0,,-1.0,,0.0,16,0
403225******8100,2015-05-11 18:57:00,187.0,No,0,0,,-1.0,,0.0,18,0
403225******8166,2015-05-20 15:47:27,66.0,No,0,0,,-1.0,,0.0,15,0
403225******8476,2015-05-24 10:42:26,5.0,No,0,0,,-1.0,,0.0,10,0
403225******8513,2015-05-11 15:29:54,154.0,No,0,0,,-1.0,,0.0,15,0
403225******8729,2015-05-25 14:53:35,1460.0,No,0,0,,-1.0,,0.0,14,0
403225******9209,2015-05-15 16:38:53,154.0,No,0,0,,-1.0,,0.0,16,0
403225******9367,2015-05-07 09:41:12,112.0,No,0,0,,-1.0,,0.0,9,0
403225******9378,2015-05-12 21:55:35,112.0,No,0,0,,-1.0,,0.0,21,0
403225******9439,2015-05-30 10:53:08,55.0,No,0,0,,-1.0,,0.0,10,0
403225******9569,2015-05-19 20:48:11,89.6,No,0,0,,-1.0,,0.0,20,0
403246******0294,2015-05-09 16:39:46,123.2,Yes,1,0,,-1.0,,0.0,16,0
403246******0294,2015-05-09 16:41:05,123.2,Yes,1,1,2015-05-09 16:39:46,1.3166666666666667,123.2,0.0,16,0
403246******0294,2015-05-09 16:42:31,123.2,Yes,1,2,2015-05-09 16:41:05,1.4333333333333333,123.2,0.0,16,0
403246******0294,2015-05-09 16:44:00,123.2,Yes,1,3,2015-05-09 16:42:31,1.4833333333333334,123.2,0.0,16,0
403246******0294,2015-05-09 16:45:25,123.2,Yes,1,4,2015-05-09 16:44:00,1.4166666666666667,123.2,0.0,16,0
403246******0294,2015-05-09 16:46:42,123.2,Yes,1,5,2015-05-09 16:45:25,1.2833333333333334,123.2,0.0,16,0
403246******0294,2015-05-09 16:48:01,123.2,Yes,1,6,2015-05-09 16:46:42,1.3166666666666667,123.2,0.0,16,0
403246******0294,2015-05-09 16:49:37,123.2,Yes,1,7,2015-05-09 16:48:01,1.6,123.2,0.0,16,0
403246******0294,2015-05-09 16:51:32,123.2,Yes,1,8,2015-05-09 16:49:37,1.9166666666666667,123.2,0.0,16,0
403246******6430,2015-05-21 00:14:18,190.4,No,0,0,,-1.0,,0.0,0,1
403246******6763,2015-05-08 19:48:37,23.0,No,0,0,,-1.0,,0.0,19,0
403246******9554,2015-05-13 22:36:54,172.75,No,0,0,,-1.0,,0.0,22,0
403246******9641,2015-05-29 10:45:12,88.0,No,0,0,,-1.0,,0.0,10,0
403247******2535,2015-05-11 11:47:59,110.0,No,0,0,,-1.0,,0.0,11,0
403247******2535,2015-05-21 17:33:40,89.6,No,0,0,2015-05-11 11:47:59,14745.683333333332,110.0,-0.18545454545454554,17,0
403247******4458,2015-05-05 09:35:33,336.0,No,0,0,,-1.0,,0.0,9,0
403247******4513,2015-05-08 17:08:44,268.9,No,0,0,,-1.0,,0.0,17,0
403247******7398,2015-05-03 22:57:32,143.0,No,0,0,,-1.0,,0.0,22,0
403247******8577,2015-05-15 11:56:32,154.0,No,0,0,,-1.0,,0.0,11,0
403247******9179,2015-05-08 10:42:05,104.5,No,0,0,,-1.0,,0.0,10,0
403247******9179,2015-05-11 11:49:31,134.4,No,0,0,2015-05-08 10:42:05,4387.433333333333,104.5,0.28612440191387556,11,0
403254******3645,2015-05-28 17:46:46,60.0,No,0,0,,-1.0,,0.0,17,0
403254******3645,2015-05-30 14:56:05,10.0,No,0,0,2015-05-28 17:46:46,2709.3166666666666,60.0,-0.8333333333333334,14,0
403254******3645,2015-05-30 14:56:05,10.0,No,0,0,2015-05-30 14:56:05,0.0,35.0,-0.7142857142857143,14,0
403254******5277,2015-05-11 19:58:09,77.0,No,0,0,,-1.0,,0.0,19,0
403254******5794,2015-05-15 16:47:53,180.0,No,0,0,,-1.0,,0.0,16,0
403254******6219,2015-05-01 20:03:57,89.6,No,0,0,,-1.0,,0.0,20,0
403254******6676,2015-05-06 17:04:12,69.0,No,0,0,,-1.0,,0.0,17,0
403254******6967,2015-05-25 16:44:03,15.0,No,0,0,,-1.0,,0.0,16,0
403254******8910,2015-05-25 13:42:01,224.0,No,0,0,,-1.0,,0.0,13,0
403254******9184,2015-05-05 21:53:00,110.0,No,0,0,,-1.0,,0.0,21,0
403254******9184,2015-05-05 21:54:43,55.0,No,0,1,2015-05-05 21:53:00,1.7166666666666666,110.0,-0.5,21,0
403254******9184,2015-05-05 21:56:11,194.34,Yes,1,2,2015-05-05 21:54:43,1.4666666666666666,82.5,1.3556363636363638,21,0
403254******9184,2015-05-05 21:57:35,110.0,No,0,3,2015-05-05 21:56:11,1.4,119.78000000000002,-0.08164969110035081,21,0
403254******9184,2015-05-05 22:31:41,55.0,No,0,4,2015-05-05 21:57:35,34.1,117.33500000000001,-0.5312566582861039,22,0
403254******9184,2015-05-05 22:42:40,110.0,No,0,5,2015-05-05 22:31:41,10.983333333333333,104.86800000000001,0.04893771217149179,22,0
403254******9240,2015-05-01 22:15:53,414.0,No,0,0,,-1.0,,0.0,22,0
403254******9736,2015-05-08 17:52:12,228.0,No,0,0,,-1.0,,0.0,17,0
406168******0216,2015-05-05 18:36:23,36.66,No,0,0,,-1.0,,0.0,18,0
406168******0325,2015-05-05 15:10:32,57.5,No,0,0,,-1.0,,0.0,15,0
406168******0414,2015-05-05 08:59:44,121.0,No,0,0,,-1.0,,0.0,8,0
406168******1114,2015-05-06 16:39:53,286.0,No,0,0,,-1.0,,0.0,16,0
406168******1119,2015-05-28 12:27:11,132.0,No,0,0,,-1.0,,0.0,12,0
406168******1520,2015-05-11 20:02:36,46.0,No,0,0,,-1.0,,0.0,20,0
406168******1555,2015-05-16 11:26:21,33.0,No,0,0,,-1.0,,0.0,11,0
406168******2119,2015-05-06 23:27:50,70.0,No,0,0,,-1.0,,0.0,23,1
406168******3069,2015-05-20 10:21:44,27.0,No,0,0,,-1.0,,0.0,10,0
406168******3367,2015-05-08 14:22:44,46.69,No,0,0,,-1.0,,0.0,14,0
406168******3975,2015-05-25 20:13:13,46.69,No,0,0,,-1.0,,0.0,20,0
406168******4127,2015-05-09 18:35:03,49.5,No,0,0,,-1.0,,0.0,18,0
406168******4727,2015-05-26 18:46:14,264.0,No,0,0,,-1.0,,0.0,18,0
406168******4997,2015-05-15 15:34:10,60.0,No,0,0,,-1.0,,0.0,15,0
406168******5054,2015-05-08 12:28:35,88.0,No,0,0,,-1.0,,0.0,12,0
406168******5635,2015-05-21 08:36:18,110.0,No,0,0,,-1.0,,0.0,8,0
406168******5770,2015-05-09 21:51:39,77.0,No,0,0,,-1.0,,0.0,21,0
406168******6510,2015-05-04 11:45:13,46.0,No,0,0,,-1.0,,0.0,11,0
406168******6685,2015-05-07 19:44:06,115.0,No,0,0,,-1.0,,0.0,19,0
406168******6695,2015-05-11 16:43:36,572.0,No,0,0,,-1.0,,0.0,16,0
406168******7139,2015-05-12 18:39:53,154.0,No,0,0,,-1.0,,0.0,18,0
406168******8553,2015-05-08 08:03:44,62.1,No,0,0,,-1.0,,0.0,8,0
406168******8650,2015-05-16 08:22:01,60.89,No,0,0,,-1.0,,0.0,8,0
406168******8771,2015-05-19 23:31:15,110.0,No,0,0,,-1.0,,0.0,23,1
406168******9508,2015-05-21 21:59:06,132.0,No,0,0,,-1.0,,0.0,21,0
406168******9627,2015-05-28 20:27:39,46.0,No,0,0,,-1.0,,0.0,20,0
406168******9875,2015-05-09 16:01:32,143.0,No,0,0,,-1.0,,0.0,16,0
406655******0029,2015-05-11 14:33:38,78.4,No,0,0,,-1.0,,0.0,14,0
406655******0044,2015-05-26 16:19:33,138.0,No,0,0,,-1.0,,0.0,16,0
406655******0044,2015-05-28 20:20:19,34.5,No,0,0,2015-05-26 16:19:33,3120.766666666667,138.0,-0.75,20,0
406655******0302,2015-05-06 21:16:32,45.2,No,0,0,,-1.0,,0.0,21,0
406655******0311,2015-05-16 13:20:38,89.6,No,0,0,,-1.0,,0.0,13,0
406655******0433,2015-05-07 13:42:27,143.0,No,0,0,,-1.0,,0.0,13,0
406655******0438,2015-05-05 12:04:16,179.2,No,0,0,,-1.0,,0.0,12,0
406655******0441,2015-05-08 14:07:33,78.4,No,0,0,,-1.0,,0.0,14,0
406655******0450,2015-05-14 23:45:42,132.0,Yes,1,0,,-1.0,,0.0,23,1
406655******0477,2015-05-22 00:04:08,198.0,No,0,0,,-1.0,,0.0,0,1
406655******0500,2015-05-05 15:58:11,352.0,No,0,0,,-1.0,,0.0,15,0
406655******0500,2015-05-06 15:42:58,352.0,No,0,1,2015-05-05 15:58:11,1424.7833333333333,352.0,0.0,15,0
406655******0537,2015-05-28 11:34:44,2.1,No,0,0,,-1.0,,0.0,11,0
406655******0537,2015-05-28 18:22:02,2.1,No,0,1,2015-05-28 11:34:44,407.3,2.1,0.0,18,0
406655******0550,2015-05-11 13:39:14,154.0,No,0,0,,-1.0,,0.0,13,0
406655******0613,2015-05-13 17:15:46,57.46,No,0,0,,-1.0,,0.0,17,0
406655******0615,2015-05-08 00:42:15,69.0,No,0,0,,-1.0,,0.0,0,1
406655******0647,2015-05-21 18:20:52,240.0,No,0,0,,-1.0,,0.0,18,0
406655******0654,2015-05-18 07:51:26,88.0,No,0,0,,-1.0,,0.0,7,0
406655******0758,2015-05-13 23:58:31,16.5,No,0,0,,-1.0,,0.0,23,1
406655******0758,2015-05-14 00:06:53,16.5,No,0,1,2015-05-13 23:58:31,8.366666666666667,16.5,0.0,0,1
406655******0758,2015-05-16 23:28:05,16.5,No,0,0,2015-05-14 00:06:53,4281.2,16.5,0.0,23,1
406655******0805,2015-05-08 19:32:17,123.2,No,0,0,,-1.0,,0.0,19,0
406655******0810,2015-05-22 20:35:52,134.4,No,0,0,,-1.0,,0.0,20,0
406655******0812,2015-05-13 13:38:18,146.66,No,0,0,,-1.0,,0.0,13,0
406655******0854,2015-05-13 16:16:38,172.75,No,0,0,,-1.0,,0.0,16,0
406655******0933,2015-05-15 14:50:16,104.5,No,0,0,,-1.0,,0.0,14,0
406655******1019,2015-05-09 16:59:46,246.4,No,0,0,,-1.0,,0.0,16,0
406655******1038,2015-05-06 15:15:03,179.2,No,0,0,,-1.0,,0.0,15,0
406655******1038,2015-05-22 16:19:07,78.4,No,0,0,2015-05-06 15:15:03,23104.066666666666,179.2,-0.5625,16,0
406655******1038,2015-05-22 16:31:16,78.4,No,0,1,2015-05-22 16:19:07,12.15,128.8,-0.3913043478260869,16,0
406655******1058,2015-05-21 10:02:34,121.0,No,0,0,,-1.0,,0.0,10,0
406655******1068,2015-05-13 15:08:40,78.4,No,0,0,,-1.0,,0.0,15,0
406655******1118,2015-05-27 22:00:07,132.0,No,0,0,,-1.0,,0.0,22,0
406655******1239,2015-05-21 19:44:52,84.0,No,0,0,,-1.0,,0.0,19,0
406655******1355,2015-05-13 10:57:38,132.0,No,0,0,,-1.0,,0.0,10,0
406655******1355,2015-05-15 18:38:20,99.0,No,0,0,2015-05-13 10:57:38,3340.7,132.0,-0.25,18,0
406655******1358,2015-05-08 10:48:59,201.6,No,0,0,,-1.0,,0.0,10,0
406655******1361,2015-05-26 16:42:28,10.0,No,0,0,,-1.0,,0.0,16,0
406655******1382,2015-05-11 16:50:37,154.0,No,0,0,,-1.0,,0.0,16,0
406655******1394,2015-05-08 21:33:03,156.8,No,0,0,,-1.0,,0.0,21,0
406655******1462,2015-05-06 17:31:48,336.0,No,0,0,,-1.0,,0.0,17,0
406655******1462,2015-05-08 18:27:14,403.2,No,0,0,2015-05-06 17:31:48,2935.4333333333334,336.0,0.19999999999999996,18,0
406655******1560,2015-05-07 18:09:50,34.5,No,0,0,,-1.0,,0.0,18,0
406655******1574,2015-05-09 19:53:25,69.0,No,0,0,,-1.0,,0.0,19,0
406655******1628,2015-05-25 21:59:30,100.8,No,0,0,,-1.0,,0.0,21,0
406655******1633,2015-05-29 15:09:10,88.0,No,0,0,,-1.0,,0.0,15,0
406655******1666,2015-05-12 00:09:27,89.6,No,0,0,,-1.0,,0.0,0,1
406655******1679,2015-05-11 19:14:26,45.2,No,0,0,,-1.0,,0.0,19,0
406655******1679,2015-05-24 15:49:52,89.6,No,0,0,2015-05-11 19:14:26,18515.433333333334,45.2,0.982300884955752,15,0
406655******1710,2015-05-29 21:20:42,110.0,No,0,0,,-1.0,,0.0,21,0
406655******1711,2015-05-10 17:39:11,330.0,No,0,0,,-1.0,,0.0,17,0
406655******1751,2015-05-04 13:48:30,143.0,No,0,0,,-1.0,,0.0,13,0
406655******1835,2015-05-20 14:54:00,34.5,No,0,0,,-1.0,,0.0,14,0
406655******1869,2015-05-28 15:26:52,138.0,No,0,0,,-1.0,,0.0,15,0
406655******1951,2015-05-11 11:08:26,78.4,No,0,0,,-1.0,,0.0,11,0
406655******1951,2015-05-17 00:32:17,89.6,No,0,0,2015-05-11 11:08:26,8003.85,78.4,0.1428571428571428,0,1
406655******1957,2015-05-28 18:05:15,1060.0,No,0,0,,-1.0,,0.0,18,0
406655******1966,2015-05-29 19:10:50,132.0,No,0,0,,-1.0,,0.0,19,0
406655******2044,2015-05-30 11:36:46,88.0,No,0,0,,-1.0,,0.0,11,0
406655******2061,2015-05-09 19:24:42,134.4,No,0,0,,-1.0,,0.0,19,0
406655******2099,2015-05-13 18:24:45,27.5,No,0,0,,-1.0,,0.0,18,0
406655******2194,2015-05-06 22:26:59,88.0,No,0,0,,-1.0,,0.0,22,0
406655******2329,2015-05-16 02:05:24,297.0,No,0,0,,-1.0,,0.0,2,1
406655******2349,2015-05-09 09:43:26,34.5,No,0,0,,-1.0,,0.0,9,0
406655******2396,2015-05-09 14:58:20,132.0,No,0,0,,-1.0,,0.0,14,0
406655******2482,2015-05-27 23:28:40,46.0,No,0,0,,-1.0,,0.0,23,1
406655******2515,2015-05-28 19:00:09,44.0,No,0,0,,-1.0,,0.0,19,0
406655******2593,2015-05-11 15:18:14,110.0,No,0,0,,-1.0,,0.0,15,0
406655******2593,2015-05-12 18:20:37,55.0,No,0,0,2015-05-11 15:18:14,1622.3833333333334,110.0,-0.5,18,0
406655******2628,2015-05-20 15:50:50,30.0,No,0,0,,-1.0,,0.0,15,0
406655******2745,2015-05-08 11:00:41,286.0,No,0,0,,-1.0,,0.0,11,0
406655******2837,2015-05-21 14:37:44,75.6,No,0,0,,-1.0,,0.0,14,0
406655******2839,2015-05-14 19:33:35,78.4,No,0,0,,-1.0,,0.0,19,0
406655******2839,2015-05-14 19:55:56,78.4,No,0,1,2015-05-14 19:33:35,22.35,78.4,0.0,19,0
406655******2839,2015-05-29 20:32:40,55.0,No,0,0,2015-05-14 19:55:56,21636.733333333334,78.4,-0.2984693877551021,20,0
406655******2919,2015-05-29 08:45:37,99.0,No,0,0,,-1.0,,0.0,8,0
406655******2919,2015-05-29 14:33:04,132.0,No,0,1,2015-05-29 08:45:37,347.45,99.0,0.33333333333333326,14,0
406655******3070,2015-05-07 19:03:27,220.0,No,0,0,,-1.0,,0.0,19,0
406655******3120,2015-05-15 16:29:17,308.0,No,0,0,,-1.0,,0.0,16,0
406655******3173,2015-05-30 11:35:18,40.0,No,0,0,,-1.0,,0.0,11,0
406655******3187,2015-05-14 20:23:10,84.0,No,0,0,,-1.0,,0.0,20,0
406655******3187,2015-05-28 17:06:41,99.0,No,0,0,2015-05-14 20:23:10,19963.516666666666,84.0,0.1785714285714286,17,0
406655******3189,2015-05-14 18:31:10,154.0,No,0,0,,-1.0,,0.0,18,0
406655******3270,2015-05-15 16:08:22,77.0,No,0,0,,-1.0,,0.0,16,0
406655******3270,2015-05-29 14:50:40,121.0,No,0,0,2015-05-15 16:08:22,20082.3,77.0,0.5714285714285714,14,0
406655******3303,2015-05-12 17:55:38,154.0,No,0,0,,-1.0,,0.0,17,0
406655******3352,2015-05-11 22:32:09,154.0,No,0,0,,-1.0,,0.0,22,0
406655******3361,2015-05-20 20:48:26,62.1,No,0,0,,-1.0,,0.0,20,0
406655******3368,2015-05-11 13:06:25,154.0,No,0,0,,-1.0,,0.0,13,0
406655******3393,2015-05-18 13:47:09,89.6,No,0,0,,-1.0,,0.0,13,0
406655******3449,2015-05-11 15:55:35,92.0,No,0,0,,-1.0,,0.0,15,0
406655******3497,2015-05-29 18:34:58,120.0,No,0,0,,-1.0,,0.0,18,0
406655******3505,2015-05-23 13:13:24,940.8,No,0,0,,-1.0,,0.0,13,0
406655******3549,2015-05-05 11:13:26,116.72,No,0,0,,-1.0,,0.0,11,0
406655******3620,2015-05-13 16:43:20,154.0,No,0,0,,-1.0,,0.0,16,0
406655******3665,2015-05-19 18:50:21,40.0,No,0,0,,-1.0,,0.0,18,0
406655******3668,2015-05-21 22:46:26,80.0,Yes,1,0,,-1.0,,0.0,22,0
406655******3668,2015-05-21 22:47:43,320.0,Yes,1,1,2015-05-21 22:46:26,1.2833333333333334,80.0,3.0,22,0
406655******3683,2015-05-11 14:43:48,78.4,No,0,0,,-1.0,,0.0,14,0
406655******3711,2015-05-27 23:22:36,1344.0,No,0,0,,-1.0,,0.0,23,1
406655******3777,2015-05-04 21:15:11,143.0,No,0,0,,-1.0,,0.0,21,0
406655******3808,2015-05-21 08:09:17,184.0,No,0,0,,-1.0,,0.0,8,0
406655******3831,2015-05-12 13:17:58,172.75,No,0,0,,-1.0,,0.0,13,0
406655******3853,2015-05-24 10:53:06,15.0,No,0,0,,-1.0,,0.0,10,0
406655******4041,2015-05-11 16:39:57,308.0,No,0,0,,-1.0,,0.0,16,0
406655******4072,2015-05-27 19:42:31,55.0,No,0,0,,-1.0,,0.0,19,0
406655******4104,2015-05-11 21:22:14,154.0,No,0,0,,-1.0,,0.0,21,0
406655******4142,2015-05-12 14:09:42,156.8,No,0,0,,-1.0,,0.0,14,0
406655******4153,2015-05-19 23:10:02,10.0,No,0,0,,-1.0,,0.0,23,1
406655******4219,2015-05-26 09:55:49,207.0,No,0,0,,-1.0,,0.0,9,0
406655******4258,2015-05-22 17:14:56,99.0,No,0,0,,-1.0,,0.0,17,0
406655******4263,2015-05-11 17:23:25,44.8,No,0,0,,-1.0,,0.0,17,0
406655******4267,2015-05-02 18:37:40,143.0,No,0,0,,-1.0,,0.0,18,0
406655******4271,2015-05-06 15:03:54,143.0,No,0,0,,-1.0,,0.0,15,0
406655******4306,2015-05-27 20:36:20,100.8,No,0,0,,-1.0,,0.0,20,0
406655******4350,2015-05-29 20:03:27,132.0,No,0,0,,-1.0,,0.0,20,0
406655******4546,2015-05-09 17:38:06,100.8,No,0,0,,-1.0,,0.0,17,0
406655******4610,2015-05-23 12:53:13,30.0,No,0,0,,-1.0,,0.0,12,0
406655******4611,2015-05-03 17:34:33,161.0,No,0,0,,-1.0,,0.0,17,0
406655******4621,2015-05-14 21:45:30,176.0,No,0,0,,-1.0,,0.0,21,0
406655******4690,2015-05-11 15:09:39,78.4,No,0,0,,-1.0,,0.0,15,0
406655******4690,2015-05-14 13:37:51,104.5,No,0,0,2015-05-11 15:09:39,4228.2,78.4,0.3329081632653059,13,0
406655******4744,2015-05-01 17:20:16,220.0,No,0,0,,-1.0,,0.0,17,0
406655******4776,2015-05-16 11:04:00,275.0,No,0,0,,-1.0,,0.0,11,0
406655******4850,2015-05-28 18:39:43,242.0,No,0,0,,-1.0,,0.0,18,0
406655******4966,2015-05-21 08:53:35,46.0,No,0,0,,-1.0,,0.0,8,0
406655******4967,2015-05-04 16:30:56,34.5,No,0,0,,-1.0,,0.0,16,0
406655******4967,2015-05-08 19:48:30,34.5,No,0,0,2015-05-04 16:30:56,5957.566666666667,34.5,0.0,19,0
406655******4967,2015-05-11 14:14:18,78.4,No,0,0,2015-05-08 19:48:30,3985.8,34.5,1.272463768115942,14,0
406655******4967,2015-05-18 10:40:12,179.2,No,0,0,2015-05-11 14:14:18,9865.9,49.13333333333333,2.6472184531886023,10,0
406655******4984,2015-05-15 23:19:06,38.5,No,0,0,,-1.0,,0.0,23,1
406655******5050,2015-05-05 20:59:24,89.6,No,0,0,,-1.0,,0.0,20,0
406655******5057,2015-05-29 20:08:34,172.5,No,0,0,,-1.0,,0.0,20,0
406655******5108,2015-05-09 13:39:56,594.0,No,0,0,,-1.0,,0.0,13,0
406655******5224,2015-05-13 12:13:36,154.0,No,0,0,,-1.0,,0.0,12,0
406655******5225,2015-05-11 20:54:44,275.0,No,0,0,,-1.0,,0.0,20,0
406655******5315,2015-05-15 18:03:19,145.6,No,0,0,,-1.0,,0.0,18,0
406655******5337,2015-05-22 01:27:18,46.0,No,0,0,,-1.0,,0.0,1,1
406655******5375,2015-05-08 19:21:52,201.6,No,0,0,,-1.0,,0.0,19,0
406655******5383,2015-05-08 12:42:25,69.0,No,0,0,,-1.0,,0.0,12,0
406655******5383,2015-05-08 20:18:56,34.5,No,0,1,2015-05-08 12:42:25,456.51666666666665,69.0,-0.5,20,0
406655******5413,2015-05-08 19:19:45,23.0,No,0,0,,-1.0,,0.0,19,0
406655******5425,2015-05-07 12:11:12,120.75,No,0,0,,-1.0,,0.0,12,0
406655******5425,2015-05-07 13:18:32,120.75,No,0,1,2015-05-07 12:11:12,67.33333333333333,120.75,0.0,13,0
406655******5426,2015-05-08 13:33:15,336.0,No,0,0,,-1.0,,0.0,13,0
406655******5439,2015-05-23 18:22:00,25.0,No,0,0,,-1.0,,0.0,18,0
406655******5445,2015-05-09 16:47:33,66.0,No,0,0,,-1.0,,0.0,16,0
406655******5454,2015-05-11 12:26:15,336.0,No,0,0,,-1.0,,0.0,12,0
406655******5457,2015-05-17 16:24:26,57.5,No,0,0,,-1.0,,0.0,16,0
406655******5475,2015-05-24 21:21:53,55.0,No,0,0,,-1.0,,0.0,21,0
406655******5479,2015-05-04 16:47:58,176.0,No,0,0,,-1.0,,0.0,16,0
406655******5587,2015-05-13 23:09:06,123.3,No,0,0,,-1.0,,0.0,23,1
406655******5590,2015-05-12 15:11:11,154.0,No,0,0,,-1.0,,0.0,15,0
406655******5621,2015-05-03 20:14:43,184.0,No,0,0,,-1.0,,0.0,20,0
406655******5689,2015-05-12 14:21:45,154.0,No,0,0,,-1.0,,0.0,14,0
406655******5903,2015-05-29 01:37:14,121.0,No,0,0,,-1.0,,0.0,1,1
406655******5941,2015-05-07 21:18:28,176.0,No,0,0,,-1.0,,0.0,21,0
406655******5995,2015-05-20 15:50:33,20.0,No,0,0,,-1.0,,0.0,15,0
406655******6014,2015-05-11 18:53:39,308.0,No,0,0,,-1.0,,0.0,18,0
406655******6019,2015-05-08 15:52:38,59.99,No,0,0,,-1.0,,0.0,15,0
406655******6033,2015-05-05 20:49:27,168.0,No,0,0,,-1.0,,0.0,20,0
406655******6076,2015-05-14 23:18:32,154.0,No,0,0,,-1.0,,0.0,23,1
406655******6094,2015-05-29 22:13:15,40.0,No,0,0,,-1.0,,0.0,22,0
406655******6099,2015-05-09 14:49:07,123.2,No,0,0,,-1.0,,0.0,14,0
406655******6125,2015-05-06 10:05:16,517.0,No,0,0,,-1.0,,0.0,10,0
406655******6142,2015-05-22 08:47:44,145.6,No,0,0,,-1.0,,0.0,8,0
406655******6195,2015-05-21 08:38:48,285.6,No,0,0,,-1.0,,0.0,8,0
406655******6222,2015-05-11 22:35:22,55.0,No,0,0,,-1.0,,0.0,22,0
406655******6278,2015-05-14 12:22:16,308.0,No,0,0,,-1.0,,0.0,12,0
406655******6411,2015-05-11 17:31:34,154.0,No,0,0,,-1.0,,0.0,17,0
406655******6441,2015-05-13 20:45:34,56.0,No,0,0,,-1.0,,0.0,20,0
406655******6468,2015-05-15 13:58:40,176.0,No,0,0,,-1.0,,0.0,13,0
406655******6473,2015-05-08 02:20:27,67.2,No,0,0,,-1.0,,0.0,2,1
406655******6473,2015-05-28 17:03:44,99.0,No,0,0,2015-05-08 02:20:27,29683.283333333333,67.2,0.4732142857142856,17,0
406655******6515,2015-05-26 15:01:25,145.6,No,0,0,,-1.0,,0.0,15,0
406655******6515,2015-05-28 17:56:47,77.0,No,0,0,2015-05-26 15:01:25,3055.366666666667,145.6,-0.47115384615384615,17,0
406655******6515,2015-05-28 18:00:47,77.0,No,0,1,2015-05-28 17:56:47,4.0,111.3,-0.30817610062893075,18,0
406655******6515,2015-05-30 13:31:23,88.0,No,0,0,2015-05-28 18:00:47,2610.6,99.86666666666667,-0.11882510013351144,13,0
406655******6519,2015-05-08 10:53:11,275.0,No,0,0,,-1.0,,0.0,10,0
406655******6553,2015-05-06 00:48:27,66.0,No,0,0,,-1.0,,0.0,0,1
406655******6676,2015-05-14 18:51:24,154.0,No,0,0,,-1.0,,0.0,18,0
406655******6725,2015-05-21 23:39:41,230.0,No,0,0,,-1.0,,0.0,23,1
406655******6733,2015-05-05 19:51:03,168.0,No,0,0,,-1.0,,0.0,19,0
406655******6738,2015-05-12 20:19:35,154.0,No,0,0,,-1.0,,0.0,20,0
406655******6842,2015-05-26 19:26:30,110.0,No,0,0,,-1.0,,0.0,19,0
406655******6885,2015-05-05 11:52:24,143.0,No,0,0,,-1.0,,0.0,11,0
406655******6939,2015-05-23 15:45:08,78.4,No,0,0,,-1.0,,0.0,15,0
406655******6996,2015-05-11 15:23:53,154.0,No,0,0,,-1.0,,0.0,15,0
406655******7028,2015-05-29 14:30:40,172.5,No,0,0,,-1.0,,0.0,14,0
406655******7038,2015-05-10 21:51:56,123.3,No,0,0,,-1.0,,0.0,21,0
406655******7042,2015-05-17 16:55:49,84.0,No,0,0,,-1.0,,0.0,16,0
406655******7109,2015-05-28 22:31:01,198.0,No,0,0,,-1.0,,0.0,22,0
406655******7309,2015-05-28 00:44:07,92.0,No,0,0,,-1.0,,0.0,0,1
406655******7371,2015-05-08 13:36:33,70.03,No,0,0,,-1.0,,0.0,13,0
406655******7378,2015-05-22 19:23:15,95.2,No,0,0,,-1.0,,0.0,19,0
406655******7388,2015-05-16 15:19:55,275.0,No,0,0,,-1.0,,0.0,15,0
406655******7393,2015-05-30 10:11:17,30.0,No,0,0,,-1.0,,0.0,10,0
406655******7437,2015-05-22 13:26:06,69.0,No,0,0,,-1.0,,0.0,13,0
406655******7465,2015-05-13 18:10:24,291.2,No,0,0,,-1.0,,0.0,18,0
406655******7496,2015-05-23 15:41:34,100.8,No,0,0,,-1.0,,0.0,15,0
406655******7520,2015-05-12 21:30:00,370.0,No,0,0,,-1.0,,0.0,21,0
406655******7520,2015-05-15 14:53:37,470.0,No,0,0,2015-05-12 21:30:00,3923.616666666667,370.0,0.2702702702702702,14,0
406655******7597,2015-05-18 16:41:40,100.8,No,0,0,,-1.0,,0.0,16,0
406655******7872,2015-05-11 13:14:28,104.5,No,0,0,,-1.0,,0.0,13,0
406655******7887,2015-05-07 16:18:27,46.0,No,0,0,,-1.0,,0.0,16,0
406655******7947,2015-05-12 12:37:17,55.0,No,0,0,,-1.0,,0.0,12,0
406655******7991,2015-05-11 12:15:11,89.6,No,0,0,,-1.0,,0.0,12,0
406655******8024,2015-05-25 19:48:12,20.0,No,0,0,,-1.0,,0.0,19,0
406655******8252,2015-05-14 07:56:57,308.0,No,0,0,,-1.0,,0.0,7,0
406655******8325,2015-05-14 08:40:54,156.8,No,0,0,,-1.0,,0.0,8,0
406655******8396,2015-05-29 17:37:16,88.0,No,0,0,,-1.0,,0.0,17,0
406655******8407,2015-05-03 16:46:31,104.5,No,0,0,,-1.0,,0.0,16,0
406655******8427,2015-05-08 15:59:26,132.0,No,0,0,,-1.0,,0.0,15,0
406655******8508,2015-05-27 21:18:25,88.0,No,0,0,,-1.0,,0.0,21,0
406655******8517,2015-05-16 19:23:02,112.0,No,0,0,,-1.0,,0.0,19,0
406655******8631,2015-05-13 12:25:51,198.0,No,0,0,,-1.0,,0.0,12,0
406655******8648,2015-05-14 19:14:03,16.5,No,0,0,,-1.0,,0.0,19,0
406655******8685,2015-05-07 12:04:46,67.2,No,0,0,,-1.0,,0.0,12,0
406655******8685,2015-05-07 19:04:44,99.0,No,0,1,2015-05-07 12:04:46,419.96666666666664,67.2,0.4732142857142856,19,0
406655******8725,2015-05-29 09:20:01,69.0,No,0,0,,-1.0,,0.0,9,0
406655******8725,2015-05-29 18:44:19,34.5,No,0,1,2015-05-29 09:20:01,564.3,69.0,-0.5,18,0
406655******8789,2015-05-15 13:05:17,115.5,No,0,0,,-1.0,,0.0,13,0
406655******8817,2015-05-07 16:18:28,143.0,No,0,0,,-1.0,,0.0,16,0
406655******8844,2015-05-29 09:28:27,124.2,No,0,0,,-1.0,,0.0,9,0
406655******8910,2015-05-07 12:42:50,99.0,No,0,0,,-1.0,,0.0,12,0
406655******8970,2015-05-24 16:56:56,15.0,No,0,0,,-1.0,,0.0,16,0
406655******8986,2015-05-19 18:09:50,89.6,No,0,0,,-1.0,,0.0,18,0
406655******8986,2015-05-19 18:35:07,145.6,No,0,1,2015-05-19 18:09:50,25.283333333333335,89.6,0.625,18,0
406655******8987,2015-05-07 08:57:32,121.0,No,0,0,,-1.0,,0.0,8,0
406655******8991,2015-05-12 11:03:12,462.0,No,0,0,,-1.0,,0.0,11,0
406655******9020,2015-05-07 17:35:35,138.0,Yes,1,0,,-1.0,,0.0,17,0
406655******9049,2015-05-17 09:24:31,64.19,No,0,0,,-1.0,,0.0,9,0
406655******9049,2015-05-20 13:57:17,57.5,No,0,0,2015-05-17 09:24:31,4592.766666666666,64.19,-0.10422184140831903,13,0
406655******9060,2015-05-20 11:05:41,89.6,No,0,0,,-1.0,,0.0,11,0
406655******9081,2015-05-15 18:19:15,308.0,No,0,0,,-1.0,,0.0,18,0
406655******9096,2015-05-07 10:35:28,201.6,Yes,1,0,,-1.0,,0.0,10,0
406655******9110,2015-05-16 19:01:41,210.0,No,0,0,,-1.0,,0.0,19,0
406655******9110,2015-05-28 21:21:32,53.29,No,0,0,2015-05-16 19:01:41,17419.85,210.0,-0.7462380952380953,21,0
406655******9129,2015-05-06 16:56:51,276.0,No,0,0,,-1.0,,0.0,16,0
406655******9231,2015-05-13 01:06:10,44.8,No,0,0,,-1.0,,0.0,1,1
406655******9231,2015-05-13 01:19:31,112.0,No,0,1,2015-05-13 01:06:10,13.35,44.8,1.5,1,1
406655******9231,2015-05-13 01:44:56,78.4,No,0,2,2015-05-13 01:19:31,25.416666666666668,78.4,0.0,1,1
406655******9281,2015-05-16 21:37:01,16.5,No,0,0,,-1.0,,0.0,21,0
406655******9320,2015-05-06 14:43:59,103.5,No,0,0,,-1.0,,0.0,14,0
406655******9321,2015-05-28 18:25:29,5.0,No,0,0,,-1.0,,0.0,18,0
406655******9357,2015-05-24 22:34:46,15.0,No,0,0,,-1.0,,0.0,22,0
406655******9438,2015-05-29 20:23:17,35.0,No,0,0,,-1.0,,0.0,20,0
406655******9445,2015-05-18 09:09:07,134.4,No,0,0,,-1.0,,0.0,9,0
406655******9512,2015-05-02 21:14:17,123.3,No,0,0,,-1.0,,0.0,21,0
406655******9581,2015-05-25 17:57:30,75.6,No,0,0,,-1.0,,0.0,17,0
406655******9588,2015-05-06 23:42:04,209.0,No,0,0,,-1.0,,0.0,23,1
406655******9588,2015-05-09 22:57:58,132.0,No,0,0,2015-05-06 23:42:04,4275.9,209.0,-0.368421052631579,22,0
406655******9696,2015-05-18 19:36:35,201.6,No,0,0,,-1.0,,0.0,19,0
406655******9708,2015-05-12 14:46:23,78.4,No,0,0,,-1.0,,0.0,14,0
406655******9762,2015-05-10 17:22:35,143.0,No,0,0,,-1.0,,0.0,17,0
406655******9762,2015-05-15 15:55:34,154.0,No,0,0,2015-05-10 17:22:35,7112.983333333334,143.0,0.07692307692307687,15,0
406655******9763,2015-05-08 21:37:47,90.4,No,0,0,,-1.0,,0.0,21,0
406655******9907,2015-05-15 19:20:27,57.5,No,0,0,,-1.0,,0.0,19,0
406655******9907,2015-05-20 09:51:54,92.0,No,0,0,2015-05-15 19:20:27,6631.45,57.5,0.6000000000000001,9,0
406669******0015,2015-05-15 20:29:31,99.0,No,0,0,,-1.0,,0.0,20,0
406669******0093,2015-05-19 15:57:41,89.6,No,0,0,,-1.0,,0.0,15,0
406669******0118,2015-05-06 10:18:35,99.0,No,0,0,,-1.0,,0.0,10,0
406669******0143,2015-05-19 11:04:26,57.5,No,0,0,,-1.0,,0.0,11,0
406669******0199,2015-05-19 12:56:39,5.0,No,0,0,,-1.0,,0.0,12,0
406669******0279,2015-05-05 19:18:01,88.0,No,0,0,,-1.0,,0.0,19,0
406669******0284,2015-05-14 19:36:23,156.8,No,0,0,,-1.0,,0.0,19,0
406669******0344,2015-05-11 15:16:14,235.2,No,0,0,,-1.0,,0.0,15,0
406669******0387,2015-05-15 11:29:16,89.6,No,0,0,,-1.0,,0.0,11,0
406669******0443,2015-05-11 17:40:26,715.0,No,0,0,,-1.0,,0.0,17,0
406669******0452,2015-05-10 21:20:04,77.0,No,0,0,,-1.0,,0.0,21,0
406669******0461,2015-05-25 15:47:55,241.5,No,0,0,,-1.0,,0.0,15,0
406669******0468,2015-05-29 21:22:54,352.0,No,0,0,,-1.0,,0.0,21,0
406669******0470,2015-05-12 18:43:02,156.8,No,0,0,,-1.0,,0.0,18,0
406669******0509,2015-05-29 16:36:16,132.0,No,0,0,,-1.0,,0.0,16,0
406669******0559,2015-05-15 18:38:07,93.15,No,0,0,,-1.0,,0.0,18,0
406669******0574,2015-05-05 11:06:14,110.0,No,0,0,,-1.0,,0.0,11,0
406669******0574,2015-05-10 16:45:20,89.6,No,0,0,2015-05-05 11:06:14,7539.1,110.0,-0.18545454545454554,16,0
406669******0574,2015-05-11 15:18:48,90.4,No,0,1,2015-05-10 16:45:20,1353.4666666666667,99.8,-0.09418837675350689,15,0
406669******0583,2015-05-15 23:17:20,396.0,No,0,0,,-1.0,,0.0,23,1
406669******0611,2015-05-14 12:50:51,308.0,No,0,0,,-1.0,,0.0,12,0
406669******0612,2015-05-04 22:11:07,143.0,No,0,0,,-1.0,,0.0,22,0
406669******0666,2015-05-28 15:33:33,275.0,No,0,0,,-1.0,,0.0,15,0
406669******0687,2015-05-28 15:05:31,20.0,No,0,0,,-1.0,,0.0,15,0
406669******0724,2015-05-12 14:50:35,154.0,No,0,0,,-1.0,,0.0,14,0
406669******0724,2015-05-28 23:32:21,297.0,No,0,0,2015-05-12 14:50:35,23561.766666666666,154.0,0.9285714285714286,23,1
406669******0751,2015-05-14 17:52:59,73.34,No,0,0,,-1.0,,0.0,17,0
406669******0765,2015-05-30 11:34:24,280.0,No,0,0,,-1.0,,0.0,11,0
406669******0765,2015-05-30 11:39:12,280.0,No,0,1,2015-05-30 11:34:24,4.8,280.0,0.0,11,0
406669******0775,2015-05-10 12:19:01,143.0,No,0,0,,-1.0,,0.0,12,0
406669******0781,2015-05-28 10:26:01,360.0,No,0,0,,-1.0,,0.0,10,0
406669******0784,2015-05-15 15:49:00,462.0,No,0,0,,-1.0,,0.0,15,0
406669******0841,2015-05-27 23:52:46,88.0,No,0,0,,-1.0,,0.0,23,1
406669******0845,2015-05-24 22:30:02,57.5,No,0,0,,-1.0,,0.0,22,0
406669******0853,2015-05-15 10:01:01,308.0,No,0,0,,-1.0,,0.0,10,0
406669******0853,2015-05-15 10:04:42,308.0,No,0,1,2015-05-15 10:01:01,3.683333333333333,308.0,0.0,10,0
406669******0871,2015-05-11 06:02:31,209.0,No,0,0,,-1.0,,0.0,6,0
406669******0905,2015-05-28 19:11:51,88.0,No,0,0,,-1.0,,0.0,19,0
406669******0908,2015-05-14 22:08:35,154.0,No,0,0,,-1.0,,0.0,22,0
406669******0973,2015-05-15 14:00:50,99.0,No,0,0,,-1.0,,0.0,14,0
406669******0986,2015-05-28 10:37:27,20.0,No,0,0,,-1.0,,0.0,10,0
406669******0987,2015-05-09 15:05:47,156.8,No,0,0,,-1.0,,0.0,15,0
406669******0987,2015-05-09 15:18:31,156.8,No,0,1,2015-05-09 15:05:47,12.733333333333333,156.8,0.0,15,0
406669******1052,2015-05-12 18:07:19,154.0,No,0,0,,-1.0,,0.0,18,0
406669******1062,2015-05-06 09:14:45,66.0,No,0,0,,-1.0,,0.0,9,0
406669******1067,2015-05-11 20:53:48,78.4,No,0,0,,-1.0,,0.0,20,0
406669******1125,2015-05-18 07:39:24,100.8,No,0,0,,-1.0,,0.0,7,0
406669******1191,2015-05-08 10:52:27,672.0,No,0,0,,-1.0,,0.0,10,0
406669******1191,2015-05-08 11:12:37,336.0,No,0,1,2015-05-08 10:52:27,20.166666666666668,672.0,-0.5,11,0
406669******1191,2015-05-08 11:32:42,336.0,No,0,2,2015-05-08 11:12:37,20.083333333333332,504.0,-0.33333333333333337,11,0
406669******1200,2015-05-29 18:24:46,253.0,No,0,0,,-1.0,,0.0,18,0
406669******1262,2015-05-25 20:40:03,336.0,No,0,0,,-1.0,,0.0,20,0
406669******1381,2015-05-11 15:23:11,154.0,No,0,0,,-1.0,,0.0,15,0
406669******1392,2015-05-14 23:44:00,154.0,No,0,0,,-1.0,,0.0,23,1
406669******1407,2015-05-09 19:11:26,34.5,No,0,0,,-1.0,,0.0,19,0
406669******1455,2015-05-12 08:23:15,156.8,No,0,0,,-1.0,,0.0,8,0
406669******1492,2015-05-04 13:19:01,78.96,No,0,0,,-1.0,,0.0,13,0
406669******1523,2015-05-19 11:06:51,25.0,No,0,0,,-1.0,,0.0,11,0
406669******1527,2015-05-19 19:56:55,84.0,No,0,0,,-1.0,,0.0,19,0
406669******1567,2015-05-13 11:28:05,77.0,No,0,0,,-1.0,,0.0,11,0
406669******1569,2015-05-25 12:06:41,134.4,No,0,0,,-1.0,,0.0,12,0
406669******1657,2015-05-25 10:39:08,630.0,No,0,0,,-1.0,,0.0,10,0
406669******1663,2015-05-11 14:36:57,78.4,No,0,0,,-1.0,,0.0,14,0
406669******1665,2015-05-08 12:29:15,201.6,No,0,0,,-1.0,,0.0,12,0
406669******1686,2015-05-10 21:21:06,77.0,No,0,0,,-1.0,,0.0,21,0
406669******1719,2015-05-13 21:41:27,154.0,No,0,0,,-1.0,,0.0,21,0
406669******1826,2015-05-30 14:26:21,88.0,No,0,0,,-1.0,,0.0,14,0
406669******1905,2015-05-30 13:59:11,176.0,No,0,0,,-1.0,,0.0,13,0
406669******1953,2015-05-28 10:18:19,67.2,No,0,0,,-1.0,,0.0,10,0
406669******2122,2015-05-11 15:24:18,224.0,No,0,0,,-1.0,,0.0,15,0
406669******2134,2015-05-03 23:39:31,92.0,No,0,0,,-1.0,,0.0,23,1
406669******2156,2015-05-11 16:14:14,154.0,No,0,0,,-1.0,,0.0,16,0
406669******2190,2015-05-24 11:25:06,10.0,No,0,0,,-1.0,,0.0,11,0
406669******2192,2015-05-04 21:53:58,168.0,No,0,0,,-1.0,,0.0,21,0
406669******2235,2015-05-14 18:29:09,154.0,No,0,0,,-1.0,,0.0,18,0
406669******2269,2015-05-21 18:33:47,363.0,No,0,0,,-1.0,,0.0,18,0
406669******2287,2015-05-19 11:41:04,69.0,No,0,0,,-1.0,,0.0,11,0
406669******2297,2015-05-13 11:54:54,55.0,No,0,0,,-1.0,,0.0,11,0
406669******2320,2015-05-22 22:37:29,168.0,No,0,0,,-1.0,,0.0,22,0
406669******2490,2015-05-15 15:34:58,154.0,No,0,0,,-1.0,,0.0,15,0
406669******2509,2015-05-08 11:15:42,121.0,No,0,0,,-1.0,,0.0,11,0
406669******2565,2015-05-09 23:45:11,104.5,No,0,0,,-1.0,,0.0,23,1
406669******2625,2015-05-20 03:49:09,10.0,No,0,0,,-1.0,,0.0,3,1
406669******2711,2015-05-15 12:42:08,100.8,No,0,0,,-1.0,,0.0,12,0
406669******2719,2015-05-15 14:57:14,184.0,No,0,0,,-1.0,,0.0,14,0
406669******2733,2015-05-12 15:15:24,242.0,No,0,0,,-1.0,,0.0,15,0
406669******2854,2015-05-06 15:53:00,672.0,No,0,0,,-1.0,,0.0,15,0
406669******2884,2015-05-06 13:51:06,138.0,No,0,0,,-1.0,,0.0,13,0
406669******2893,2015-05-30 10:45:38,10.0,No,0,0,,-1.0,,0.0,10,0
406669******3014,2015-05-07 11:21:24,115.0,No,0,0,,-1.0,,0.0,11,0
406669******3035,2015-05-12 10:54:14,132.25,No,0,0,,-1.0,,0.0,10,0
406669******3035,2015-05-12 10:55:23,132.25,No,0,1,2015-05-12 10:54:14,1.15,132.25,0.0,10,0
406669******3095,2015-05-26 14:19:30,112.0,No,0,0,,-1.0,,0.0,14,0
406669******3126,2015-05-15 14:36:22,154.0,No,0,0,,-1.0,,0.0,14,0
406669******3158,2015-05-29 14:14:41,121.0,No,0,0,,-1.0,,0.0,14,0
406669******3192,2015-05-11 17:02:28,78.4,No,0,0,,-1.0,,0.0,17,0
406669******3307,2015-05-06 23:32:26,220.0,No,0,0,,-1.0,,0.0,23,1
406669******3387,2015-05-04 23:39:08,104.5,No,0,0,,-1.0,,0.0,23,1
406669******3427,2015-05-29 23:33:14,198.0,No,0,0,,-1.0,,0.0,23,1
406669******3507,2015-05-17 17:57:27,201.6,No,0,0,,-1.0,,0.0,17,0
406669******3507,2015-05-29 19:19:28,67.2,No,0,0,2015-05-17 17:57:27,17362.016666666666,201.6,-0.6666666666666666,19,0
406669******3511,2015-05-04 16:50:22,168.0,No,0,0,,-1.0,,0.0,16,0
406669******3557,2015-05-22 16:27:32,220.0,No,0,0,,-1.0,,0.0,16,0
406669******3631,2015-05-15 16:04:46,154.0,No,0,0,,-1.0,,0.0,16,0
406669******3655,2015-05-26 13:38:40,134.4,No,0,0,,-1.0,,0.0,13,0
406669******3655,2015-05-29 22:32:26,345.0,No,0,0,2015-05-26 13:38:40,4853.766666666666,134.4,1.5669642857142856,22,0
406669******3655,2015-05-29 22:33:28,345.0,No,0,1,2015-05-29 22:32:26,1.0333333333333334,239.7,0.43929912390488113,22,0
406669******3660,2015-05-15 15:38:58,462.0,No,0,0,,-1.0,,0.0,15,0
406669******3700,2015-05-25 18:02:23,224.0,No,0,0,,-1.0,,0.0,18,0
406669******3808,2015-05-16 13:04:09,46.0,No,0,0,,-1.0,,0.0,13,0
406669******3808,2015-05-16 17:03:49,92.0,No,0,1,2015-05-16 13:04:09,239.66666666666666,46.0,1.0,17,0
406669******3808,2015-05-16 17:09:54,92.0,No,0,2,2015-05-16 17:03:49,6.083333333333333,69.0,0.33333333333333326,17,0
406669******3808,2015-05-16 17:44:35,46.0,No,0,3,2015-05-16 17:09:54,34.68333333333333,76.66666666666667,-0.4,17,0
406669******3808,2015-05-16 17:51:55,46.0,No,0,4,2015-05-16 17:44:35,7.333333333333333,69.0,-0.33333333333333337,17,0
406669******3827,2015-05-19 22:00:55,121.0,No,0,0,,-1.0,,0.0,22,0
406669******3841,2015-05-22 11:21:43,10.0,No,0,0,,-1.0,,0.0,11,0
406669******3872,2015-05-17 21:57:50,69.0,No,0,0,,-1.0,,0.0,21,0
406669******3896,2015-05-12 15:23:05,89.6,No,0,0,,-1.0,,0.0,15,0
406669******3918,2015-05-15 11:52:47,67.2,No,0,0,,-1.0,,0.0,11,0
406669******3918,2015-05-22 19:37:05,132.0,No,0,0,2015-05-15 11:52:47,10544.3,67.2,0.9642857142857142,19,0
406669******3969,2015-05-04 19:20:49,209.0,No,0,0,,-1.0,,0.0,19,0
406669******3972,2015-05-05 12:32:16,336.0,No,0,0,,-1.0,,0.0,12,0
406669******3972,2015-05-09 19:56:58,112.0,No,0,0,2015-05-05 12:32:16,6204.7,336.0,-0.6666666666666667,19,0
406669******3972,2015-05-19 12:37:36,89.6,No,0,0,2015-05-09 19:56:58,13960.633333333333,224.0,-0.6000000000000001,12,0
406669******3975,2015-05-14 15:24:15,308.0,No,0,0,,-1.0,,0.0,15,0
406669******3975,2015-05-20 21:08:30,336.0,No,0,0,2015-05-14 15:24:15,8984.25,308.0,0.09090909090909083,21,0
406669******3977,2015-05-06 17:18:42,103.5,No,0,0,,-1.0,,0.0,17,0
406669******4003,2015-05-07 15:30:57,286.0,No,0,0,,-1.0,,0.0,15,0
406669******4006,2015-05-11 12:11:14,78.4,No,0,0,,-1.0,,0.0,12,0
406669******4006,2015-05-12 17:45:08,55.0,No,0,0,2015-05-11 12:11:14,1773.9,78.4,-0.2984693877551021,17,0
406669******4030,2015-05-29 19:44:35,172.5,No,0,0,,-1.0,,0.0,19,0
406669******4088,2015-05-12 19:25:14,154.0,No,0,0,,-1.0,,0.0,19,0
406669******4147,2015-05-29 21:51:32,172.5,No,0,0,,-1.0,,0.0,21,0
406669******4150,2015-05-27 22:20:42,560.0,No,0,0,,-1.0,,0.0,22,0
406669******4293,2015-05-22 19:10:41,112.0,No,0,0,,-1.0,,0.0,19,0
406669******4339,2015-05-03 22:22:13,115.0,No,0,0,,-1.0,,0.0,22,0
406669******4383,2015-05-23 12:15:47,30.0,No,0,0,,-1.0,,0.0,12,0
406669******4401,2015-05-08 00:23:22,46.0,No,0,0,,-1.0,,0.0,0,1
406669******4401,2015-05-14 18:14:31,78.4,No,0,0,2015-05-08 00:23:22,9711.15,46.0,0.7043478260869567,18,0
406669******4414,2015-05-13 19:36:51,345.5,No,0,0,,-1.0,,0.0,19,0
406669******4428,2015-05-08 00:24:30,67.2,No,0,0,,-1.0,,0.0,0,1
406669******4444,2015-05-13 23:08:56,154.0,No,0,0,,-1.0,,0.0,23,1
406669******4464,2015-05-05 14:11:37,352.0,No,0,0,,-1.0,,0.0,14,0
406669******4464,2015-05-10 19:35:57,145.6,No,0,0,2015-05-05 14:11:37,7524.333333333333,352.0,-0.5863636363636364,19,0
406669******4465,2015-05-08 14:25:39,104.5,No,0,0,,-1.0,,0.0,14,0
406669******4465,2015-05-08 17:37:22,121.0,No,0,1,2015-05-08 14:25:39,191.71666666666667,104.5,0.1578947368421053,17,0
406669******4465,2015-05-27 20:47:42,132.0,No,0,0,2015-05-08 17:37:22,27550.333333333332,112.75,0.1707317073170731,20,0
406669******4477,2015-05-11 15:11:32,44.8,No,0,0,,-1.0,,0.0,15,0
406669******4477,2015-05-11 20:53:19,78.4,No,0,1,2015-05-11 15:11:32,341.78333333333336,44.8,0.7500000000000002,20,0
406669******4491,2015-05-03 23:31:25,143.0,No,0,0,,-1.0,,0.0,23,1
406669******4573,2015-05-15 17:27:56,77.0,No,0,0,,-1.0,,0.0,17,0
406669******4602,2015-05-08 17:49:51,92.0,No,0,0,,-1.0,,0.0,17,0
406669******4603,2015-05-13 09:28:49,77.0,No,0,0,,-1.0,,0.0,9,0
406669******4651,2015-05-28 10:07:01,30.0,No,0,0,,-1.0,,0.0,10,0
406669******4681,2015-05-14 11:51:01,154.0,No,0,0,,-1.0,,0.0,11,0
406669******4756,2015-05-25 11:20:31,830.0,No,0,0,,-1.0,,0.0,11,0
406669******4768,2015-05-15 21:49:00,264.0,No,0,0,,-1.0,,0.0,21,0
406669******4852,2015-05-13 22:33:36,308.0,No,0,0,,-1.0,,0.0,22,0
406669******4883,2015-05-14 17:55:03,224.0,No,0,0,,-1.0,,0.0,17,0
406669******4886,2015-05-08 17:45:57,143.0,No,0,0,,-1.0,,0.0,17,0
406669******4886,2015-05-29 13:07:29,132.0,No,0,0,2015-05-08 17:45:57,29961.533333333333,143.0,-0.07692307692307687,13,0
406669******4891,2015-05-05 15:04:35,268.8,No,0,0,,-1.0,,0.0,15,0
406669******4945,2015-05-15 22:31:16,198.0,No,0,0,,-1.0,,0.0,22,0
406669******5005,2015-05-24 12:40:28,20.0,No,0,0,,-1.0,,0.0,12,0
406669******5005,2015-05-24 13:03:09,5.0,No,0,1,2015-05-24 12:40:28,22.683333333333334,20.0,-0.75,13,0
406669******5022,2015-05-08 15:37:15,88.0,No,0,0,,-1.0,,0.0,15,0
406669******5056,2015-05-12 19:10:13,246.6,No,0,0,,-1.0,,0.0,19,0
406669******5070,2015-05-17 21:23:51,224.0,No,0,0,,-1.0,,0.0,21,0
406669******5175,2015-05-06 10:18:20,110.0,No,0,0,,-1.0,,0.0,10,0
406669******5197,2015-05-13 10:11:15,313.5,No,0,0,,-1.0,,0.0,10,0
406669******5345,2015-05-16 01:35:28,168.0,No,0,0,,-1.0,,0.0,1,1
406669******5378,2015-05-13 12:25:10,78.4,No,0,0,,-1.0,,0.0,12,0
406669******5398,2015-05-05 16:51:27,257.6,No,0,0,,-1.0,,0.0,16,0
406669******5398,2015-05-15 21:03:57,145.6,No,0,0,2015-05-05 16:51:27,14652.5,257.6,-0.4347826086956522,21,0
406669******5398,2015-05-25 23:27:50,134.4,No,0,0,2015-05-15 21:03:57,14543.883333333333,201.60000000000002,-0.33333333333333337,23,1
406669******5498,2015-05-03 23:55:31,143.0,No,0,0,,-1.0,,0.0,23,1
406669******5513,2015-05-25 18:41:37,112.0,No,0,0,,-1.0,,0.0,18,0
406669******5513,2015-05-29 09:24:12,123.2,No,0,0,2015-05-25 18:41:37,5202.583333333333,112.0,0.10000000000000009,9,0
406669******5612,2015-05-18 08:43:37,313.6,No,0,0,,-1.0,,0.0,8,0
406669******5612,2015-05-26 09:57:12,80.5,No,0,0,2015-05-18 08:43:37,11593.583333333334,313.6,-0.7433035714285714,9,0
406669******5612,2015-05-29 09:13:47,345.0,No,0,0,2015-05-26 09:57:12,4276.583333333333,197.05,0.750824663790916,9,0
406669******5614,2015-05-03 22:48:15,132.0,No,0,0,,-1.0,,0.0,22,0
406669******5617,2015-05-13 15:55:11,176.0,No,0,0,,-1.0,,0.0,15,0
406669******5617,2015-05-15 23:41:46,132.0,No,0,0,2015-05-13 15:55:11,3346.5833333333335,176.0,-0.25,23,1
406669******5626,2015-05-11 18:39:55,78.4,No,0,0,,-1.0,,0.0,18,0
406669******5651,2015-05-08 20:03:37,104.5,No,0,0,,-1.0,,0.0,20,0
406669******5658,2015-05-09 13:39:24,143.0,No,0,0,,-1.0,,0.0,13,0
406669******5667,2015-05-24 14:52:06,80.5,No,0,0,,-1.0,,0.0,14,0
406669******5667,2015-05-28 17:08:02,77.0,No,0,0,2015-05-24 14:52:06,5895.933333333333,80.5,-0.04347826086956519,17,0
406669******5667,2015-05-28 17:18:13,77.0,No,0,1,2015-05-28 17:08:02,10.183333333333334,78.75,-0.022222222222222254,17,0
406669******5700,2015-05-04 21:56:20,145.6,No,0,0,,-1.0,,0.0,21,0
406669******5700,2015-05-04 21:57:37,145.6,No,0,1,2015-05-04 21:56:20,1.2833333333333334,145.6,0.0,21,0
406669******5700,2015-05-11 14:41:58,156.8,No,0,0,2015-05-04 21:57:37,9644.35,145.6,0.0769230769230771,14,0
406669******5708,2015-05-06 12:49:11,138.0,No,0,0,,-1.0,,0.0,12,0
406669******5708,2015-05-12 00:19:52,154.0,No,0,0,2015-05-06 12:49:11,7890.683333333333,138.0,0.11594202898550732,0,1
406669******5818,2015-05-20 20:35:55,280.0,No,0,0,,-1.0,,0.0,20,0
406669******5949,2015-05-05 20:40:26,115.0,No,0,0,,-1.0,,0.0,20,0
406669******5973,2015-05-24 19:53:25,112.0,No,0,0,,-1.0,,0.0,19,0
406669******5978,2015-05-29 18:29:56,121.0,No,0,0,,-1.0,,0.0,18,0
406669******6163,2015-05-27 17:54:41,88.0,No,0,0,,-1.0,,0.0,17,0
406669******6213,2015-05-11 19:18:59,201.25,No,0,0,,-1.0,,0.0,19,0
406669******6215,2015-05-20 20:06:11,20.0,No,0,0,,-1.0,,0.0,20,0
406669******6296,2015-05-14 11:23:25,156.8,No,0,0,,-1.0,,0.0,11,0
406669******6334,2015-05-29 14:13:43,121.0,No,0,0,,-1.0,,0.0,14,0
406669******6483,2015-05-13 16:21:25,154.0,No,0,0,,-1.0,,0.0,16,0
406669******6514,2015-05-29 18:47:56,132.0,No,0,0,,-1.0,,0.0,18,0
406669******6526,2015-05-14 11:10:48,268.8,No,0,0,,-1.0,,0.0,11,0
406669******6532,2015-05-11 22:45:10,308.0,No,0,0,,-1.0,,0.0,22,0
406669******6588,2015-05-28 11:33:17,180.0,No,0,0,,-1.0,,0.0,11,0
406669******6749,2015-05-14 13:05:39,154.0,No,0,0,,-1.0,,0.0,13,0
406669******6793,2015-05-20 09:29:32,66.0,No,0,0,,-1.0,,0.0,9,0
406669******6832,2015-05-12 18:34:29,308.0,No,0,0,,-1.0,,0.0,18,0
406669******6895,2015-05-13 18:53:26,78.4,No,0,0,,-1.0,,0.0,18,0
406669******6895,2015-05-15 14:14:29,77.0,No,0,0,2015-05-13 18:53:26,2601.05,78.4,-0.017857142857142905,14,0
406669******6965,2015-05-23 15:17:54,224.0,No,0,0,,-1.0,,0.0,15,0
406669******7005,2015-05-12 10:18:31,78.4,No,0,0,,-1.0,,0.0,10,0
406669******7009,2015-05-26 12:12:28,15.0,No,0,0,,-1.0,,0.0,12,0
406669******7019,2015-05-09 19:28:45,69.0,No,0,0,,-1.0,,0.0,19,0
406669******7019,2015-05-14 19:40:41,156.8,No,0,0,2015-05-09 19:28:45,7211.933333333333,69.0,1.272463768115942,19,0
406669******7027,2015-05-14 12:34:54,89.6,No,0,0,,-1.0,,0.0,12,0
406669******7045,2015-05-04 18:49:09,257.6,No,0,0,,-1.0,,0.0,18,0
406669******7059,2015-05-15 11:07:18,145.6,No,0,0,,-1.0,,0.0,11,0
406669******7065,2015-05-10 22:20:43,45.2,No,0,0,,-1.0,,0.0,22,0
406669******7065,2015-05-11 19:07:41,89.6,No,0,1,2015-05-10 22:20:43,1246.9666666666667,45.2,0.982300884955752,19,0
406669******7065,2015-05-11 20:16:57,89.6,No,0,2,2015-05-11 19:07:41,69.26666666666667,67.4,0.32937685459940624,20,0
406669******7065,2015-05-11 20:18:13,45.2,No,0,3,2015-05-11 20:16:57,1.2666666666666666,74.8,-0.39572192513368976,20,0
406669******7065,2015-05-28 17:11:48,154.0,No,0,0,2015-05-11 20:18:13,24293.583333333332,67.4,1.2848664688427296,17,0
406669******7113,2015-05-07 12:00:12,104.5,No,0,0,,-1.0,,0.0,12,0
406669******7125,2015-05-14 16:07:27,99.0,No,0,0,,-1.0,,0.0,16,0
406669******7156,2015-05-06 11:55:32,253.0,No,0,0,,-1.0,,0.0,11,0
406669******7157,2015-05-13 08:44:54,77.0,No,0,0,,-1.0,,0.0,8,0
406669******7176,2015-05-21 09:52:30,483.0,Yes,1,0,,-1.0,,0.0,9,0
406669******7176,2015-05-21 10:54:27,483.0,Yes,1,1,2015-05-21 09:52:30,61.95,483.0,0.0,10,0
406669******7184,2015-05-25 12:23:16,103.5,No,0,0,,-1.0,,0.0,12,0
406669******7229,2015-05-29 15:40:34,46.0,No,0,0,,-1.0,,0.0,15,0
406669******7241,2015-05-13 10:17:39,880.0,No,0,0,,-1.0,,0.0,10,0
406669******7241,2015-05-14 14:43:08,880.0,No,0,0,2015-05-13 10:17:39,1705.4833333333333,880.0,0.0,14,0
406669******7264,2015-05-11 13:34:30,44.8,No,0,0,,-1.0,,0.0,13,0
406669******7274,2015-05-07 16:40:55,34.5,No,0,0,,-1.0,,0.0,16,0
406669******7274,2015-05-11 14:50:31,44.8,No,0,0,2015-05-07 16:40:55,5649.6,34.5,0.29855072463768106,14,0
406669******7350,2015-05-06 00:27:14,143.0,No,0,0,,-1.0,,0.0,0,1
406669******7427,2015-05-11 11:04:32,224.0,No,0,0,,-1.0,,0.0,11,0
406669******7508,2015-05-06 13:04:55,257.6,No,0,0,,-1.0,,0.0,13,0
406669******7522,2015-05-15 18:04:55,77.0,No,0,0,,-1.0,,0.0,18,0
406669******7586,2015-05-11 22:13:21,104.5,No,0,0,,-1.0,,0.0,22,0
406669******7604,2015-05-08 09:52:21,201.6,No,0,0,,-1.0,,0.0,9,0
406669******7605,2015-05-27 21:01:11,132.0,No,0,0,,-1.0,,0.0,21,0
406669******7624,2015-05-11 21:59:31,89.6,No,0,0,,-1.0,,0.0,21,0
406669******7642,2015-05-26 20:15:49,49.5,No,0,0,,-1.0,,0.0,20,0
406669******7648,2015-05-16 19:51:58,440.0,No,0,0,,-1.0,,0.0,19,0
406669******7655,2015-05-13 23:43:54,46.0,No,0,0,,-1.0,,0.0,23,1
406669******7734,2015-05-12 08:11:48,275.0,No,0,0,,-1.0,,0.0,8,0
406669******7837,2015-05-04 09:57:03,143.0,No,0,0,,-1.0,,0.0,9,0
406669******7874,2015-05-28 18:34:22,88.0,No,0,0,,-1.0,,0.0,18,0
406669******7951,2015-05-22 14:46:17,69.0,No,0,0,,-1.0,,0.0,14,0
406669******7953,2015-05-11 14:47:22,154.0,No,0,0,,-1.0,,0.0,14,0
406669******7978,2015-05-25 11:09:41,89.6,No,0,0,,-1.0,,0.0,11,0
406669******8037,2015-05-19 10:38:29,20.0,No,0,0,,-1.0,,0.0,10,0
406669******8037,2015-05-28 08:25:44,560.0,No,0,0,2015-05-19 10:38:29,12827.25,20.0,27.0,8,0
406669******8104,2015-05-27 20:55:46,88.0,No,0,0,,-1.0,,0.0,20,0
406669******8127,2015-05-08 17:43:17,66.0,No,0,0,,-1.0,,0.0,17,0
406669******8146,2015-05-06 21:21:32,69.0,No,0,0,,-1.0,,0.0,21,0
406669******8158,2015-05-12 08:01:42,78.4,No,0,0,,-1.0,,0.0,8,0
406669******8194,2015-05-14 23:19:57,308.0,No,0,0,,-1.0,,0.0,23,1
406669******8344,2015-05-07 16:19:50,201.6,No,0,0,,-1.0,,0.0,16,0
406669******8357,2015-05-20 22:59:58,20.0,No,0,0,,-1.0,,0.0,22,0
406669******8514,2015-05-11 12:38:26,154.0,No,0,0,,-1.0,,0.0,12,0
406669******8514,2015-05-22 19:16:59,330.0,No,0,0,2015-05-11 12:38:26,16238.55,154.0,1.1428571428571428,19,0
406669******8561,2015-05-05 21:56:59,425.6,No,0,0,,-1.0,,0.0,21,0
406669******8578,2015-05-10 23:07:12,148.5,No,0,0,,-1.0,,0.0,23,1
406669******8662,2015-05-15 09:57:19,88.0,No,0,0,,-1.0,,0.0,9,0
406669******8680,2015-05-14 11:21:50,154.0,No,0,0,,-1.0,,0.0,11,0
406669******8680,2015-05-14 13:09:21,154.0,No,0,1,2015-05-14 11:21:50,107.51666666666667,154.0,0.0,13,0
406669******8687,2015-05-14 19:00:23,275.0,No,0,0,,-1.0,,0.0,19,0
406669******8703,2015-05-14 13:11:18,99.0,No,0,0,,-1.0,,0.0,13,0
406669******8741,2015-05-15 16:51:04,77.0,No,0,0,,-1.0,,0.0,16,0
406669******8741,2015-05-16 01:18:01,99.0,No,0,1,2015-05-15 16:51:04,506.95,77.0,0.2857142857142858,1,1
406669******8773,2015-05-22 14:32:21,132.0,No,0,0,,-1.0,,0.0,14,0
406669******8784,2015-05-06 16:45:11,207.0,No,0,0,,-1.0,,0.0,16,0
406669******8792,2015-05-06 00:08:07,99.0,No,0,0,,-1.0,,0.0,0,1
406669******8792,2015-05-06 21:09:03,121.0,No,0,1,2015-05-06 00:08:07,1260.9333333333334,99.0,0.22222222222222232,21,0
406669******8820,2015-05-10 23:00:12,123.3,No,0,0,,-1.0,,0.0,23,1
406669******8859,2015-05-15 18:54:26,154.0,No,0,0,,-1.0,,0.0,18,0
406669******8919,2015-05-12 13:55:26,77.0,No,0,0,,-1.0,,0.0,13,0
406669******8921,2015-05-08 21:54:56,672.0,No,0,0,,-1.0,,0.0,21,0
406669******8921,2015-05-15 23:38:30,231.0,No,0,0,2015-05-08 21:54:56,10183.566666666668,672.0,-0.65625,23,1
406669******9048,2015-05-06 11:12:38,138.0,No,0,0,,-1.0,,0.0,11,0
406669******9062,2015-05-17 20:32:33,89.6,No,0,0,,-1.0,,0.0,20,0
406669******9081,2015-05-11 14:54:28,156.8,No,0,0,,-1.0,,0.0,14,0
406669******9081,2015-05-11 19:49:25,78.4,No,0,1,2015-05-11 14:54:28,294.95,156.8,-0.5,19,0
406669******9118,2015-05-05 12:20:14,319.0,No,0,0,,-1.0,,0.0,12,0
406669******9273,2015-05-11 12:26:55,78.4,No,0,0,,-1.0,,0.0,12,0
406669******9326,2015-05-09 13:41:49,134.4,No,0,0,,-1.0,,0.0,13,0
406669******9381,2015-05-06 20:26:41,201.6,No,0,0,,-1.0,,0.0,20,0
406669******9400,2015-05-14 20:17:45,77.0,No,0,0,,-1.0,,0.0,20,0
406669******9452,2015-05-21 09:55:58,20.0,No,0,0,,-1.0,,0.0,9,0
406669******9460,2015-05-16 10:14:01,440.0,No,0,0,,-1.0,,0.0,10,0
406669******9475,2015-05-21 08:10:08,89.6,No,0,0,,-1.0,,0.0,8,0
406669******9479,2015-05-07 01:26:10,35.01,No,0,0,,-1.0,,0.0,1,1
406669******9481,2015-05-12 15:03:39,104.5,No,0,0,,-1.0,,0.0,15,0
406669******9481,2015-05-28 19:11:17,100.8,No,0,0,2015-05-12 15:03:39,23287.633333333335,104.5,-0.03540669856459333,19,0
406669******9486,2015-05-14 20:05:59,99.0,No,0,0,,-1.0,,0.0,20,0
406669******9531,2015-05-20 15:52:14,10.0,No,0,0,,-1.0,,0.0,15,0
406669******9549,2015-05-08 17:42:52,88.0,No,0,0,,-1.0,,0.0,17,0
406669******9553,2015-05-06 10:59:25,103.5,No,0,0,,-1.0,,0.0,10,0
406669******9577,2015-05-29 12:53:11,264.0,No,0,0,,-1.0,,0.0,12,0
406669******9716,2015-05-14 09:04:46,78.4,No,0,0,,-1.0,,0.0,9,0
406669******9735,2015-05-03 19:14:41,143.0,No,0,0,,-1.0,,0.0,19,0
406669******9764,2015-05-14 22:13:38,308.0,No,0,0,,-1.0,,0.0,22,0
406669******9764,2015-05-14 23:00:17,154.0,No,0,1,2015-05-14 22:13:38,46.65,308.0,-0.5,23,1
406669******9820,2015-05-09 23:03:24,528.0,No,0,0,,-1.0,,0.0,23,1
406669******9878,2015-05-19 11:24:31,30.0,No,0,0,,-1.0,,0.0,11,0
406669******9893,2015-05-29 22:22:36,132.0,No,0,0,,-1.0,,0.0,22,0
406669******9965,2015-05-29 18:44:36,121.0,No,0,0,,-1.0,,0.0,18,0
406669******9975,2015-05-01 21:02:14,330.0,No,0,0,,-1.0,,0.0,21,0
406669******9983,2015-05-22 17:13:49,67.2,No,0,0,,-1.0,,0.0,17,0
406897******3025,2015-05-25 20:13:14,27.91,No,0,0,,-1.0,,0.0,20,0
407303******0099,2015-05-22 15:43:03,132.0,No,0,0,,-1.0,,0.0,15,0
407303******0099,2015-05-22 15:48:37,132.0,No,0,1,2015-05-22 15:43:03,5.566666666666666,132.0,0.0,15,0
407303******1589,2015-05-29 16:01:02,92.0,No,0,0,,-1.0,,0.0,16,0
407303******2248,2015-05-15 15:54:28,44.0,No,0,0,,-1.0,,0.0,15,0
407303******2736,2015-05-16 13:37:59,33.0,No,0,0,,-1.0,,0.0,13,0
407303******4549,2015-05-11 19:48:35,132.25,No,0,0,,-1.0,,0.0,19,0
407303******5240,2015-05-15 15:22:04,16.5,No,0,0,,-1.0,,0.0,15,0
407303******5244,2015-05-02 10:46:24,44.0,No,0,0,,-1.0,,0.0,10,0
407303******5560,2015-05-15 23:22:29,230.0,No,0,0,,-1.0,,0.0,23,1
407303******6330,2015-05-28 21:43:20,99.0,No,0,0,,-1.0,,0.0,21,0
407303******7168,2015-05-03 22:07:56,46.0,No,0,0,,-1.0,,0.0,22,0
407303******8070,2015-05-15 17:42:15,55.0,No,0,0,,-1.0,,0.0,17,0
407303******8404,2015-05-04 20:40:24,48.0,No,0,0,,-1.0,,0.0,20,0
407303******8871,2015-05-06 21:33:17,187.0,No,0,0,,-1.0,,0.0,21,0
409308******0297,2015-05-13 13:24:07,66.0,No,0,0,,-1.0,,0.0,13,0
409308******0305,2015-05-21 21:32:11,23.0,No,0,0,,-1.0,,0.0,21,0
409308******0393,2015-05-23 16:55:47,190.4,No,0,0,,-1.0,,0.0,16,0
409308******0481,2015-05-01 16:39:59,116.72,No,0,0,,-1.0,,0.0,16,0
409308******0481,2015-05-01 16:45:45,88.0,No,0,1,2015-05-01 16:39:59,5.766666666666667,116.72,-0.2460589444825223,16,0
409308******0481,2015-05-01 16:59:47,55.0,No,0,2,2015-05-01 16:45:45,14.033333333333333,102.36,-0.46268073466197734,16,0
409308******0482,2015-05-30 08:54:45,10.0,No,0,0,,-1.0,,0.0,8,0
409308******0570,2015-05-09 14:31:54,156.8,No,0,0,,-1.0,,0.0,14,0
409308******1360,2015-05-08 18:31:10,46.0,No,0,0,,-1.0,,0.0,18,0
409308******1554,2015-05-30 00:59:39,110.0,No,0,0,,-1.0,,0.0,0,1
409308******1720,2015-05-07 15:36:12,352.0,No,0,0,,-1.0,,0.0,15,0
409308******1730,2015-05-23 19:18:01,10.0,No,0,0,,-1.0,,0.0,19,0
409308******2158,2015-05-13 16:45:32,78.4,No,0,0,,-1.0,,0.0,16,0
409308******2290,2015-05-30 12:02:47,70.0,No,0,0,,-1.0,,0.0,12,0
409308******2393,2015-05-13 23:04:41,78.4,No,0,0,,-1.0,,0.0,23,1
409308******2553,2015-05-27 20:25:56,121.0,No,0,0,,-1.0,,0.0,20,0
409308******2785,2015-05-15 18:14:04,110.0,No,0,0,,-1.0,,0.0,18,0
409308******2846,2015-05-24 02:27:17,10.0,No,0,0,,-1.0,,0.0,2,1
409308******2906,2015-05-09 18:57:08,16.5,No,0,0,,-1.0,,0.0,18,0
409308******2906,2015-05-14 23:24:24,49.5,No,0,0,2015-05-09 18:57:08,7467.266666666666,16.5,2.0,23,1
409308******3000,2015-05-20 11:45:16,29.5,No,0,0,,-1.0,,0.0,11,0
409308******3020,2015-05-05 22:25:49,425.6,No,0,0,,-1.0,,0.0,22,0
409308******3117,2015-05-03 23:55:08,495.0,No,0,0,,-1.0,,0.0,23,1
409308******3117,2015-05-04 10:57:43,187.0,No,0,1,2015-05-03 23:55:08,662.5833333333334,495.0,-0.6222222222222222,10,0
409308******3188,2015-05-10 22:28:42,104.5,No,0,0,,-1.0,,0.0,22,0
409308******3208,2015-05-22 21:08:42,190.4,No,0,0,,-1.0,,0.0,21,0
409308******3242,2015-05-03 21:57:21,286.0,No,0,0,,-1.0,,0.0,21,0
409308******3242,2015-05-15 13:59:46,154.0,No,0,0,2015-05-03 21:57:21,16802.416666666668,286.0,-0.46153846153846156,13,0
409308******3693,2015-05-14 13:10:51,78.4,No,0,0,,-1.0,,0.0,13,0
409308******4368,2015-05-20 23:00:25,5.0,No,0,0,,-1.0,,0.0,23,1
409308******4880,2015-05-08 14:10:43,88.0,No,0,0,,-1.0,,0.0,14,0
409308******5021,2015-05-30 14:49:35,99.0,No,0,0,,-1.0,,0.0,14,0
409308******5021,2015-05-30 14:49:35,99.0,No,0,0,2015-05-30 14:49:35,0.0,99.0,0.0,14,0
409308******5417,2015-05-30 10:55:08,15.0,No,0,0,,-1.0,,0.0,10,0
409308******5508,2015-05-23 14:22:49,20.0,No,0,0,,-1.0,,0.0,14,0
409308******5918,2015-05-28 20:53:29,99.0,No,0,0,,-1.0,,0.0,20,0
409308******6304,2015-05-08 19:40:20,99.0,No,0,0,,-1.0,,0.0,19,0
409308******6304,2015-05-30 12:29:18,99.0,No,0,0,2015-05-08 19:40:20,31248.966666666667,99.0,0.0,12,0
409308******6492,2015-05-29 20:54:55,88.0,No,0,0,,-1.0,,0.0,20,0
409308******6932,2015-05-10 20:22:42,132.0,No,0,0,,-1.0,,0.0,20,0
409308******7122,2015-05-06 15:00:48,69.0,No,0,0,,-1.0,,0.0,15,0
409308******7791,2015-05-11 10:55:26,78.4,No,0,0,,-1.0,,0.0,10,0
409308******7816,2015-05-15 13:10:44,70.0,No,0,0,,-1.0,,0.0,13,0
409308******7911,2015-05-23 12:41:42,30.0,No,0,0,,-1.0,,0.0,12,0
409308******7911,2015-05-27 22:45:23,88.0,No,0,0,2015-05-23 12:41:42,6363.683333333333,30.0,1.9333333333333331,22,0
409308******7954,2015-05-11 16:46:55,115.0,No,0,0,,-1.0,,0.0,16,0
409308******8054,2015-05-29 01:00:54,110.0,No,0,0,,-1.0,,0.0,1,1
409308******8104,2015-05-08 17:12:00,99.0,No,0,0,,-1.0,,0.0,17,0
409308******8480,2015-05-26 20:15:47,25.0,No,0,0,,-1.0,,0.0,20,0
409308******8571,2015-05-29 00:10:23,55.0,No,0,0,,-1.0,,0.0,0,1
409308******8968,2015-05-30 16:44:37,20.0,No,0,0,,-1.0,,0.0,16,0
409308******8968,2015-05-30 16:44:37,20.0,No,0,0,2015-05-30 16:44:37,0.0,20.0,0.0,16,0
409308******8974,2015-05-29 20:41:47,99.0,No,0,0,,-1.0,,0.0,20,0
409308******8990,2015-05-10 16:14:31,143.0,No,0,0,,-1.0,,0.0,16,0
409308******9034,2015-05-15 22:09:43,99.0,No,0,0,,-1.0,,0.0,22,0
409308******9235,2015-05-29 03:58:04,44.8,No,0,0,,-1.0,,0.0,3,1
409308******9235,2015-05-29 10:12:46,44.8,No,0,1,2015-05-29 03:58:04,374.7,44.8,0.0,10,0
409600******0055,2015-05-08 14:48:27,23.0,No,0,0,,-1.0,,0.0,14,0
409600******0446,2015-05-11 18:15:41,46.0,No,0,0,,-1.0,,0.0,18,0
409600******0536,2015-05-13 18:49:41,154.0,No,0,0,,-1.0,,0.0,18,0
409600******0720,2015-05-09 13:15:34,99.0,No,0,0,,-1.0,,0.0,13,0
409600******0720,2015-05-30 14:57:11,99.0,No,0,0,2015-05-09 13:15:34,30341.616666666665,99.0,0.0,14,0
409600******0720,2015-05-30 14:57:11,99.0,No,0,0,2015-05-30 14:57:11,0.0,99.0,0.0,14,0
409600******0844,2015-05-15 11:33:03,33.0,No,0,0,,-1.0,,0.0,11,0
409600******1113,2015-05-11 13:41:02,78.4,No,0,0,,-1.0,,0.0,13,0
409600******1113,2015-05-11 13:44:39,112.0,No,0,1,2015-05-11 13:41:02,3.6166666666666667,78.4,0.4285714285714284,13,0
409600******1175,2015-05-22 08:23:06,95.2,No,0,0,,-1.0,,0.0,8,0
409600******1511,2015-05-07 17:59:50,70.0,No,0,0,,-1.0,,0.0,17,0
409600******1759,2015-05-19 11:01:39,46.69,No,0,0,,-1.0,,0.0,11,0
409600******1759,2015-05-25 14:37:27,46.0,No,0,0,2015-05-19 11:01:39,8855.8,46.69,-0.014778325123152691,14,0
409600******2452,2015-05-29 16:00:14,88.0,No,0,0,,-1.0,,0.0,16,0
409600******2512,2015-05-08 20:19:19,16.5,No,0,0,,-1.0,,0.0,20,0
409600******2519,2015-05-29 14:53:44,46.0,No,0,0,,-1.0,,0.0,14,0
409600******3520,2015-05-01 15:29:11,73.07,No,0,0,,-1.0,,0.0,15,0
409600******4509,2015-05-28 17:45:24,13.0,No,0,0,,-1.0,,0.0,17,0
409600******5465,2015-05-20 23:10:21,112.0,Yes,1,0,,-1.0,,0.0,23,1
409600******5465,2015-05-20 23:11:48,112.0,Yes,1,1,2015-05-20 23:10:21,1.45,112.0,0.0,23,1
409600******5465,2015-05-20 23:20:57,112.0,Yes,1,2,2015-05-20 23:11:48,9.15,112.0,0.0,23,1
409600******5465,2015-05-22 11:19:57,117.6,Yes,1,0,2015-05-20 23:20:57,2159.0,112.0,0.050000000000000044,11,0
409600******5465,2015-05-22 11:40:55,117.6,Yes,1,1,2015-05-22 11:19:57,20.966666666666665,113.4,0.03703703703703698,11,0
409600******5465,2015-05-22 11:42:54,117.6,Yes,1,2,2015-05-22 11:40:55,1.9833333333333334,114.24000000000001,0.02941176470588225,11,0
409600******5592,2015-05-14 22:24:00,66.0,No,0,0,,-1.0,,0.0,22,0
409600******5620,2015-05-06 17:09:47,59.22,No,0,0,,-1.0,,0.0,17,0
409600******5698,2015-05-11 16:47:37,198.0,No,0,0,,-1.0,,0.0,16,0
409600******5785,2015-05-12 14:24:10,66.0,No,0,0,,-1.0,,0.0,14,0
409600******6506,2015-05-21 17:57:06,69.0,No,0,0,,-1.0,,0.0,17,0
409600******6745,2015-05-15 18:23:24,123.3,No,0,0,,-1.0,,0.0,18,0
409600******8430,2015-05-15 18:03:22,49.5,No,0,0,,-1.0,,0.0,18,0
409600******8875,2015-05-28 09:11:25,137.5,No,0,0,,-1.0,,0.0,9,0
409600******9338,2015-05-12 00:14:28,92.0,No,0,0,,-1.0,,0.0,0,1
409600******9389,2015-05-29 19:17:32,220.0,No,0,0,,-1.0,,0.0,19,0
409600******9608,2015-05-05 20:01:01,46.0,No,0,0,,-1.0,,0.0,20,0
409600******9726,2015-05-15 11:33:31,33.0,No,0,0,,-1.0,,0.0,11,0
409601******0078,2015-05-18 10:23:28,80.0,No,0,0,,-1.0,,0.0,10,0
409601******0296,2015-05-07 13:19:26,120.75,No,0,0,,-1.0,,0.0,13,0
409601******0363,2015-05-05 00:07:31,74.16,No,0,0,,-1.0,,0.0,0,1
409601******0456,2015-05-07 14:17:00,286.0,No,0,0,,-1.0,,0.0,14,0
409601******0908,2015-05-13 17:59:24,57.5,No,0,0,,-1.0,,0.0,17,0
409601******1467,2015-05-12 22:30:47,62.1,No,0,0,,-1.0,,0.0,22,0
409601******1693,2015-05-19 18:04:06,112.0,Yes,1,0,,-1.0,,0.0,18,0
409601******1707,2015-05-13 13:14:56,123.3,No,0,0,,-1.0,,0.0,13,0
409601******2646,2015-05-19 17:20:14,78.4,No,0,0,,-1.0,,0.0,17,0
409601******4065,2015-05-09 14:18:35,78.4,No,0,0,,-1.0,,0.0,14,0
409601******6625,2015-05-20 11:27:50,46.69,No,0,0,,-1.0,,0.0,11,0
409601******6987,2015-05-11 23:29:03,72.0,No,0,0,,-1.0,,0.0,23,1
409601******7157,2015-05-06 15:39:04,143.0,No,0,0,,-1.0,,0.0,15,0
409601******7621,2015-05-25 12:38:41,92.0,No,0,0,,-1.0,,0.0,12,0
409601******8014,2015-05-17 16:01:45,67.2,No,0,0,,-1.0,,0.0,16,0
409601******8959,2015-05-26 14:31:20,131.0,No,0,0,,-1.0,,0.0,14,0
409601******9538,2015-05-08 15:42:51,59.99,No,0,0,,-1.0,,0.0,15,0
409602******0197,2015-05-05 23:27:29,70.0,No,0,0,,-1.0,,0.0,23,1
409602******1407,2015-05-28 16:19:16,104.13,No,0,0,,-1.0,,0.0,16,0
409602******1768,2015-05-12 15:36:22,38.5,No,0,0,,-1.0,,0.0,15,0
409602******3379,2015-05-07 10:09:54,407.0,No,0,0,,-1.0,,0.0,10,0
409602******3753,2015-05-04 14:59:51,44.0,No,0,0,,-1.0,,0.0,14,0
409602******3753,2015-05-24 11:48:26,25.0,No,0,0,2015-05-04 14:59:51,28608.583333333332,44.0,-0.43181818181818177,11,0
409602******4058,2015-05-25 12:32:56,46.69,No,0,0,,-1.0,,0.0,12,0
409602******4606,2015-05-04 19:06:27,78.96,No,0,0,,-1.0,,0.0,19,0
409602******5197,2015-05-06 12:00:48,29.34,No,0,0,,-1.0,,0.0,12,0
409602******5331,2015-05-15 18:35:55,92.0,No,0,0,,-1.0,,0.0,18,0
409602******5331,2015-05-16 16:36:48,115.0,No,0,1,2015-05-15 18:35:55,1320.8833333333334,92.0,0.25,16,0
409602******6967,2015-05-15 14:19:23,91.35,No,0,0,,-1.0,,0.0,14,0
409602******7107,2015-05-09 19:12:43,66.0,No,0,0,,-1.0,,0.0,19,0
409602******8358,2015-05-14 10:57:08,20.59,No,0,0,,-1.0,,0.0,10,0
409602******8878,2015-05-26 18:28:41,100.0,No,0,0,,-1.0,,0.0,18,0
409602******8967,2015-05-10 21:43:00,73.34,No,0,0,,-1.0,,0.0,21,0
409602******9023,2015-05-06 16:51:09,115.0,No,0,0,,-1.0,,0.0,16,0
409602******9176,2015-05-03 14:32:05,220.0,No,0,0,,-1.0,,0.0,14,0
409602******9609,2015-05-11 10:02:56,55.0,No,0,0,,-1.0,,0.0,10,0
409603******0510,2015-05-11 12:25:16,78.4,No,0,0,,-1.0,,0.0,12,0
409603******0510,2015-05-14 09:47:42,99.0,No,0,0,2015-05-11 12:25:16,4162.433333333333,78.4,0.2627551020408163,9,0
409603******0510,2015-05-26 09:41:16,134.4,No,0,0,2015-05-14 09:47:42,17273.566666666666,88.7,0.5152198421645997,9,0
409603******0564,2015-05-19 15:30:22,100.48,No,0,0,,-1.0,,0.0,15,0
409603******1446,2015-05-23 15:41:23,55.0,No,0,0,,-1.0,,0.0,15,0
409603******1446,2015-05-23 15:41:54,55.0,No,0,1,2015-05-23 15:41:23,0.5166666666666667,55.0,0.0,15,0
409603******1584,2015-05-16 17:03:07,30.45,No,0,0,,-1.0,,0.0,17,0
409603******1698,2015-05-05 19:14:08,110.0,No,0,0,,-1.0,,0.0,19,0
409603******1698,2015-05-11 23:39:17,56.0,No,0,0,2015-05-05 19:14:08,8905.15,110.0,-0.49090909090909096,23,1
409603******2319,2015-05-26 11:53:38,23.0,No,0,0,,-1.0,,0.0,11,0
409603******2416,2015-05-14 12:28:50,274.38,No,0,0,,-1.0,,0.0,12,0
409603******2735,2015-05-08 14:34:29,36.66,No,0,0,,-1.0,,0.0,14,0
409603******2921,2015-05-29 08:02:24,55.0,No,0,0,,-1.0,,0.0,8,0
409603******3275,2015-05-20 21:40:50,15.0,No,0,0,,-1.0,,0.0,21,0
409603******4557,2015-05-07 11:06:49,115.0,No,0,0,,-1.0,,0.0,11,0
409603******4734,2015-05-15 17:13:55,55.0,No,0,0,,-1.0,,0.0,17,0
409603******4734,2015-05-15 18:27:07,55.0,No,0,1,2015-05-15 17:13:55,73.2,55.0,0.0,18,0
409603******4846,2015-05-28 20:46:41,88.0,No,0,0,,-1.0,,0.0,20,0
409603******5196,2015-05-07 12:57:57,69.0,No,0,0,,-1.0,,0.0,12,0
409603******5196,2015-05-08 13:36:56,34.5,No,0,0,2015-05-07 12:57:57,1478.9833333333333,69.0,-0.5,13,0
409603******5990,2015-05-01 19:49:40,286.0,No,0,0,,-1.0,,0.0,19,0
409603******6092,2015-05-06 14:43:41,103.5,No,0,0,,-1.0,,0.0,14,0
409603******6535,2015-05-18 16:17:08,120.0,No,0,0,,-1.0,,0.0,16,0
409603******7210,2015-05-21 13:03:53,55.82,No,0,0,,-1.0,,0.0,13,0
409603******7418,2015-05-07 15:37:30,73.07,No,0,0,,-1.0,,0.0,15,0
409603******7569,2015-05-13 21:40:13,180.0,No,0,0,,-1.0,,0.0,21,0
409603******7576,2015-05-12 14:17:45,60.89,No,0,0,,-1.0,,0.0,14,0
409603******7818,2015-05-18 15:09:25,160.0,No,0,0,,-1.0,,0.0,15,0
409921******2019,2015-05-29 03:02:30,275.0,No,0,0,,-1.0,,0.0,3,1
409921******2019,2015-05-29 03:26:37,275.0,No,0,1,2015-05-29 03:02:30,24.116666666666667,275.0,0.0,3,1
410863******0235,2015-05-21 20:30:34,132.0,No,0,0,,-1.0,,0.0,20,0
410863******0420,2015-05-11 12:17:08,112.0,No,0,0,,-1.0,,0.0,12,0
410863******0433,2015-05-23 17:16:46,34.5,No,0,0,,-1.0,,0.0,17,0
410863******0460,2015-05-15 16:54:13,16.5,No,0,0,,-1.0,,0.0,16,0
410863******0517,2015-05-13 01:23:49,35.0,Yes,1,0,,-1.0,,0.0,1,1
410863******0517,2015-05-13 01:25:51,304.75,Yes,1,1,2015-05-13 01:23:49,2.033333333333333,35.0,7.707142857142857,1,1
410863******0545,2015-05-07 16:06:44,16.5,No,0,0,,-1.0,,0.0,16,0
410863******0607,2015-05-11 21:37:01,92.0,No,0,0,,-1.0,,0.0,21,0
410863******0635,2015-05-09 15:17:22,126.5,No,0,0,,-1.0,,0.0,15,0
410863******0635,2015-05-11 14:03:50,92.0,No,0,0,2015-05-09 15:17:22,2806.4666666666667,126.5,-0.2727272727272727,14,0
410863******0656,2015-05-18 11:56:33,302.4,No,0,0,,-1.0,,0.0,11,0
410863******0657,2015-05-11 11:50:18,156.8,No,0,0,,-1.0,,0.0,11,0
410863******0790,2015-05-11 19:25:07,154.0,No,0,0,,-1.0,,0.0,19,0
410863******0834,2015-05-05 12:00:33,198.0,No,0,0,,-1.0,,0.0,12,0
410863******0834,2015-05-19 10:34:53,15.0,No,0,0,2015-05-05 12:00:33,20074.333333333332,198.0,-0.9242424242424242,10,0
410863******0936,2015-05-13 10:50:48,165.0,No,0,0,,-1.0,,0.0,10,0
410863******1032,2015-05-26 20:39:08,55.0,No,0,0,,-1.0,,0.0,20,0
410863******1093,2015-05-27 21:40:13,69.0,No,0,0,,-1.0,,0.0,21,0
410863******1270,2015-05-28 14:48:14,46.0,No,0,0,,-1.0,,0.0,14,0
410863******1270,2015-05-29 14:18:49,46.0,No,0,1,2015-05-28 14:48:14,1410.5833333333333,46.0,0.0,14,0
410863******1275,2015-05-29 11:59:29,69.0,No,0,0,,-1.0,,0.0,11,0
410863******1353,2015-05-18 21:11:07,210.0,No,0,0,,-1.0,,0.0,21,0
410863******1419,2015-05-25 22:39:54,10.0,No,0,0,,-1.0,,0.0,22,0
410863******1500,2015-05-05 17:11:55,95.34,No,0,0,,-1.0,,0.0,17,0
410863******1522,2015-05-28 17:10:32,172.5,No,0,0,,-1.0,,0.0,17,0
410863******1531,2015-05-09 14:23:43,100.8,No,0,0,,-1.0,,0.0,14,0
410863******1757,2015-05-15 22:47:50,23.0,No,0,0,,-1.0,,0.0,22,0
410863******1871,2015-05-14 12:52:35,190.4,No,0,0,,-1.0,,0.0,12,0
410863******1872,2015-05-16 15:18:48,264.0,No,0,0,,-1.0,,0.0,15,0
410863******1909,2015-05-12 18:04:04,33.0,No,0,0,,-1.0,,0.0,18,0
410863******2068,2015-05-29 15:00:54,92.0,No,0,0,,-1.0,,0.0,15,0
410863******2082,2015-05-14 21:15:32,154.0,No,0,0,,-1.0,,0.0,21,0
410863******2230,2015-05-04 11:28:00,176.0,No,0,0,,-1.0,,0.0,11,0
410863******2242,2015-05-26 13:26:16,138.0,No,0,0,,-1.0,,0.0,13,0
410863******2278,2015-05-30 14:29:49,70.0,No,0,0,,-1.0,,0.0,14,0
410863******2280,2015-05-22 16:40:38,10.0,No,0,0,,-1.0,,0.0,16,0
410863******2288,2015-05-05 20:36:56,72.0,No,0,0,,-1.0,,0.0,20,0
410863******2367,2015-05-19 13:49:57,675.0,No,0,0,,-1.0,,0.0,13,0
410863******2547,2015-05-10 20:32:11,93.15,No,0,0,,-1.0,,0.0,20,0
410863******2694,2015-05-11 22:22:18,120.0,No,0,0,,-1.0,,0.0,22,0
410863******2729,2015-05-29 14:58:51,34.5,No,0,0,,-1.0,,0.0,14,0
410863******2800,2015-05-12 23:01:59,89.6,No,0,0,,-1.0,,0.0,23,1
410863******2806,2015-05-08 22:12:16,132.0,No,0,0,,-1.0,,0.0,22,0
410863******2962,2015-05-01 14:50:05,35.0,No,0,0,,-1.0,,0.0,14,0
410863******2972,2015-05-11 12:28:53,78.4,No,0,0,,-1.0,,0.0,12,0
410863******3090,2015-05-05 22:02:57,78.4,No,0,0,,-1.0,,0.0,22,0
410863******3172,2015-05-07 23:34:33,45.2,No,0,0,,-1.0,,0.0,23,1
410863******3213,2015-05-26 16:20:10,268.8,No,0,0,,-1.0,,0.0,16,0
410863******3259,2015-05-11 22:45:46,132.25,No,0,0,,-1.0,,0.0,22,0
410863******3366,2015-05-25 17:39:40,92.0,No,0,0,,-1.0,,0.0,17,0
410863******3367,2015-05-27 21:07:02,198.0,No,0,0,,-1.0,,0.0,21,0
410863******3382,2015-05-28 00:50:33,39.07,No,0,0,,-1.0,,0.0,0,1
410863******3383,2015-05-12 15:27:20,275.0,No,0,0,,-1.0,,0.0,15,0
410863******3496,2015-05-14 19:18:28,78.4,No,0,0,,-1.0,,0.0,19,0
410863******3500,2015-05-07 11:09:16,82.5,No,0,0,,-1.0,,0.0,11,0
410863******3539,2015-05-07 21:49:06,110.0,No,0,0,,-1.0,,0.0,21,0
410863******3539,2015-05-29 18:25:25,121.0,No,0,0,2015-05-07 21:49:06,31476.316666666666,110.0,0.10000000000000009,18,0
410863******3564,2015-05-30 22:17:09,112.0,No,0,0,,-1.0,,0.0,22,0
410863******3564,2015-05-30 22:17:09,112.0,No,0,0,2015-05-30 22:17:09,0.0,112.0,0.0,22,0
410863******3633,2015-05-11 13:14:18,78.4,No,0,0,,-1.0,,0.0,13,0
410863******4019,2015-05-28 23:19:37,44.0,No,0,0,,-1.0,,0.0,23,1
410863******4028,2015-05-02 09:38:38,31.59,No,0,0,,-1.0,,0.0,9,0
410863******4129,2015-05-12 10:49:47,16.5,No,0,0,,-1.0,,0.0,10,0
410863******4129,2015-05-16 22:52:40,16.5,No,0,0,2015-05-12 10:49:47,6482.883333333333,16.5,0.0,22,0
410863******4212,2015-05-20 10:16:27,103.5,No,0,0,,-1.0,,0.0,10,0
410863******4212,2015-05-28 16:02:52,172.5,No,0,0,2015-05-20 10:16:27,11866.416666666666,103.5,0.6666666666666667,16,0
410863******4492,2015-05-15 15:03:15,462.0,No,0,0,,-1.0,,0.0,15,0
410863******4516,2015-05-10 20:47:53,148.5,No,0,0,,-1.0,,0.0,20,0
410863******4520,2015-05-15 00:09:42,49.5,No,0,0,,-1.0,,0.0,0,1
410863******4583,2015-05-11 22:40:36,660.0,Yes,1,0,,-1.0,,0.0,22,0
410863******4744,2015-05-14 22:27:52,104.5,No,0,0,,-1.0,,0.0,22,0
410863******4772,2015-05-08 00:37:41,18.34,No,0,0,,-1.0,,0.0,0,1
410863******4794,2015-05-28 12:41:54,46.0,No,0,0,,-1.0,,0.0,12,0
410863******4794,2015-05-28 12:42:55,46.0,No,0,1,2015-05-28 12:41:54,1.0166666666666666,46.0,0.0,12,0
410863******4794,2015-05-28 12:44:02,46.0,No,0,2,2015-05-28 12:42:55,1.1166666666666667,46.0,0.0,12,0
410863******4794,2015-05-28 12:45:08,46.0,No,0,3,2015-05-28 12:44:02,1.1,46.0,0.0,12,0
410863******4795,2015-05-14 11:02:31,92.0,No,0,0,,-1.0,,0.0,11,0
410863******4806,2015-05-08 14:42:44,123.2,No,0,0,,-1.0,,0.0,14,0
410863******4933,2015-05-20 22:50:52,161.0,No,0,0,,-1.0,,0.0,22,0
410863******4985,2015-05-25 18:23:01,140.07,No,0,0,,-1.0,,0.0,18,0
410863******5036,2015-05-06 15:22:45,103.5,No,0,0,,-1.0,,0.0,15,0
410863******5175,2015-05-15 00:11:54,23.0,No,0,0,,-1.0,,0.0,0,1
410863******5175,2015-05-21 13:18:49,69.0,No,0,0,2015-05-15 00:11:54,9426.916666666666,23.0,2.0,13,0
410863******5227,2015-05-07 22:07:00,187.0,No,0,0,,-1.0,,0.0,22,0
410863******5227,2015-05-13 19:02:40,77.0,No,0,0,2015-05-07 22:07:00,8455.666666666666,187.0,-0.5882352941176471,19,0
410863******5409,2015-05-06 10:44:12,220.0,No,0,0,,-1.0,,0.0,10,0
410863******5440,2015-05-18 11:21:16,53.0,No,0,0,,-1.0,,0.0,11,0
410863******5500,2015-05-18 22:02:40,32.1,No,0,0,,-1.0,,0.0,22,0
410863******5523,2015-05-12 12:02:35,22.0,No,0,0,,-1.0,,0.0,12,0
410863******5523,2015-05-13 11:02:42,44.0,No,0,1,2015-05-12 12:02:35,1380.1166666666666,22.0,1.0,11,0
410863******5678,2015-05-22 16:50:15,46.69,No,0,0,,-1.0,,0.0,16,0
410863******5716,2015-05-25 17:14:44,5.0,No,0,0,,-1.0,,0.0,17,0
410863******5753,2015-05-29 18:23:27,70.0,No,0,0,,-1.0,,0.0,18,0
410863******5831,2015-05-24 12:56:31,134.4,No,0,0,,-1.0,,0.0,12,0
410863******5831,2015-05-25 22:03:43,134.4,No,0,0,2015-05-24 12:56:31,1987.2,134.4,0.0,22,0
410863******6000,2015-05-02 19:01:13,89.6,No,0,0,,-1.0,,0.0,19,0
410863******6160,2015-05-04 12:05:11,24.0,No,0,0,,-1.0,,0.0,12,0
410863******6180,2015-05-22 15:32:37,100.8,No,0,0,,-1.0,,0.0,15,0
410863******6185,2015-05-21 19:13:30,112.0,No,0,0,,-1.0,,0.0,19,0
410863******6321,2015-05-12 08:19:04,112.0,No,0,0,,-1.0,,0.0,8,0
410863******6387,2015-05-15 20:42:12,132.0,No,0,0,,-1.0,,0.0,20,0
410863******6631,2015-05-05 05:49:23,99.0,No,0,0,,-1.0,,0.0,5,1
410863******6722,2015-05-19 11:24:31,10.0,No,0,0,,-1.0,,0.0,11,0
410863******6790,2015-05-11 22:25:56,27.5,No,0,0,,-1.0,,0.0,22,0
410863******6858,2015-05-16 12:15:25,16.5,No,0,0,,-1.0,,0.0,12,0
410863******7193,2015-05-29 21:32:31,172.5,No,0,0,,-1.0,,0.0,21,0
410863******7202,2015-05-22 21:40:25,95.2,No,0,0,,-1.0,,0.0,21,0
410863******7222,2015-05-08 18:01:21,70.0,No,0,0,,-1.0,,0.0,18,0
410863******7260,2015-05-22 11:38:22,20.0,No,0,0,,-1.0,,0.0,11,0
410863******7415,2015-05-06 15:01:47,57.5,Yes,1,0,,-1.0,,0.0,15,0
410863******7415,2015-05-06 15:03:21,57.5,Yes,1,1,2015-05-06 15:01:47,1.5666666666666667,57.5,0.0,15,0
410863******7415,2015-05-06 15:04:52,57.5,Yes,1,2,2015-05-06 15:03:21,1.5166666666666666,57.5,0.0,15,0
410863******7415,2015-05-06 15:06:18,57.5,Yes,1,3,2015-05-06 15:04:52,1.4333333333333333,57.5,0.0,15,0
410863******7446,2015-05-06 15:42:05,67.2,No,0,0,,-1.0,,0.0,15,0
410863******7446,2015-05-28 10:49:48,100.8,No,0,0,2015-05-06 15:42:05,31387.716666666667,67.2,0.5,10,0
410863******7790,2015-05-12 22:59:27,132.0,No,0,0,,-1.0,,0.0,22,0
410863******7943,2015-05-21 15:19:20,241.5,No,0,0,,-1.0,,0.0,15,0
410863******7997,2015-05-08 15:57:03,62.1,No,0,0,,-1.0,,0.0,15,0
410863******8122,2015-05-12 20:05:10,62.1,No,0,0,,-1.0,,0.0,20,0
410863******8174,2015-05-19 12:27:21,15.0,No,0,0,,-1.0,,0.0,12,0
410863******8175,2015-05-08 15:00:32,69.0,No,0,0,,-1.0,,0.0,15,0
410863******8668,2015-05-06 11:03:06,161.0,No,0,0,,-1.0,,0.0,11,0
410863******8686,2015-05-15 11:19:18,308.0,No,0,0,,-1.0,,0.0,11,0
410863******8728,2015-05-14 19:55:54,27.5,No,0,0,,-1.0,,0.0,19,0
410863******8850,2015-05-16 15:06:05,46.0,No,0,0,,-1.0,,0.0,15,0
410863******8918,2015-05-07 16:14:47,69.0,No,0,0,,-1.0,,0.0,16,0
410863******9110,2015-05-05 20:59:19,55.0,No,0,0,,-1.0,,0.0,20,0
410863******9255,2015-05-27 20:47:47,224.0,No,0,0,,-1.0,,0.0,20,0
410863******9466,2015-05-11 19:38:21,132.0,No,0,0,,-1.0,,0.0,19,0
410863******9466,2015-05-14 20:28:03,77.0,No,0,0,2015-05-11 19:38:21,4369.7,132.0,-0.41666666666666663,20,0
410863******9509,2015-05-18 14:04:12,26.5,No,0,0,,-1.0,,0.0,14,0
410863******9555,2015-05-13 23:05:14,69.0,No,0,0,,-1.0,,0.0,23,1
410863******9842,2015-05-09 07:32:46,66.0,No,0,0,,-1.0,,0.0,7,0
410863******9843,2015-05-20 11:34:20,440.0,No,0,0,,-1.0,,0.0,11,0
410863******9933,2015-05-10 20:57:12,186.3,No,0,0,,-1.0,,0.0,20,0
410863******9936,2015-05-06 21:18:17,242.0,No,0,0,,-1.0,,0.0,21,0
410863******9942,2015-05-20 18:00:37,341.0,No,0,0,,-1.0,,0.0,18,0
411050******5493,2015-05-11 15:29:51,154.0,No,0,0,,-1.0,,0.0,15,0
411802******0299,2015-05-08 18:38:48,88.0,No,0,0,,-1.0,,0.0,18,0
411802******0299,2015-05-29 08:45:55,99.0,No,0,0,2015-05-08 18:38:48,29647.116666666665,88.0,0.125,8,0
411804******0341,2015-05-04 19:52:07,92.0,No,0,0,,-1.0,,0.0,19,0
411804******0341,2015-05-07 20:53:07,57.5,No,0,0,2015-05-04 19:52:07,4381.0,92.0,-0.375,20,0
411809******3070,2015-05-28 18:09:40,138.0,No,0,0,,-1.0,,0.0,18,0
411854******6211,2015-05-02 22:35:37,253.0,No,0,0,,-1.0,,0.0,22,0
412177******0112,2015-05-06 14:50:32,103.5,No,0,0,,-1.0,,0.0,14,0
412177******0112,2015-05-22 16:03:27,86.86,No,0,0,2015-05-06 14:50:32,23112.916666666668,103.5,-0.1607729468599034,16,0
412177******0115,2015-05-06 21:31:33,115.0,Yes,1,0,,-1.0,,0.0,21,0
412177******0119,2015-05-28 15:53:35,57.5,No,0,0,,-1.0,,0.0,15,0
412177******0119,2015-05-29 13:32:34,57.5,No,0,1,2015-05-28 15:53:35,1298.9833333333333,57.5,0.0,13,0
412177******0216,2015-05-06 15:23:49,103.5,No,0,0,,-1.0,,0.0,15,0
412177******1110,2015-05-13 10:15:27,55.0,No,0,0,,-1.0,,0.0,10,0
412177******1115,2015-05-15 23:10:28,23.0,No,0,0,,-1.0,,0.0,23,1
412177******1115,2015-05-23 14:09:30,15.0,No,0,0,2015-05-15 23:10:28,10979.033333333333,23.0,-0.34782608695652173,14,0
412177******1127,2015-05-23 12:31:58,10.0,No,0,0,,-1.0,,0.0,12,0
412177******2116,2015-05-22 08:32:33,46.0,No,0,0,,-1.0,,0.0,8,0
412177******2118,2015-05-12 16:24:12,304.75,Yes,1,0,,-1.0,,0.0,16,0
412177******2118,2015-05-28 17:05:36,49.5,No,0,0,2015-05-12 16:24:12,23081.4,304.75,-0.837571780147662,17,0
412177******2123,2015-05-20 16:23:18,69.0,No,0,0,,-1.0,,0.0,16,0
412177******2129,2015-05-21 08:58:34,25.0,No,0,0,,-1.0,,0.0,8,0
412177******2133,2015-05-14 22:51:41,396.0,No,0,0,,-1.0,,0.0,22,0
412177******2418,2015-05-06 15:07:42,310.5,No,0,0,,-1.0,,0.0,15,0
412177******3112,2015-05-26 11:05:33,140.0,No,0,0,,-1.0,,0.0,11,0
412177******3114,2015-05-28 19:51:53,46.0,No,0,0,,-1.0,,0.0,19,0
412177******3117,2015-05-18 23:42:03,121.0,No,0,0,,-1.0,,0.0,23,1
412177******3118,2015-05-11 21:13:43,44.8,No,0,0,,-1.0,,0.0,21,0
412177******3121,2015-05-07 17:01:52,99.0,No,0,0,,-1.0,,0.0,17,0
412177******3126,2015-05-14 22:24:04,46.0,No,0,0,,-1.0,,0.0,22,0
412177******3137,2015-05-06 15:38:21,207.0,No,0,0,,-1.0,,0.0,15,0
412177******4110,2015-05-14 22:32:43,66.0,No,0,0,,-1.0,,0.0,22,0
412177******4116,2015-05-06 12:21:24,48.0,No,0,0,,-1.0,,0.0,12,0
412177******4121,2015-05-06 16:25:41,103.5,No,0,0,,-1.0,,0.0,16,0
412177******4121,2015-05-07 10:32:13,115.5,No,0,1,2015-05-06 16:25:41,1086.5333333333333,103.5,0.11594202898550732,10,0
412177******4123,2015-05-10 19:52:04,16.5,No,0,0,,-1.0,,0.0,19,0
412177******4123,2015-05-12 22:37:17,16.5,No,0,0,2015-05-10 19:52:04,3045.2166666666667,16.5,0.0,22,0
412177******4123,2015-05-15 21:15:04,16.5,No,0,0,2015-05-12 22:37:17,4237.783333333334,16.5,0.0,21,0
412177******4132,2015-05-19 23:04:21,88.0,No,0,0,,-1.0,,0.0,23,1
412177******5116,2015-05-18 16:26:51,112.0,No,0,0,,-1.0,,0.0,16,0
412177******5127,2015-05-26 20:03:16,302.4,No,0,0,,-1.0,,0.0,20,0
412177******5233,2015-05-27 18:29:57,83.73,No,0,0,,-1.0,,0.0,18,0
412177******5317,2015-05-11 00:28:46,33.0,No,0,0,,-1.0,,0.0,0,1
412177******6110,2015-05-27 21:54:55,138.0,No,0,0,,-1.0,,0.0,21,0
412177******6110,2015-05-29 18:10:03,132.0,No,0,0,2015-05-27 21:54:55,2655.133333333333,138.0,-0.04347826086956519,18,0
412177******6111,2015-05-18 21:51:10,100.0,No,0,0,,-1.0,,0.0,21,0
412177******6117,2015-05-21 14:52:37,27.0,No,0,0,,-1.0,,0.0,14,0
412177******6126,2015-05-06 09:02:48,23.0,No,0,0,,-1.0,,0.0,9,0
412177******6127,2015-05-17 20:18:04,23.0,No,0,0,,-1.0,,0.0,20,0
412177******6143,2015-05-29 15:09:08,35.0,No,0,0,,-1.0,,0.0,15,0
412177******6147,2015-05-05 15:41:21,168.0,No,0,0,,-1.0,,0.0,15,0
412177******7113,2015-05-14 10:47:45,154.0,No,0,0,,-1.0,,0.0,10,0
412177******7113,2015-05-14 15:13:29,154.0,No,0,1,2015-05-14 10:47:45,265.73333333333335,154.0,0.0,15,0
412177******7115,2015-05-09 19:39:15,103.5,No,0,0,,-1.0,,0.0,19,0
412177******7115,2015-05-09 20:10:18,34.5,No,0,1,2015-05-09 19:39:15,31.05,103.5,-0.6666666666666667,20,0
412177******7123,2015-05-29 18:05:27,242.0,No,0,0,,-1.0,,0.0,18,0
412177******7129,2015-05-06 14:21:40,69.0,No,0,0,,-1.0,,0.0,14,0
412177******7218,2015-05-12 08:58:07,123.3,No,0,0,,-1.0,,0.0,8,0
412177******7324,2015-05-30 20:25:50,99.0,No,0,0,,-1.0,,0.0,20,0
412177******7324,2015-05-30 20:25:50,99.0,No,0,0,2015-05-30 20:25:50,0.0,99.0,0.0,20,0
412177******7513,2015-05-15 18:59:04,209.0,No,0,0,,-1.0,,0.0,18,0
412177******8112,2015-05-12 13:32:28,33.0,No,0,0,,-1.0,,0.0,13,0
412177******8126,2015-05-20 15:15:59,20.0,No,0,0,,-1.0,,0.0,15,0
412177******8133,2015-05-28 09:22:05,46.0,No,0,0,,-1.0,,0.0,9,0
412177******9111,2015-05-14 22:25:57,33.0,No,0,0,,-1.0,,0.0,22,0
412177******9113,2015-05-09 19:16:06,138.0,No,0,0,,-1.0,,0.0,19,0
412177******9116,2015-05-12 15:41:01,99.0,No,0,0,,-1.0,,0.0,15,0
412177******9118,2015-05-11 19:45:24,761.6,No,0,0,,-1.0,,0.0,19,0
412177******9119,2015-05-23 15:54:52,117.6,No,0,0,,-1.0,,0.0,15,0
412177******9120,2015-05-16 19:28:08,16.5,No,0,0,,-1.0,,0.0,19,0
412177******9122,2015-05-11 13:41:56,110.0,No,0,0,,-1.0,,0.0,13,0
412177******9122,2015-05-30 19:35:04,134.4,No,0,0,2015-05-11 13:41:56,27713.133333333335,110.0,0.22181818181818191,19,0
412177******9122,2015-05-30 19:35:04,134.4,No,0,0,2015-05-30 19:35:04,0.0,122.2,0.09983633387888702,19,0
412177******9134,2015-05-12 20:32:01,154.0,No,0,0,,-1.0,,0.0,20,0
412177******9134,2015-05-13 09:50:04,154.0,No,0,1,2015-05-12 20:32:01,798.05,154.0,0.0,9,0
412177******9158,2015-05-04 09:46:34,46.69,No,0,0,,-1.0,,0.0,9,0
412791******8212,2015-05-11 23:06:30,132.25,Yes,1,0,,-1.0,,0.0,23,1
415274******0114,2015-05-07 11:40:31,55.0,No,0,0,,-1.0,,0.0,11,0
415274******0120,2015-05-26 20:54:55,20.0,No,0,0,,-1.0,,0.0,20,0
415274******0126,2015-05-13 12:27:04,224.0,No,0,0,,-1.0,,0.0,12,0
415274******0126,2015-05-28 11:53:14,34.5,No,0,0,2015-05-13 12:27:04,21566.166666666668,224.0,-0.8459821428571428,11,0
415274******0129,2015-05-11 14:20:32,62.1,No,0,0,,-1.0,,0.0,14,0
415274******1111,2015-05-21 23:16:02,210.0,No,0,0,,-1.0,,0.0,23,1
415274******1117,2015-05-11 07:25:44,46.0,No,0,0,,-1.0,,0.0,7,0
415274******1121,2015-05-23 17:15:37,224.0,No,0,0,,-1.0,,0.0,17,0
415274******1121,2015-05-28 09:08:32,121.0,No,0,0,2015-05-23 17:15:37,6712.916666666667,224.0,-0.4598214285714286,9,0
415274******1128,2015-05-07 19:27:07,99.0,No,0,0,,-1.0,,0.0,19,0
415274******1128,2015-05-11 12:41:51,154.0,No,0,0,2015-05-07 19:27:07,5354.733333333334,99.0,0.5555555555555556,12,0
415274******1165,2015-05-24 13:07:47,20.0,No,0,0,,-1.0,,0.0,13,0
415274******1216,2015-05-25 15:36:42,34.5,No,0,0,,-1.0,,0.0,15,0
415274******1216,2015-05-26 16:35:59,46.0,No,0,0,2015-05-25 15:36:42,1499.2833333333333,34.5,0.33333333333333326,16,0
415274******2110,2015-05-21 10:20:04,117.6,No,0,0,,-1.0,,0.0,10,0
415274******2122,2015-05-17 19:48:15,134.4,No,0,0,,-1.0,,0.0,19,0
415274******2125,2015-05-19 23:14:47,69.0,No,0,0,,-1.0,,0.0,23,1
415274******2134,2015-05-07 12:36:05,69.0,No,0,0,,-1.0,,0.0,12,0
415274******2136,2015-05-19 14:26:54,89.6,No,0,0,,-1.0,,0.0,14,0
415274******2138,2015-05-20 09:46:27,40.0,No,0,0,,-1.0,,0.0,9,0
415274******2158,2015-05-14 15:32:17,330.0,No,0,0,,-1.0,,0.0,15,0
415274******3133,2015-05-09 20:37:02,103.5,No,0,0,,-1.0,,0.0,20,0
415274******3148,2015-05-29 01:30:17,172.5,No,0,0,,-1.0,,0.0,1,1
415274******3226,2015-05-11 19:39:00,201.25,No,0,0,,-1.0,,0.0,19,0
415274******3226,2015-05-11 21:00:24,132.25,No,0,1,2015-05-11 19:39:00,81.4,201.25,-0.34285714285714286,21,0
415274******3333,2015-05-06 15:03:54,34.5,No,0,0,,-1.0,,0.0,15,0
415274******4110,2015-05-19 10:44:50,235.2,No,0,0,,-1.0,,0.0,10,0
415274******4116,2015-05-06 13:59:26,138.0,No,0,0,,-1.0,,0.0,13,0
415274******4133,2015-05-21 12:44:45,46.0,No,0,0,,-1.0,,0.0,12,0
415274******4142,2015-05-10 01:06:43,286.0,No,0,0,,-1.0,,0.0,1,1
415274******4142,2015-05-10 20:56:18,297.0,No,0,1,2015-05-10 01:06:43,1189.5833333333333,286.0,0.03846153846153855,20,0
415274******5118,2015-05-16 20:17:10,16.5,No,0,0,,-1.0,,0.0,20,0
415274******5125,2015-05-28 12:44:52,99.0,No,0,0,,-1.0,,0.0,12,0
415274******5134,2015-05-01 12:35:21,57.5,No,0,0,,-1.0,,0.0,12,0
415274******5219,2015-05-05 19:22:29,58.36,No,0,0,,-1.0,,0.0,19,0
415274******6125,2015-05-15 00:19:12,201.6,No,0,0,,-1.0,,0.0,0,1
415274******6125,2015-05-19 23:17:13,34.5,No,0,0,2015-05-15 00:19:12,7138.016666666666,201.6,-0.8288690476190477,23,1
415274******6131,2015-05-21 15:55:50,70.03,No,0,0,,-1.0,,0.0,15,0
415274******6136,2015-05-28 18:03:20,184.0,No,0,0,,-1.0,,0.0,18,0
415274******6146,2015-05-11 19:23:19,132.25,No,0,0,,-1.0,,0.0,19,0
415274******6212,2015-05-17 17:47:01,112.0,No,0,0,,-1.0,,0.0,17,0
415274******6311,2015-05-15 23:00:42,168.0,No,0,0,,-1.0,,0.0,23,1
415274******7144,2015-05-11 18:00:57,201.25,No,0,0,,-1.0,,0.0,18,0
415274******8112,2015-05-29 09:49:11,260.0,No,0,0,,-1.0,,0.0,9,0
415274******8121,2015-05-14 10:10:55,154.0,No,0,0,,-1.0,,0.0,10,0
415274******8127,2015-05-13 12:27:41,56.0,No,0,0,,-1.0,,0.0,12,0
415274******8127,2015-05-13 21:49:41,56.0,No,0,1,2015-05-13 12:27:41,562.0,56.0,0.0,21,0
415274******8135,2015-05-13 14:18:25,154.0,No,0,0,,-1.0,,0.0,14,0
415274******8156,2015-05-18 16:33:27,38.5,No,0,0,,-1.0,,0.0,16,0
415274******8156,2015-05-22 18:52:32,38.5,No,0,0,2015-05-18 16:33:27,5899.083333333333,38.5,0.0,18,0
415274******8169,2015-05-05 17:48:19,99.0,No,0,0,,-1.0,,0.0,17,0
415274******8224,2015-05-19 20:27:37,84.0,No,0,0,,-1.0,,0.0,20,0
415274******9118,2015-05-11 21:28:01,132.25,No,0,0,,-1.0,,0.0,21,0
415274******9119,2015-05-06 20:48:35,16.5,No,0,0,,-1.0,,0.0,20,0
415274******9156,2015-05-06 13:52:49,138.0,No,0,0,,-1.0,,0.0,13,0
415275******0113,2015-05-13 19:57:35,308.0,No,0,0,,-1.0,,0.0,19,0
415275******0114,2015-05-28 13:39:45,69.0,No,0,0,,-1.0,,0.0,13,0
415275******0122,2015-05-11 21:39:38,106.4,No,0,0,,-1.0,,0.0,21,0
415275******0127,2015-05-02 01:02:18,134.4,No,0,0,,-1.0,,0.0,1,1
415275******0128,2015-05-11 10:13:41,77.0,No,0,0,,-1.0,,0.0,10,0
415275******0137,2015-05-20 08:04:31,84.0,No,0,0,,-1.0,,0.0,8,0
415275******0146,2015-05-30 10:09:32,132.0,No,0,0,,-1.0,,0.0,10,0
415275******0149,2015-05-29 14:05:27,34.5,No,0,0,,-1.0,,0.0,14,0
415275******0224,2015-05-30 17:27:46,99.0,No,0,0,,-1.0,,0.0,17,0
415275******0224,2015-05-30 17:27:46,99.0,No,0,0,2015-05-30 17:27:46,0.0,99.0,0.0,17,0
415275******1112,2015-05-12 09:19:40,44.8,No,0,0,,-1.0,,0.0,9,0
415275******1114,2015-05-13 11:12:03,56.0,No,0,0,,-1.0,,0.0,11,0
415275******1114,2015-05-29 14:50:33,121.0,No,0,0,2015-05-13 11:12:03,23258.5,56.0,1.1607142857142856,14,0
415275******1134,2015-05-21 14:56:37,115.0,No,0,0,,-1.0,,0.0,14,0
415275******1215,2015-05-06 10:40:00,207.0,No,0,0,,-1.0,,0.0,10,0
415275******1224,2015-05-19 22:29:18,220.0,No,0,0,,-1.0,,0.0,22,0
415275******1229,2015-05-11 22:29:37,402.5,No,0,0,,-1.0,,0.0,22,0
415275******1313,2015-05-13 12:43:26,89.6,No,0,0,,-1.0,,0.0,12,0
415275******2111,2015-05-09 20:27:15,268.8,No,0,0,,-1.0,,0.0,20,0
415275******2117,2015-05-16 10:47:27,16.5,No,0,0,,-1.0,,0.0,10,0
415275******2121,2015-05-29 17:43:01,92.0,No,0,0,,-1.0,,0.0,17,0
415275******2128,2015-05-14 17:29:15,154.0,No,0,0,,-1.0,,0.0,17,0
415275******3117,2015-05-20 17:59:23,235.2,No,0,0,,-1.0,,0.0,17,0
415275******3122,2015-05-07 09:56:57,268.8,No,0,0,,-1.0,,0.0,9,0
415275******3122,2015-05-18 21:26:40,224.0,No,0,0,2015-05-07 09:56:57,16529.716666666667,268.8,-0.16666666666666674,21,0
415275******3125,2015-05-15 13:47:41,241.5,No,0,0,,-1.0,,0.0,13,0
415275******3125,2015-05-26 16:29:03,34.5,No,0,0,2015-05-15 13:47:41,16001.366666666667,241.5,-0.8571428571428572,16,0
415275******3217,2015-05-11 18:16:36,201.25,No,0,0,,-1.0,,0.0,18,0
415275******3226,2015-05-12 13:49:55,78.4,No,0,0,,-1.0,,0.0,13,0
415275******4110,2015-05-14 21:26:05,154.0,No,0,0,,-1.0,,0.0,21,0
415275******4135,2015-05-07 15:50:37,92.0,No,0,0,,-1.0,,0.0,15,0
415275******5114,2015-05-11 19:17:24,132.25,No,0,0,,-1.0,,0.0,19,0
415275******5114,2015-05-14 10:41:18,172.75,No,0,0,2015-05-11 19:17:24,3803.9,132.25,0.3062381852551985,10,0
415275******5117,2015-05-30 12:50:03,25.0,No,0,0,,-1.0,,0.0,12,0
415275******5125,2015-05-14 18:33:02,154.0,No,0,0,,-1.0,,0.0,18,0
415275******5231,2015-05-15 09:29:26,89.6,No,0,0,,-1.0,,0.0,9,0
415275******5426,2015-05-12 19:42:37,55.0,No,0,0,,-1.0,,0.0,19,0
415275******6114,2015-05-01 19:19:35,150.0,No,0,0,,-1.0,,0.0,19,0
415275******6122,2015-05-25 19:36:03,63.46,No,0,0,,-1.0,,0.0,19,0
415275******6122,2015-05-29 17:46:02,34.5,No,0,0,2015-05-25 19:36:03,5649.983333333334,63.46,-0.45635045698077525,17,0
415275******6129,2015-05-11 13:58:18,154.0,No,0,0,,-1.0,,0.0,13,0
415275******6131,2015-05-25 16:12:50,92.0,No,0,0,,-1.0,,0.0,16,0
415275******6132,2015-05-27 20:39:33,55.0,No,0,0,,-1.0,,0.0,20,0
415275******6225,2015-05-05 14:04:25,143.0,No,0,0,,-1.0,,0.0,14,0
415275******6329,2015-05-18 20:37:42,220.0,No,0,0,,-1.0,,0.0,20,0
415275******6338,2015-05-11 20:19:09,154.0,No,0,0,,-1.0,,0.0,20,0
415275******7122,2015-05-25 11:24:15,630.0,No,0,0,,-1.0,,0.0,11,0
415275******7312,2015-05-11 21:40:05,154.0,No,0,0,,-1.0,,0.0,21,0
415275******7312,2015-05-15 16:03:01,154.0,No,0,0,2015-05-11 21:40:05,5422.933333333333,154.0,0.0,16,0
415275******8111,2015-05-11 21:23:55,78.4,No,0,0,,-1.0,,0.0,21,0
415275******8113,2015-05-14 09:27:40,93.15,No,0,0,,-1.0,,0.0,9,0
415275******8117,2015-05-01 20:41:32,69.0,No,0,0,,-1.0,,0.0,20,0
415275******8124,2015-05-24 11:43:27,15.0,No,0,0,,-1.0,,0.0,11,0
415275******8126,2015-05-29 12:07:46,345.0,No,0,0,,-1.0,,0.0,12,0
415275******8128,2015-05-20 15:11:45,161.0,No,0,0,,-1.0,,0.0,15,0
415275******8134,2015-05-27 20:53:14,121.0,No,0,0,,-1.0,,0.0,20,0
415275******8161,2015-05-20 10:16:23,63.25,No,0,0,,-1.0,,0.0,10,0
415275******8229,2015-05-12 23:44:50,115.0,No,0,0,,-1.0,,0.0,23,1
415275******8252,2015-05-08 13:30:14,99.0,No,0,0,,-1.0,,0.0,13,0
415275******8318,2015-05-12 23:20:21,27.5,No,0,0,,-1.0,,0.0,23,1
415275******9115,2015-05-28 13:44:07,46.0,No,0,0,,-1.0,,0.0,13,0
415275******9122,2015-05-17 09:56:01,57.5,No,0,0,,-1.0,,0.0,9,0
415275******9128,2015-05-01 17:14:10,143.0,No,0,0,,-1.0,,0.0,17,0
415275******9132,2015-05-08 15:30:02,121.0,No,0,0,,-1.0,,0.0,15,0
415275******9138,2015-05-22 15:32:52,69.0,No,0,0,,-1.0,,0.0,15,0
415275******9138,2015-05-22 19:05:40,34.5,No,0,1,2015-05-22 15:32:52,212.8,69.0,-0.5,19,0
415275******9138,2015-05-22 20:56:30,34.5,No,0,2,2015-05-22 19:05:40,110.83333333333333,51.75,-0.33333333333333337,20,0
416023******0031,2015-05-29 21:09:28,5.0,No,0,0,,-1.0,,0.0,21,0
416023******1018,2015-05-28 13:55:51,34.5,No,0,0,,-1.0,,0.0,13,0
416023******5021,2015-05-06 16:03:19,143.0,No,0,0,,-1.0,,0.0,16,0
416094******0253,2015-05-04 23:42:55,66.0,No,0,0,,-1.0,,0.0,23,1
416094******4906,2015-05-25 16:31:07,37.77,No,0,0,,-1.0,,0.0,16,0
417953******2608,2015-05-29 21:45:43,40.0,No,0,0,,-1.0,,0.0,21,0
417955******6196,2015-05-23 10:26:02,70.0,No,0,0,,-1.0,,0.0,10,0
417998******5117,2015-05-18 13:26:15,104.13,No,0,0,,-1.0,,0.0,13,0
418047******0064,2015-05-01 16:05:21,144.0,No,0,0,,-1.0,,0.0,16,0
418048******2012,2015-05-03 17:32:55,55.0,No,0,0,,-1.0,,0.0,17,0
418668******1719,2015-05-07 10:57:09,115.5,No,0,0,,-1.0,,0.0,10,0
418668******2105,2015-05-03 09:30:47,143.0,No,0,0,,-1.0,,0.0,9,0
418668******2835,2015-05-16 13:57:16,33.0,No,0,0,,-1.0,,0.0,13,0
418668******4404,2015-05-26 13:19:55,198.0,No,0,0,,-1.0,,0.0,13,0
418668******4613,2015-05-07 13:23:41,104.5,No,0,0,,-1.0,,0.0,13,0
418668******6132,2015-05-07 00:32:02,396.0,No,0,0,,-1.0,,0.0,0,1
418668******6714,2015-05-01 18:42:08,115.0,No,0,0,,-1.0,,0.0,18,0
418668******7292,2015-05-17 19:25:24,330.0,No,0,0,,-1.0,,0.0,19,0
418668******9319,2015-05-21 15:19:35,20.0,No,0,0,,-1.0,,0.0,15,0
418668******9319,2015-05-22 15:43:11,20.0,No,0,0,2015-05-21 15:19:35,1463.6,20.0,0.0,15,0
418668******9742,2015-05-19 22:11:01,92.0,No,0,0,,-1.0,,0.0,22,0
419619******2393,2015-05-08 10:12:58,99.0,No,0,0,,-1.0,,0.0,10,0
419619******7945,2015-05-21 13:40:00,15.0,No,0,0,,-1.0,,0.0,13,0
419619******9145,2015-05-23 14:47:02,35.0,No,0,0,,-1.0,,0.0,14,0
419620******1211,2015-05-13 09:07:39,112.0,No,0,0,,-1.0,,0.0,9,0
419620******1538,2015-05-14 16:17:37,154.0,No,0,0,,-1.0,,0.0,16,0
419620******1901,2015-05-06 12:32:48,123.3,No,0,0,,-1.0,,0.0,12,0
419620******2009,2015-05-07 22:05:40,89.6,No,0,0,,-1.0,,0.0,22,0
419620******2295,2015-05-14 09:36:35,242.0,No,0,0,,-1.0,,0.0,9,0
419620******2872,2015-05-28 12:59:40,10.0,No,0,0,,-1.0,,0.0,12,0
419620******4013,2015-05-06 15:14:07,103.5,No,0,0,,-1.0,,0.0,15,0
419620******4143,2015-05-29 18:18:33,110.0,No,0,0,,-1.0,,0.0,18,0
419620******5106,2015-05-07 16:45:29,78.96,No,0,0,,-1.0,,0.0,16,0
419620******6050,2015-05-28 19:05:04,137.5,No,0,0,,-1.0,,0.0,19,0
419620******6103,2015-05-09 16:39:36,34.5,No,0,0,,-1.0,,0.0,16,0
419620******6888,2015-05-04 15:43:14,187.0,No,0,0,,-1.0,,0.0,15,0
419620******7013,2015-05-15 10:54:13,93.15,No,0,0,,-1.0,,0.0,10,0
419620******7252,2015-05-26 01:40:20,100.8,No,0,0,,-1.0,,0.0,1,1
419620******7252,2015-05-26 01:53:07,190.4,No,0,1,2015-05-26 01:40:20,12.783333333333333,100.8,0.8888888888888891,1,1
419620******7252,2015-05-28 12:00:32,89.6,No,0,0,2015-05-26 01:53:07,3487.4166666666665,145.6,-0.3846153846153846,12,0
419620******7321,2015-05-15 16:41:02,308.0,No,0,0,,-1.0,,0.0,16,0
419620******7583,2015-05-27 23:19:53,88.0,No,0,0,,-1.0,,0.0,23,1
419620******9256,2015-05-26 18:12:44,190.4,No,0,0,,-1.0,,0.0,18,0
419620******9601,2015-05-11 21:59:21,156.8,No,0,0,,-1.0,,0.0,21,0
419625******0798,2015-05-08 14:08:02,132.0,No,0,0,,-1.0,,0.0,14,0
419625******1162,2015-05-06 18:37:50,165.0,No,0,0,,-1.0,,0.0,18,0
419625******4529,2015-05-09 10:55:25,138.0,No,0,0,,-1.0,,0.0,10,0
419625******4569,2015-05-18 21:34:20,112.0,No,0,0,,-1.0,,0.0,21,0
419625******4910,2015-05-23 00:43:09,20.0,No,0,0,,-1.0,,0.0,0,1
419625******5414,2015-05-21 18:22:56,330.0,No,0,0,,-1.0,,0.0,18,0
419625******6213,2015-05-08 18:23:49,201.6,No,0,0,,-1.0,,0.0,18,0
419625******7637,2015-05-24 01:43:48,190.4,No,0,0,,-1.0,,0.0,1,1
419625******8588,2015-05-06 09:31:58,231.0,No,0,0,,-1.0,,0.0,9,0
419625******9133,2015-05-16 10:33:03,92.0,No,0,0,,-1.0,,0.0,10,0
419625******9133,2015-05-18 15:01:32,57.5,No,0,0,2015-05-16 10:33:03,3148.483333333333,92.0,-0.375,15,0
419625******9133,2015-05-23 16:05:51,57.5,No,0,0,2015-05-18 15:01:32,7264.316666666667,74.75,-0.23076923076923073,16,0
419628******0040,2015-05-13 20:56:00,154.0,No,0,0,,-1.0,,0.0,20,0
419628******1511,2015-05-14 22:00:22,92.0,No,0,0,,-1.0,,0.0,22,0
419628******1737,2015-05-12 12:12:43,92.0,No,0,0,,-1.0,,0.0,12,0
419628******1929,2015-05-06 11:15:53,103.5,No,0,0,,-1.0,,0.0,11,0
419628******3214,2015-05-07 08:51:44,112.0,No,0,0,,-1.0,,0.0,8,0
419628******5698,2015-05-22 18:56:29,150.0,No,0,0,,-1.0,,0.0,18,0
419628******5831,2015-05-15 10:34:21,274.38,No,0,0,,-1.0,,0.0,10,0
419628******6367,2015-05-02 15:07:07,89.6,No,0,0,,-1.0,,0.0,15,0
419628******6367,2015-05-17 21:27:27,138.0,No,0,0,2015-05-02 15:07:07,21980.333333333332,89.6,0.5401785714285716,21,0
419628******6367,2015-05-26 17:05:15,235.2,No,0,0,2015-05-17 21:27:27,12697.8,113.8,1.0667838312829523,17,0
419628******6448,2015-05-30 14:14:48,10.0,No,0,0,,-1.0,,0.0,14,0
419628******7259,2015-05-15 14:03:29,77.0,No,0,0,,-1.0,,0.0,14,0
419628******7833,2015-05-06 23:01:07,143.0,No,0,0,,-1.0,,0.0,23,1
419628******8154,2015-05-05 11:16:55,143.0,No,0,0,,-1.0,,0.0,11,0
419628******8546,2015-05-22 17:22:39,300.0,No,0,0,,-1.0,,0.0,17,0
419628******8939,2015-05-07 22:55:47,89.6,No,0,0,,-1.0,,0.0,22,0
419628******9112,2015-05-14 21:27:11,99.0,No,0,0,,-1.0,,0.0,21,0
419628******9769,2015-05-10 18:36:45,297.0,No,0,0,,-1.0,,0.0,18,0
419628******9769,2015-05-11 21:14:03,201.25,No,0,0,2015-05-10 18:36:45,1597.3,297.0,-0.32239057239057234,21,0
419806******1050,2015-05-20 08:45:04,54.0,No,0,0,,-1.0,,0.0,8,0
419806******1050,2015-05-20 16:26:54,27.0,No,0,1,2015-05-20 08:45:04,461.8333333333333,54.0,-0.5,16,0
420312******4021,2015-05-07 15:05:44,57.5,Yes,1,0,,-1.0,,0.0,15,0
420312******4021,2015-05-07 15:07:20,57.5,Yes,1,1,2015-05-07 15:05:44,1.6,57.5,0.0,15,0
420312******4021,2015-05-07 15:09:19,57.5,Yes,1,2,2015-05-07 15:07:20,1.9833333333333334,57.5,0.0,15,0
420312******4021,2015-05-07 15:10:45,57.5,Yes,1,3,2015-05-07 15:09:19,1.4333333333333333,57.5,0.0,15,0
420312******4021,2015-05-07 15:12:06,57.5,Yes,1,4,2015-05-07 15:10:45,1.35,57.5,0.0,15,0
420312******4021,2015-05-07 15:13:35,57.5,Yes,1,5,2015-05-07 15:12:06,1.4833333333333334,57.5,0.0,15,0
420340******2012,2015-05-29 13:06:11,46.0,No,0,0,,-1.0,,0.0,13,0
420340******3019,2015-05-26 14:09:57,99.0,No,0,0,,-1.0,,0.0,14,0
420340******6031,2015-05-29 18:36:09,88.0,No,0,0,,-1.0,,0.0,18,0
420340******8016,2015-05-01 11:47:44,104.5,No,0,0,,-1.0,,0.0,11,0
420341******0017,2015-05-04 13:30:27,138.0,No,0,0,,-1.0,,0.0,13,0
421309******8441,2015-05-25 21:59:55,62.1,No,0,0,,-1.0,,0.0,21,0
421365******0052,2015-05-19 10:27:53,5.0,No,0,0,,-1.0,,0.0,10,0
421365******0052,2015-05-19 10:45:01,5.0,No,0,1,2015-05-19 10:27:53,17.133333333333333,5.0,0.0,10,0
421365******0081,2015-05-14 12:33:26,121.79,No,0,0,,-1.0,,0.0,12,0
421644******8551,2015-05-15 14:55:04,110.0,No,0,0,,-1.0,,0.0,14,0
421843******0456,2015-05-25 17:25:21,38.5,No,0,0,,-1.0,,0.0,17,0
421844******0016,2015-05-27 21:36:55,172.54,No,0,0,,-1.0,,0.0,21,0
421844******0512,2015-05-29 18:14:28,44.47,No,0,0,,-1.0,,0.0,18,0
421844******1317,2015-05-05 15:43:30,46.0,No,0,0,,-1.0,,0.0,15,0
421844******3435,2015-05-07 13:35:18,100.8,No,0,0,,-1.0,,0.0,13,0
421844******4527,2015-05-13 13:14:51,91.35,No,0,0,,-1.0,,0.0,13,0
421844******5238,2015-05-25 09:45:18,220.0,No,0,0,,-1.0,,0.0,9,0
421844******5486,2015-05-13 23:43:54,60.0,No,0,0,,-1.0,,0.0,23,1
421844******6461,2015-05-07 11:46:15,89.6,No,0,0,,-1.0,,0.0,11,0
421844******7617,2015-05-07 11:51:21,89.6,No,0,0,,-1.0,,0.0,11,0
421844******8204,2015-05-11 16:27:19,112.0,No,0,0,,-1.0,,0.0,16,0
421844******8356,2015-05-27 19:12:11,89.6,No,0,0,,-1.0,,0.0,19,0
421845******0298,2015-05-01 14:36:52,31.59,No,0,0,,-1.0,,0.0,14,0
421845******0472,2015-05-11 17:48:56,78.4,No,0,0,,-1.0,,0.0,17,0
421845******0633,2015-05-11 21:09:19,132.25,No,0,0,,-1.0,,0.0,21,0
421845******2227,2015-05-07 10:49:13,78.4,No,0,0,,-1.0,,0.0,10,0
421845******2593,2015-05-05 17:05:28,146.66,No,0,0,,-1.0,,0.0,17,0
421845******2987,2015-05-19 14:28:13,156.8,No,0,0,,-1.0,,0.0,14,0
421845******3478,2015-05-23 18:42:00,201.6,No,0,0,,-1.0,,0.0,18,0
421845******3976,2015-05-14 10:43:00,31.05,No,0,0,,-1.0,,0.0,10,0
421845******4307,2015-05-05 22:02:41,34.5,No,0,0,,-1.0,,0.0,22,0
421845******4569,2015-05-20 23:17:09,89.6,No,0,0,,-1.0,,0.0,23,1
421845******5141,2015-05-26 08:43:19,36.66,No,0,0,,-1.0,,0.0,8,0
421845******5180,2015-05-30 17:39:40,15.0,No,0,0,,-1.0,,0.0,17,0
421845******5180,2015-05-30 17:39:40,15.0,No,0,0,2015-05-30 17:39:40,0.0,15.0,0.0,17,0
421845******5540,2015-05-07 10:05:34,89.6,No,0,0,,-1.0,,0.0,10,0
421845******5748,2015-05-29 20:21:16,20.0,No,0,0,,-1.0,,0.0,20,0
421845******6137,2015-05-13 01:10:33,60.0,No,0,0,,-1.0,,0.0,1,1
421845******6411,2015-05-15 14:48:07,110.0,No,0,0,,-1.0,,0.0,14,0
421845******8731,2015-05-03 15:48:38,73.34,No,0,0,,-1.0,,0.0,15,0
421845******8731,2015-05-03 16:03:49,28.0,No,0,1,2015-05-03 15:48:38,15.183333333333334,73.34,-0.6182165257703846,16,0
421845******8814,2015-05-25 00:53:59,110.0,No,0,0,,-1.0,,0.0,0,1
421845******9176,2015-05-05 21:29:51,111.65,No,0,0,,-1.0,,0.0,21,0
421845******9703,2015-05-15 10:31:34,99.0,No,0,0,,-1.0,,0.0,10,0
421845******9769,2015-05-28 19:19:45,100.8,No,0,0,,-1.0,,0.0,19,0
421845******9909,2015-05-26 18:39:20,403.2,No,0,0,,-1.0,,0.0,18,0
421847******0155,2015-05-06 10:44:23,115.0,No,0,0,,-1.0,,0.0,10,0
421847******0894,2015-05-23 20:42:18,20.0,No,0,0,,-1.0,,0.0,20,0
421847******0925,2015-05-28 00:22:12,99.0,No,0,0,,-1.0,,0.0,0,1
421847******1177,2015-05-14 17:20:36,291.2,No,0,0,,-1.0,,0.0,17,0
421847******1254,2015-05-11 10:43:37,104.5,Yes,1,0,,-1.0,,0.0,10,0
421847******1254,2015-05-11 10:43:38,104.5,No,0,1,2015-05-11 10:43:37,0.016666666666666666,104.5,0.0,10,0
421847******1254,2015-05-11 10:43:42,104.5,Yes,1,2,2015-05-11 10:43:38,0.06666666666666667,104.5,0.0,10,0
421847******1361,2015-05-03 20:11:57,31.59,No,0,0,,-1.0,,0.0,20,0
421847******1723,2015-05-22 00:18:36,80.0,Yes,1,0,,-1.0,,0.0,0,1
421847******1723,2015-05-22 00:19:23,80.0,Yes,1,1,2015-05-22 00:18:36,0.7833333333333333,80.0,0.0,0,1
421847******1746,2015-05-28 23:50:20,1060.0,No,0,0,,-1.0,,0.0,23,1
421847******3170,2015-05-07 23:25:30,143.0,No,0,0,,-1.0,,0.0,23,1
421847******3687,2015-05-11 11:03:19,156.8,No,0,0,,-1.0,,0.0,11,0
421847******4685,2015-05-21 15:56:09,10.0,No,0,0,,-1.0,,0.0,15,0
421847******4685,2015-05-22 13:36:50,10.0,No,0,1,2015-05-21 15:56:09,1300.6833333333334,10.0,0.0,13,0
421847******4737,2015-05-22 23:15:34,224.0,No,0,0,,-1.0,,0.0,23,1
421847******5273,2015-05-04 22:34:27,112.0,No,0,0,,-1.0,,0.0,22,0
421847******5273,2015-05-04 23:05:39,89.6,No,0,1,2015-05-04 22:34:27,31.2,112.0,-0.20000000000000007,23,1
421847******5273,2015-05-07 11:09:34,99.0,No,0,0,2015-05-04 23:05:39,3603.9166666666665,100.8,-0.017857142857142794,11,0
421847******5545,2015-05-19 19:10:01,80.5,No,0,0,,-1.0,,0.0,19,0
421847******5549,2015-05-18 19:58:26,138.0,No,0,0,,-1.0,,0.0,19,0
421847******5757,2015-05-10 22:36:58,45.2,No,0,0,,-1.0,,0.0,22,0
421847******6225,2015-05-13 22:40:30,172.75,No,0,0,,-1.0,,0.0,22,0
421847******6252,2015-05-15 15:24:06,104.5,No,0,0,,-1.0,,0.0,15,0
421847******6440,2015-05-29 20:32:01,55.0,No,0,0,,-1.0,,0.0,20,0
421847******6504,2015-05-14 15:05:18,495.0,No,0,0,,-1.0,,0.0,15,0
421847******6625,2015-05-11 18:01:50,190.4,No,0,0,,-1.0,,0.0,18,0
421847******6752,2015-05-18 16:29:22,253.0,No,0,0,,-1.0,,0.0,16,0
421847******6945,2015-05-15 13:45:13,77.0,No,0,0,,-1.0,,0.0,13,0
421847******7030,2015-05-08 00:41:37,78.4,No,0,0,,-1.0,,0.0,0,1
421847******7049,2015-05-15 20:16:43,55.0,No,0,0,,-1.0,,0.0,20,0
421847******7889,2015-05-22 12:50:56,105.0,No,0,0,,-1.0,,0.0,12,0
421847******7941,2015-05-04 15:54:32,99.0,No,0,0,,-1.0,,0.0,15,0
421847******7986,2015-05-12 13:00:08,313.6,No,0,0,,-1.0,,0.0,13,0
421847******7986,2015-05-13 14:43:05,258.5,No,0,0,2015-05-12 13:00:08,1542.95,313.6,-0.17570153061224492,14,0
421847******8742,2015-05-10 23:14:06,148.5,No,0,0,,-1.0,,0.0,23,1
421847******9175,2015-05-16 20:48:33,145.6,No,0,0,,-1.0,,0.0,20,0
421847******9299,2015-05-11 17:29:27,156.8,No,0,0,,-1.0,,0.0,17,0
421847******9356,2015-05-07 13:29:37,201.6,No,0,0,,-1.0,,0.0,13,0
421847******9393,2015-05-27 18:21:35,99.0,No,0,0,,-1.0,,0.0,18,0
421847******9520,2015-05-05 08:19:05,143.0,No,0,0,,-1.0,,0.0,8,0
421848******0292,2015-05-19 11:35:15,15.0,No,0,0,,-1.0,,0.0,11,0
421848******1781,2015-05-25 12:36:53,86.0,No,0,0,,-1.0,,0.0,12,0
421848******1958,2015-05-01 16:46:30,36.54,No,0,0,,-1.0,,0.0,16,0
421848******2140,2015-05-25 11:17:54,31.59,No,0,0,,-1.0,,0.0,11,0
421848******2690,2015-05-22 16:42:14,115.0,No,0,0,,-1.0,,0.0,16,0
421848******5233,2015-05-28 20:31:05,121.0,No,0,0,,-1.0,,0.0,20,0
421848******5973,2015-05-20 15:37:20,132.0,No,0,0,,-1.0,,0.0,15,0
421848******6086,2015-05-28 19:06:45,10.0,No,0,0,,-1.0,,0.0,19,0
421848******6327,2015-05-15 20:25:01,30.45,No,0,0,,-1.0,,0.0,20,0
421848******6327,2015-05-15 20:26:20,30.45,No,0,1,2015-05-15 20:25:01,1.3166666666666667,30.45,0.0,20,0
421848******6900,2015-05-26 11:43:34,220.0,No,0,0,,-1.0,,0.0,11,0
421848******8484,2015-05-29 19:17:14,93.37,No,0,0,,-1.0,,0.0,19,0
421848******9919,2015-05-04 21:21:51,46.69,No,0,0,,-1.0,,0.0,21,0
422003******0215,2015-05-29 19:52:08,100.8,No,0,0,,-1.0,,0.0,19,0
422003******0238,2015-05-11 18:28:55,104.5,No,0,0,,-1.0,,0.0,18,0
422003******1001,2015-05-21 14:51:29,504.0,No,0,0,,-1.0,,0.0,14,0
422003******1153,2015-05-05 22:41:56,268.8,No,0,0,,-1.0,,0.0,22,0
422003******3675,2015-05-15 18:23:47,123.3,No,0,0,,-1.0,,0.0,18,0
422003******3697,2015-05-25 10:26:23,630.0,No,0,0,,-1.0,,0.0,10,0
422003******3820,2015-05-08 19:08:47,99.0,No,0,0,,-1.0,,0.0,19,0
422003******4009,2015-05-06 19:41:49,336.0,No,0,0,,-1.0,,0.0,19,0
422003******4518,2015-05-12 12:54:03,132.25,No,0,0,,-1.0,,0.0,12,0
422003******4635,2015-05-08 22:56:59,319.0,No,0,0,,-1.0,,0.0,22,0
422003******5334,2015-05-12 11:03:15,156.8,No,0,0,,-1.0,,0.0,11,0
422003******6329,2015-05-28 16:14:41,26.0,No,0,0,,-1.0,,0.0,16,0
422003******6336,2015-05-29 23:12:15,848.0,No,0,0,,-1.0,,0.0,23,1
422003******6360,2015-05-15 16:05:10,308.0,No,0,0,,-1.0,,0.0,16,0
422003******6360,2015-05-15 16:17:04,154.0,No,0,1,2015-05-15 16:05:10,11.9,308.0,-0.5,16,0
422003******6360,2015-05-15 16:20:27,154.0,No,0,2,2015-05-15 16:17:04,3.3833333333333333,231.0,-0.33333333333333337,16,0
422003******7600,2015-05-06 00:12:50,330.0,No,0,0,,-1.0,,0.0,0,1
422003******7784,2015-05-14 14:45:27,154.0,No,0,0,,-1.0,,0.0,14,0
422003******8319,2015-05-01 20:51:04,115.0,No,0,0,,-1.0,,0.0,20,0
422003******9379,2015-05-28 21:17:35,80.5,No,0,0,,-1.0,,0.0,21,0
422003******9476,2015-05-13 20:14:21,156.8,No,0,0,,-1.0,,0.0,20,0
422004******3986,2015-05-21 13:34:06,20.0,No,0,0,,-1.0,,0.0,13,0
422005******1443,2015-05-15 14:07:08,120.0,No,0,0,,-1.0,,0.0,14,0
422005******1736,2015-05-15 11:00:17,154.0,No,0,0,,-1.0,,0.0,11,0
422005******1853,2015-05-17 13:30:08,460.0,No,0,0,,-1.0,,0.0,13,0
422005******2122,2015-05-26 10:37:22,20.0,No,0,0,,-1.0,,0.0,10,0
422005******2149,2015-05-09 20:10:18,66.0,No,0,0,,-1.0,,0.0,20,0
422005******2149,2015-05-09 20:20:43,66.0,No,0,1,2015-05-09 20:10:18,10.416666666666666,66.0,0.0,20,0
422005******2456,2015-05-13 13:29:01,69.0,No,0,0,,-1.0,,0.0,13,0
422005******2987,2015-05-11 18:09:32,132.25,No,0,0,,-1.0,,0.0,18,0
422005******3011,2015-05-22 10:52:05,46.0,No,0,0,,-1.0,,0.0,10,0
422005******3094,2015-05-03 20:52:17,138.0,No,0,0,,-1.0,,0.0,20,0
422005******3800,2015-05-08 09:11:29,143.0,No,0,0,,-1.0,,0.0,9,0
422005******3878,2015-05-15 18:59:29,110.0,No,0,0,,-1.0,,0.0,18,0
422005******4705,2015-05-06 15:25:59,103.5,No,0,0,,-1.0,,0.0,15,0
422005******4792,2015-05-14 21:30:31,352.0,No,0,0,,-1.0,,0.0,21,0
422005******5049,2015-05-26 12:23:28,126.0,No,0,0,,-1.0,,0.0,12,0
422005******5833,2015-05-11 17:18:31,154.0,No,0,0,,-1.0,,0.0,17,0
422005******6968,2015-05-07 17:19:06,110.0,No,0,0,,-1.0,,0.0,17,0
422005******7305,2015-05-09 10:09:49,62.1,No,0,0,,-1.0,,0.0,10,0
422005******9249,2015-05-24 19:13:59,20.0,No,0,0,,-1.0,,0.0,19,0
422005******9249,2015-05-28 21:19:30,5.0,No,0,0,2015-05-24 19:13:59,5885.516666666666,20.0,-0.75,21,0
422005******9525,2015-05-07 19:00:35,132.0,No,0,0,,-1.0,,0.0,19,0
422005******9576,2015-05-06 13:33:34,88.0,No,0,0,,-1.0,,0.0,13,0
422005******9576,2015-05-07 18:16:51,110.0,No,0,0,2015-05-06 13:33:34,1723.2833333333333,88.0,0.25,18,0
422005******9576,2015-05-27 19:09:03,88.0,No,0,0,2015-05-07 18:16:51,28852.2,99.0,-0.11111111111111116,19,0
422006******8379,2015-05-02 22:49:23,184.0,No,0,0,,-1.0,,0.0,22,0
422011******9040,2015-05-08 18:04:57,46.0,No,0,0,,-1.0,,0.0,18,0
422012******3154,2015-05-05 12:12:34,23.0,No,0,0,,-1.0,,0.0,12,0
422012******9019,2015-05-07 23:38:08,23.0,No,0,0,,-1.0,,0.0,23,1
422023******4010,2015-05-13 19:45:27,23.0,No,0,0,,-1.0,,0.0,19,0
422023******4010,2015-05-13 20:32:58,23.0,No,0,1,2015-05-13 19:45:27,47.516666666666666,23.0,0.0,20,0
422023******8017,2015-05-22 13:42:08,69.0,No,0,0,,-1.0,,0.0,13,0
422053******0036,2015-05-12 13:38:27,154.0,No,0,0,,-1.0,,0.0,13,0
422053******0049,2015-05-16 10:54:22,100.0,No,0,0,,-1.0,,0.0,10,0
422053******1013,2015-05-24 14:04:13,31.59,No,0,0,,-1.0,,0.0,14,0
422053******1035,2015-05-22 12:54:01,23.0,No,0,0,,-1.0,,0.0,12,0
422053******2014,2015-05-07 16:04:52,143.0,No,0,0,,-1.0,,0.0,16,0
422053******2043,2015-05-22 11:07:23,50.75,No,0,0,,-1.0,,0.0,11,0
422053******3028,2015-05-22 09:53:58,35.01,No,0,0,,-1.0,,0.0,9,0
422053******3033,2015-05-06 13:38:00,70.0,No,0,0,,-1.0,,0.0,13,0
422053******3055,2015-05-29 16:26:22,17.51,No,0,0,,-1.0,,0.0,16,0
422053******4015,2015-05-06 14:55:24,103.5,No,0,0,,-1.0,,0.0,14,0
422053******5037,2015-05-26 16:36:05,88.0,No,0,0,,-1.0,,0.0,16,0
422053******6024,2015-05-20 22:16:18,50.0,No,0,0,,-1.0,,0.0,22,0
422053******6025,2015-05-06 15:34:04,165.0,No,0,0,,-1.0,,0.0,15,0
422053******6033,2015-05-06 14:44:15,34.5,No,0,0,,-1.0,,0.0,14,0
422053******6034,2015-05-05 20:50:36,57.5,No,0,0,,-1.0,,0.0,20,0
422053******6034,2015-05-08 17:29:35,57.5,No,0,0,2015-05-05 20:50:36,4118.983333333334,57.5,0.0,17,0
422053******7023,2015-05-03 16:47:24,49.5,No,0,0,,-1.0,,0.0,16,0
422053******7034,2015-05-14 23:26:10,16.5,No,0,0,,-1.0,,0.0,23,1
422053******7073,2015-05-22 10:55:30,50.75,No,0,0,,-1.0,,0.0,10,0
422053******7075,2015-05-19 11:37:04,20.0,No,0,0,,-1.0,,0.0,11,0
422053******8025,2015-05-16 12:55:03,33.0,No,0,0,,-1.0,,0.0,12,0
422053******8050,2015-05-24 22:42:01,31.59,No,0,0,,-1.0,,0.0,22,0
422053******8050,2015-05-29 17:32:11,46.69,No,0,0,2015-05-24 22:42:01,6890.166666666667,31.59,0.4779993668882556,17,0
422053******8060,2015-05-22 15:29:51,15.8,No,0,0,,-1.0,,0.0,15,0
422053******9026,2015-05-26 12:21:18,34.33,No,0,0,,-1.0,,0.0,12,0
422053******9040,2015-05-20 20:02:22,23.0,No,0,0,,-1.0,,0.0,20,0
422053******9040,2015-05-20 21:13:10,23.0,No,0,1,2015-05-20 20:02:22,70.8,23.0,0.0,21,0
422053******9040,2015-05-20 21:25:49,23.0,No,0,2,2015-05-20 21:13:10,12.65,23.0,0.0,21,0
422061******0046,2015-05-28 09:03:19,88.0,No,0,0,,-1.0,,0.0,9,0
422061******0090,2015-05-19 19:36:43,154.0,No,0,0,,-1.0,,0.0,19,0
422061******0105,2015-05-18 22:26:55,62.1,No,0,0,,-1.0,,0.0,22,0
422061******0105,2015-05-29 16:05:54,69.0,No,0,0,2015-05-18 22:26:55,15458.983333333334,62.1,0.11111111111111116,16,0
422061******0127,2015-05-04 09:41:36,70.03,No,0,0,,-1.0,,0.0,9,0
422061******0134,2015-05-02 21:16:26,143.0,No,0,0,,-1.0,,0.0,21,0
422061******0144,2015-05-14 21:42:28,46.0,No,0,0,,-1.0,,0.0,21,0
422061******0170,2015-05-04 19:06:44,80.5,No,0,0,,-1.0,,0.0,19,0
422061******0170,2015-05-04 19:18:14,80.5,No,0,1,2015-05-04 19:06:44,11.5,80.5,0.0,19,0
422061******0190,2015-05-09 12:19:28,143.0,No,0,0,,-1.0,,0.0,12,0
422061******0239,2015-05-13 19:06:27,31.05,No,0,0,,-1.0,,0.0,19,0
422061******0255,2015-05-30 21:37:43,25.0,No,0,0,,-1.0,,0.0,21,0
422061******0255,2015-05-30 21:37:43,25.0,No,0,0,2015-05-30 21:37:43,0.0,25.0,0.0,21,0
422061******0256,2015-05-12 19:42:50,154.0,No,0,0,,-1.0,,0.0,19,0
422061******0257,2015-05-14 08:51:04,123.3,No,0,0,,-1.0,,0.0,8,0
422061******0258,2015-05-08 17:42:09,77.0,No,0,0,,-1.0,,0.0,17,0
422061******0280,2015-05-22 15:13:22,112.0,No,0,0,,-1.0,,0.0,15,0
422061******0295,2015-05-24 11:52:56,15.0,No,0,0,,-1.0,,0.0,11,0
422061******0425,2015-05-16 14:52:22,49.5,No,0,0,,-1.0,,0.0,14,0
422061******0428,2015-05-20 07:15:43,88.0,No,0,0,,-1.0,,0.0,7,0
422061******0428,2015-05-20 14:28:29,44.0,No,0,1,2015-05-20 07:15:43,432.76666666666665,88.0,-0.5,14,0
422061******0441,2015-05-20 20:33:43,112.0,No,0,0,,-1.0,,0.0,20,0
422061******0441,2015-05-30 17:48:20,67.2,No,0,0,2015-05-20 20:33:43,14234.616666666667,112.0,-0.4,17,0
422061******0441,2015-05-30 17:48:20,67.2,No,0,0,2015-05-30 17:48:20,0.0,89.6,-0.2499999999999999,17,0
422061******0463,2015-05-29 13:20:33,99.0,No,0,0,,-1.0,,0.0,13,0
422061******0514,2015-05-14 13:30:20,154.0,No,0,0,,-1.0,,0.0,13,0
422061******0540,2015-05-04 21:04:51,46.0,No,0,0,,-1.0,,0.0,21,0
422061******0540,2015-05-29 23:14:46,132.0,No,0,0,2015-05-04 21:04:51,36129.916666666664,46.0,1.8695652173913042,23,1
422061******0565,2015-05-05 15:03:56,92.0,No,0,0,,-1.0,,0.0,15,0
422061******0721,2015-05-25 15:08:24,80.5,No,0,0,,-1.0,,0.0,15,0
422061******0772,2015-05-28 21:04:43,77.0,No,0,0,,-1.0,,0.0,21,0
422061******0787,2015-05-08 14:05:08,88.0,No,0,0,,-1.0,,0.0,14,0
422061******0787,2015-05-12 10:14:22,132.25,No,0,0,2015-05-08 14:05:08,5529.233333333334,88.0,0.5028409090909092,10,0
422061******0789,2015-05-11 17:19:07,275.0,No,0,0,,-1.0,,0.0,17,0
422061******0816,2015-05-22 22:06:40,132.0,No,0,0,,-1.0,,0.0,22,0
422061******0826,2015-05-24 16:54:47,5.0,No,0,0,,-1.0,,0.0,16,0
422061******0880,2015-05-15 19:37:01,77.0,No,0,0,,-1.0,,0.0,19,0
422061******0880,2015-05-28 21:42:45,77.0,No,0,0,2015-05-15 19:37:01,18845.733333333334,77.0,0.0,21,0
422061******0916,2015-05-16 13:13:26,179.2,No,0,0,,-1.0,,0.0,13,0
422061******0946,2015-05-09 19:08:54,34.5,No,0,0,,-1.0,,0.0,19,0
422061******0946,2015-05-09 19:17:14,34.5,No,0,1,2015-05-09 19:08:54,8.333333333333334,34.5,0.0,19,0
422061******0946,2015-05-13 20:54:01,78.4,No,0,0,2015-05-09 19:17:14,5856.783333333334,34.5,1.272463768115942,20,0
422061******0946,2015-05-15 16:21:09,104.5,No,0,0,2015-05-13 20:54:01,2607.133333333333,49.13333333333333,1.126865671641791,16,0
422061******0993,2015-05-29 19:33:19,99.0,No,0,0,,-1.0,,0.0,19,0
422061******1019,2015-05-06 00:14:59,179.2,No,0,0,,-1.0,,0.0,0,1
422061******1071,2015-05-19 18:31:49,88.0,No,0,0,,-1.0,,0.0,18,0
422061******1130,2015-05-29 16:46:27,69.0,No,0,0,,-1.0,,0.0,16,0
422061******1224,2015-05-17 17:03:06,259.2,No,0,0,,-1.0,,0.0,17,0
422061******1252,2015-05-11 18:03:55,89.6,No,0,0,,-1.0,,0.0,18,0
422061******1252,2015-05-24 22:29:33,224.0,No,0,0,2015-05-11 18:03:55,18985.633333333335,89.6,1.5,22,0
422061******1277,2015-05-28 21:01:34,99.0,No,0,0,,-1.0,,0.0,21,0
422061******1310,2015-05-13 13:04:47,297.0,No,0,0,,-1.0,,0.0,13,0
422061******1314,2015-05-12 23:43:01,77.0,No,0,0,,-1.0,,0.0,23,1
422061******1373,2015-05-30 13:09:34,88.0,No,0,0,,-1.0,,0.0,13,0
422061******1401,2015-05-08 14:18:00,78.4,No,0,0,,-1.0,,0.0,14,0
422061******1401,2015-05-29 09:37:57,88.0,No,0,0,2015-05-08 14:18:00,29959.95,78.4,0.12244897959183665,9,0
422061******1439,2015-05-02 19:20:04,99.0,No,0,0,,-1.0,,0.0,19,0
422061******1537,2015-05-21 15:43:24,20.0,No,0,0,,-1.0,,0.0,15,0
422061******1549,2015-05-07 09:46:47,77.0,No,0,0,,-1.0,,0.0,9,0
422061******1577,2015-05-11 14:03:37,78.4,No,0,0,,-1.0,,0.0,14,0
422061******1577,2015-05-29 22:22:25,172.5,No,0,0,2015-05-11 14:03:37,26418.8,78.4,1.200255102040816,22,0
422061******1602,2015-05-01 12:18:57,115.0,No,0,0,,-1.0,,0.0,12,0
422061******1614,2015-05-27 23:51:57,46.69,No,0,0,,-1.0,,0.0,23,1
422061******1647,2015-05-05 18:59:07,168.0,No,0,0,,-1.0,,0.0,18,0
422061******1647,2015-05-11 14:19:02,156.8,No,0,0,2015-05-05 18:59:07,8359.916666666666,168.0,-0.06666666666666665,14,0
422061******1647,2015-05-11 22:28:23,45.2,No,0,1,2015-05-11 14:19:02,489.35,162.4,-0.7216748768472907,22,0
422061******1647,2015-05-17 22:13:05,78.4,No,0,0,2015-05-11 22:28:23,8624.7,123.33333333333333,-0.36432432432432427,22,0
422061******1647,2015-05-24 23:15:32,67.2,No,0,0,2015-05-17 22:13:05,10142.45,112.10000000000001,-0.4005352363960749,23,1
422061******1647,2015-05-28 17:42:39,77.0,No,0,0,2015-05-24 23:15:32,5427.116666666667,103.12,-0.2532971295577968,17,0
422061******1653,2015-05-06 14:05:55,138.0,No,0,0,,-1.0,,0.0,14,0
422061******1679,2015-05-30 10:07:45,121.0,No,0,0,,-1.0,,0.0,10,0
422061******1680,2015-05-13 21:39:39,78.4,No,0,0,,-1.0,,0.0,21,0
422061******1734,2015-05-05 10:33:26,209.0,No,0,0,,-1.0,,0.0,10,0
422061******1761,2015-05-25 21:28:57,62.1,No,0,0,,-1.0,,0.0,21,0
422061******1772,2015-05-18 21:47:24,19.74,No,0,0,,-1.0,,0.0,21,0
422061******1773,2015-05-13 00:24:51,308.0,No,0,0,,-1.0,,0.0,0,1
422061******1778,2015-05-29 19:31:13,80.5,No,0,0,,-1.0,,0.0,19,0
422061******1786,2015-05-11 18:09:14,201.25,No,0,0,,-1.0,,0.0,18,0
422061******1793,2015-05-12 17:28:33,154.0,No,0,0,,-1.0,,0.0,17,0
422061******1807,2015-05-13 11:23:28,308.0,No,0,0,,-1.0,,0.0,11,0
422061******1807,2015-05-28 13:52:31,88.0,No,0,0,2015-05-13 11:23:28,21749.05,308.0,-0.7142857142857143,13,0
422061******1830,2015-05-29 15:33:51,172.5,No,0,0,,-1.0,,0.0,15,0
422061******1848,2015-05-07 17:07:38,120.75,No,0,0,,-1.0,,0.0,17,0
422061******1875,2015-05-28 23:38:07,10.0,No,0,0,,-1.0,,0.0,23,1
422061******1932,2015-05-14 10:33:17,89.6,No,0,0,,-1.0,,0.0,10,0
422061******1937,2015-05-28 01:32:49,10.0,No,0,0,,-1.0,,0.0,1,1
422061******2005,2015-05-25 10:02:30,630.0,No,0,0,,-1.0,,0.0,10,0
422061******2029,2015-05-14 22:21:23,154.0,No,0,0,,-1.0,,0.0,22,0
422061******2049,2015-05-07 22:54:47,155.25,No,0,0,,-1.0,,0.0,22,0
422061******2064,2015-05-04 17:11:35,27.63,No,0,0,,-1.0,,0.0,17,0
422061******2064,2015-05-07 19:02:59,77.0,No,0,0,2015-05-04 17:11:35,4431.4,27.63,1.7868259138617444,19,0
422061******2084,2015-05-15 04:30:31,418.0,No,0,0,,-1.0,,0.0,4,1
422061******2084,2015-05-15 15:09:45,209.0,No,0,1,2015-05-15 04:30:31,639.2333333333333,418.0,-0.5,15,0
422061******2084,2015-05-15 18:34:53,209.0,No,0,2,2015-05-15 15:09:45,205.13333333333333,313.5,-0.33333333333333337,18,0
422061******2086,2015-05-28 15:29:18,231.0,No,0,0,,-1.0,,0.0,15,0
422061******2151,2015-05-08 18:27:39,69.0,No,0,0,,-1.0,,0.0,18,0
422061******2198,2015-05-13 16:03:01,78.4,No,0,0,,-1.0,,0.0,16,0
422061******2307,2015-05-27 18:19:43,132.0,No,0,0,,-1.0,,0.0,18,0
422061******2310,2015-05-13 14:24:29,176.0,No,0,0,,-1.0,,0.0,14,0
422061******2331,2015-05-28 20:24:59,88.0,No,0,0,,-1.0,,0.0,20,0
422061******2351,2015-05-05 16:19:11,88.0,No,0,0,,-1.0,,0.0,16,0
422061******2351,2015-05-14 15:17:22,78.4,No,0,0,2015-05-05 16:19:11,12898.183333333332,88.0,-0.10909090909090902,15,0
422061******2430,2015-05-29 08:55:32,172.5,No,0,0,,-1.0,,0.0,8,0
422061******2435,2015-05-06 21:24:05,104.5,No,0,0,,-1.0,,0.0,21,0
422061******2468,2015-05-29 14:47:12,154.0,No,0,0,,-1.0,,0.0,14,0
422061******2472,2015-05-03 19:01:48,80.5,No,0,0,,-1.0,,0.0,19,0
422061******2480,2015-05-19 21:03:09,112.0,No,0,0,,-1.0,,0.0,21,0
422061******2494,2015-05-06 20:09:56,89.6,No,0,0,,-1.0,,0.0,20,0
422061******2526,2015-05-05 22:11:58,179.2,No,0,0,,-1.0,,0.0,22,0
422061******2541,2015-05-15 19:00:08,176.0,No,0,0,,-1.0,,0.0,19,0
422061******2595,2015-05-09 15:25:27,156.8,No,0,0,,-1.0,,0.0,15,0
422061******2659,2015-05-06 16:41:37,207.0,Yes,1,0,,-1.0,,0.0,16,0
422061******2659,2015-05-06 16:42:59,506.0,Yes,1,1,2015-05-06 16:41:37,1.3666666666666667,207.0,1.4444444444444446,16,0
422061******2659,2015-05-06 16:46:20,460.0,Yes,1,2,2015-05-06 16:42:59,3.35,356.5,0.29032258064516125,16,0
422061******2703,2015-05-06 00:58:36,143.0,No,0,0,,-1.0,,0.0,0,1
422061******2711,2015-05-12 13:12:42,828.8,No,0,0,,-1.0,,0.0,13,0
422061******2793,2015-05-12 10:59:59,154.0,No,0,0,,-1.0,,0.0,10,0
422061******2805,2015-05-22 21:03:55,45.0,No,0,0,,-1.0,,0.0,21,0
422061******2812,2015-05-20 10:37:36,35.0,No,0,0,,-1.0,,0.0,10,0
422061******2829,2015-05-12 18:43:18,304.75,No,0,0,,-1.0,,0.0,18,0
422061******2859,2015-05-07 20:32:38,59.99,No,0,0,,-1.0,,0.0,20,0
422061******2911,2015-05-24 22:53:08,10.0,No,0,0,,-1.0,,0.0,22,0
422061******2927,2015-05-19 20:41:45,40.0,No,0,0,,-1.0,,0.0,20,0
422061******2937,2015-05-22 18:40:23,95.2,No,0,0,,-1.0,,0.0,18,0
422061******2947,2015-05-30 15:05:57,95.0,No,0,0,,-1.0,,0.0,15,0
422061******2947,2015-05-30 15:05:57,95.0,No,0,0,2015-05-30 15:05:57,0.0,95.0,0.0,15,0
422061******2962,2015-05-14 19:38:19,78.4,No,0,0,,-1.0,,0.0,19,0
422061******3112,2015-05-25 15:11:05,80.5,No,0,0,,-1.0,,0.0,15,0
422061******3119,2015-05-15 17:17:41,104.5,No,0,0,,-1.0,,0.0,17,0
422061******3136,2015-05-20 22:47:09,121.0,No,0,0,,-1.0,,0.0,22,0
422061******3145,2015-05-06 16:26:14,103.5,No,0,0,,-1.0,,0.0,16,0
422061******3148,2015-05-11 09:28:42,104.5,No,0,0,,-1.0,,0.0,9,0
422061******3149,2015-05-12 14:05:09,154.0,No,0,0,,-1.0,,0.0,14,0
422061******3162,2015-05-07 17:06:16,88.0,No,0,0,,-1.0,,0.0,17,0
422061******3181,2015-05-12 22:53:57,440.0,No,0,0,,-1.0,,0.0,22,0
422061******3249,2015-05-07 13:14:40,70.0,No,0,0,,-1.0,,0.0,13,0
422061******3261,2015-05-06 21:09:32,143.0,No,0,0,,-1.0,,0.0,21,0
422061******3323,2015-05-11 19:41:00,231.0,No,0,0,,-1.0,,0.0,19,0
422061******3381,2015-05-18 16:23:24,264.0,No,0,0,,-1.0,,0.0,16,0
422061******3393,2015-05-19 10:25:00,84.0,No,0,0,,-1.0,,0.0,10,0
422061******3456,2015-05-07 14:46:40,207.0,No,0,0,,-1.0,,0.0,14,0
422061******3534,2015-05-29 12:52:26,35.0,No,0,0,,-1.0,,0.0,12,0
422061******3548,2015-05-06 11:03:15,103.5,No,0,0,,-1.0,,0.0,11,0
422061******3579,2015-05-09 11:01:07,138.0,No,0,0,,-1.0,,0.0,11,0
422061******3607,2015-05-29 15:42:08,46.0,No,0,0,,-1.0,,0.0,15,0
422061******3624,2015-05-03 18:05:43,184.0,No,0,0,,-1.0,,0.0,18,0
422061******3635,2015-05-18 13:00:47,57.5,No,0,0,,-1.0,,0.0,13,0
422061******3640,2015-05-13 11:47:10,44.8,No,0,0,,-1.0,,0.0,11,0
422061******3699,2015-05-11 20:33:27,154.0,No,0,0,,-1.0,,0.0,20,0
422061******3708,2015-05-29 20:44:04,70.0,No,0,0,,-1.0,,0.0,20,0
422061******3729,2015-05-08 09:33:21,46.0,No,0,0,,-1.0,,0.0,9,0
422061******3762,2015-05-13 16:23:56,235.2,No,0,0,,-1.0,,0.0,16,0
422061******3762,2015-05-28 21:53:50,67.2,No,0,0,2015-05-13 16:23:56,21929.9,235.2,-0.7142857142857142,21,0
422061******3766,2015-05-11 22:25:52,112.0,No,0,0,,-1.0,,0.0,22,0
422061******3773,2015-05-08 19:57:18,672.0,No,0,0,,-1.0,,0.0,19,0
422061******3782,2015-05-18 16:10:42,57.5,No,0,0,,-1.0,,0.0,16,0
422061******3854,2015-05-04 12:58:49,168.0,No,0,0,,-1.0,,0.0,12,0
422061******3946,2015-05-23 17:50:44,30.0,No,0,0,,-1.0,,0.0,17,0
422061******3950,2015-05-11 16:41:14,154.0,No,0,0,,-1.0,,0.0,16,0
422061******3986,2015-05-08 15:03:40,45.2,No,0,0,,-1.0,,0.0,15,0
422061******3986,2015-05-08 22:47:07,90.4,No,0,1,2015-05-08 15:03:40,463.45,45.2,1.0,22,0
422061******3986,2015-05-11 22:46:04,45.2,No,0,0,2015-05-08 22:47:07,4318.95,67.80000000000001,-0.33333333333333337,22,0
422061******3989,2015-05-29 16:52:54,20.0,No,0,0,,-1.0,,0.0,16,0
422061******3995,2015-05-29 11:24:51,89.6,No,0,0,,-1.0,,0.0,11,0
422061******3999,2015-05-27 18:41:27,88.0,No,0,0,,-1.0,,0.0,18,0
422061******4006,2015-05-26 16:48:37,224.0,No,0,0,,-1.0,,0.0,16,0
422061******4060,2015-05-21 14:39:20,172.5,No,0,0,,-1.0,,0.0,14,0
422061******4090,2015-05-07 20:03:59,156.8,No,0,0,,-1.0,,0.0,20,0
422061******4090,2015-05-13 22:42:17,179.2,No,0,0,2015-05-07 20:03:59,8798.3,156.8,0.1428571428571428,22,0
422061******4137,2015-05-27 18:16:36,46.0,No,0,0,,-1.0,,0.0,18,0
422061******4137,2015-05-27 19:31:31,132.0,No,0,1,2015-05-27 18:16:36,74.91666666666667,46.0,1.8695652173913042,19,0
422061******4147,2015-05-28 14:21:18,15.0,No,0,0,,-1.0,,0.0,14,0
422061******4150,2015-05-13 21:18:50,154.0,No,0,0,,-1.0,,0.0,21,0
422061******4182,2015-05-16 12:06:22,275.0,No,0,0,,-1.0,,0.0,12,0
422061******4221,2015-05-14 09:57:48,78.4,No,0,0,,-1.0,,0.0,9,0
422061******4221,2015-05-28 12:30:06,172.5,No,0,0,2015-05-14 09:57:48,20312.3,78.4,1.200255102040816,12,0
422061******4264,2015-05-14 02:28:25,134.4,No,0,0,,-1.0,,0.0,2,1
422061******4270,2015-05-05 19:18:52,112.0,No,0,0,,-1.0,,0.0,19,0
422061******4284,2015-05-26 19:38:26,268.8,No,0,0,,-1.0,,0.0,19,0
422061******4288,2015-05-15 11:22:22,99.0,No,0,0,,-1.0,,0.0,11,0
422061******4327,2015-05-17 20:38:47,92.0,No,0,0,,-1.0,,0.0,20,0
422061******4346,2015-05-22 16:21:58,46.0,No,0,0,,-1.0,,0.0,16,0
422061******4356,2015-05-11 16:01:10,78.4,No,0,0,,-1.0,,0.0,16,0
422061******4366,2015-05-08 22:30:46,143.0,No,0,0,,-1.0,,0.0,22,0
422061******4406,2015-05-13 08:30:41,99.0,No,0,0,,-1.0,,0.0,8,0
422061******4406,2015-05-22 22:41:37,121.79,No,0,0,2015-05-13 08:30:41,13810.933333333332,99.0,0.2302020202020203,22,0
422061******4424,2015-05-11 10:04:22,104.5,No,0,0,,-1.0,,0.0,10,0
422061******4446,2015-05-02 22:25:32,143.0,No,0,0,,-1.0,,0.0,22,0
422061******4463,2015-05-08 17:37:32,88.0,No,0,0,,-1.0,,0.0,17,0
422061******4500,2015-05-01 15:44:38,143.0,No,0,0,,-1.0,,0.0,15,0
422061******4599,2015-05-23 09:51:21,40.0,No,0,0,,-1.0,,0.0,9,0
422061******4608,2015-05-02 13:34:04,143.0,No,0,0,,-1.0,,0.0,13,0
422061******4675,2015-05-05 17:13:04,112.0,No,0,0,,-1.0,,0.0,17,0
422061******4675,2015-05-21 18:09:36,190.4,No,0,0,2015-05-05 17:13:04,23096.533333333333,112.0,0.7,18,0
422061******4682,2015-05-12 10:22:31,57.5,No,0,0,,-1.0,,0.0,10,0
422061******4682,2015-05-20 15:31:20,63.25,No,0,0,2015-05-12 10:22:31,11828.816666666668,57.5,0.10000000000000009,15,0
422061******4712,2015-05-23 17:24:19,52.5,No,0,0,,-1.0,,0.0,17,0
422061******4718,2015-05-11 22:46:43,132.0,No,0,0,,-1.0,,0.0,22,0
422061******4722,2015-05-22 20:39:35,132.0,No,0,0,,-1.0,,0.0,20,0
422061******4743,2015-05-13 00:47:26,123.3,No,0,0,,-1.0,,0.0,0,1
422061******4743,2015-05-15 13:39:21,77.0,No,0,0,2015-05-13 00:47:26,3651.9166666666665,123.3,-0.37550689375506896,13,0
422061******4743,2015-05-15 18:02:40,154.0,No,0,1,2015-05-15 13:39:21,263.31666666666666,100.15,0.5376934598102845,18,0
422061******4744,2015-05-14 12:44:05,78.4,No,0,0,,-1.0,,0.0,12,0
422061******4746,2015-05-13 19:09:39,92.0,No,0,0,,-1.0,,0.0,19,0
422061******4769,2015-05-30 14:55:04,70.0,No,0,0,,-1.0,,0.0,14,0
422061******4769,2015-05-30 14:55:04,70.0,No,0,0,2015-05-30 14:55:04,0.0,70.0,0.0,14,0
422061******4772,2015-05-26 09:02:08,100.8,No,0,0,,-1.0,,0.0,9,0
422061******4792,2015-05-10 16:41:39,77.0,No,0,0,,-1.0,,0.0,16,0
422061******4845,2015-05-22 17:58:05,165.0,No,0,0,,-1.0,,0.0,17,0
422061******4873,2015-05-29 13:02:14,172.5,No,0,0,,-1.0,,0.0,13,0
422061******4877,2015-05-28 13:16:37,132.0,No,0,0,,-1.0,,0.0,13,0
422061******4887,2015-05-07 07:47:23,143.0,No,0,0,,-1.0,,0.0,7,0
422061******4888,2015-05-23 20:29:55,10.0,No,0,0,,-1.0,,0.0,20,0
422061******4930,2015-05-07 10:14:35,440.0,No,0,0,,-1.0,,0.0,10,0
422061******4987,2015-05-07 10:57:16,89.6,No,0,0,,-1.0,,0.0,10,0
422061******4987,2015-05-26 15:05:04,88.0,No,0,0,2015-05-07 10:57:16,27607.8,89.6,-0.017857142857142794,15,0
422061******5012,2015-05-05 12:03:05,216.0,No,0,0,,-1.0,,0.0,12,0
422061******5032,2015-05-24 20:38:52,112.0,No,0,0,,-1.0,,0.0,20,0
422061******5061,2015-05-15 10:31:37,154.0,No,0,0,,-1.0,,0.0,10,0
422061******5061,2015-05-27 18:57:00,99.0,No,0,0,2015-05-15 10:31:37,17785.383333333335,154.0,-0.3571428571428571,18,0
422061******5145,2015-05-25 19:57:18,638.4,No,0,0,,-1.0,,0.0,19,0
422061******5199,2015-05-14 21:06:15,308.0,No,0,0,,-1.0,,0.0,21,0
422061******5208,2015-05-15 23:40:53,132.0,No,0,0,,-1.0,,0.0,23,1
422061******5216,2015-05-24 11:12:18,10.0,No,0,0,,-1.0,,0.0,11,0
422061******5249,2015-05-12 17:11:49,44.8,No,0,0,,-1.0,,0.0,17,0
422061******5261,2015-05-23 17:35:19,10.0,No,0,0,,-1.0,,0.0,17,0
422061******5266,2015-05-08 15:59:06,70.0,No,0,0,,-1.0,,0.0,15,0
422061******5318,2015-05-07 23:37:31,143.0,No,0,0,,-1.0,,0.0,23,1
422061******5324,2015-05-13 15:23:17,104.5,No,0,0,,-1.0,,0.0,15,0
422061******5367,2015-05-30 11:41:01,20.0,No,0,0,,-1.0,,0.0,11,0
422061******5373,2015-05-05 12:45:04,88.0,No,0,0,,-1.0,,0.0,12,0
422061******5379,2015-05-29 20:28:59,110.0,No,0,0,,-1.0,,0.0,20,0
422061******5413,2015-05-12 10:45:12,154.0,No,0,0,,-1.0,,0.0,10,0
422061******5419,2015-05-11 16:00:32,380.8,No,0,0,,-1.0,,0.0,16,0
422061******5428,2015-05-11 11:33:00,78.4,No,0,0,,-1.0,,0.0,11,0
422061******5428,2015-05-13 11:04:29,77.0,No,0,0,2015-05-11 11:33:00,2851.483333333333,78.4,-0.017857142857142905,11,0
422061******5453,2015-05-11 21:39:12,154.0,No,0,0,,-1.0,,0.0,21,0
422061******5460,2015-05-22 19:53:50,10.0,No,0,0,,-1.0,,0.0,19,0
422061******5475,2015-05-10 15:03:37,143.0,No,0,0,,-1.0,,0.0,15,0
422061******5475,2015-05-17 19:40:25,23.0,No,0,0,2015-05-10 15:03:37,10356.8,143.0,-0.8391608391608392,19,0
422061******5507,2015-05-28 12:21:16,25.0,No,0,0,,-1.0,,0.0,12,0
422061******5508,2015-05-27 21:30:09,20.0,No,0,0,,-1.0,,0.0,21,0
422061******5518,2015-05-07 09:13:24,176.0,No,0,0,,-1.0,,0.0,9,0
422061******5519,2015-05-20 17:10:14,66.0,No,0,0,,-1.0,,0.0,17,0
422061******5519,2015-05-29 18:10:31,99.0,No,0,0,2015-05-20 17:10:14,13020.283333333333,66.0,0.5,18,0
422061******5548,2015-05-05 19:54:37,46.0,No,0,0,,-1.0,,0.0,19,0
422061******5558,2015-05-10 21:10:30,148.5,No,0,0,,-1.0,,0.0,21,0
422061******5581,2015-05-25 10:51:12,224.0,No,0,0,,-1.0,,0.0,10,0
422061******5588,2015-05-11 22:35:29,132.25,No,0,0,,-1.0,,0.0,22,0
422061******5594,2015-05-12 18:30:20,154.0,No,0,0,,-1.0,,0.0,18,0
422061******5628,2015-05-03 17:15:04,286.0,No,0,0,,-1.0,,0.0,17,0
422061******5644,2015-05-14 20:41:07,16.5,No,0,0,,-1.0,,0.0,20,0
422061******5737,2015-05-23 11:55:13,100.8,No,0,0,,-1.0,,0.0,11,0
422061******5737,2015-05-24 18:46:02,100.8,No,0,0,2015-05-23 11:55:13,1850.8166666666666,100.8,0.0,18,0
422061******5761,2015-05-15 16:34:44,291.2,No,0,0,,-1.0,,0.0,16,0
422061******5761,2015-05-24 13:02:02,134.4,No,0,0,2015-05-15 16:34:44,12747.3,291.2,-0.5384615384615384,13,0
422061******5788,2015-05-18 16:26:30,112.0,No,0,0,,-1.0,,0.0,16,0
422061******5809,2015-05-15 14:56:52,308.0,No,0,0,,-1.0,,0.0,14,0
422061******5811,2015-05-28 08:57:02,10.0,No,0,0,,-1.0,,0.0,8,0
422061******5844,2015-05-29 23:14:38,132.0,No,0,0,,-1.0,,0.0,23,1
422061******5851,2015-05-11 20:49:12,78.4,No,0,0,,-1.0,,0.0,20,0
422061******5862,2015-05-23 16:26:11,179.2,No,0,0,,-1.0,,0.0,16,0
422061******5888,2015-05-11 13:16:30,78.4,No,0,0,,-1.0,,0.0,13,0
422061******5895,2015-05-20 11:06:39,10.0,No,0,0,,-1.0,,0.0,11,0
422061******5926,2015-05-25 16:38:13,2920.0,No,0,0,,-1.0,,0.0,16,0
422061******5929,2015-05-21 21:57:52,95.2,No,0,0,,-1.0,,0.0,21,0
422061******5943,2015-05-12 23:09:38,170.0,No,0,0,,-1.0,,0.0,23,1
422061******6012,2015-05-08 19:28:19,308.0,No,0,0,,-1.0,,0.0,19,0
422061******6048,2015-05-07 14:51:50,57.5,No,0,0,,-1.0,,0.0,14,0
422061******6063,2015-05-30 12:43:25,70.0,No,0,0,,-1.0,,0.0,12,0
422061******6070,2015-05-04 08:24:52,89.6,No,0,0,,-1.0,,0.0,8,0
422061******6097,2015-05-06 21:25:54,207.0,No,0,0,,-1.0,,0.0,21,0
422061******6169,2015-05-29 08:15:22,15.0,No,0,0,,-1.0,,0.0,8,0
422061******6173,2015-05-25 14:55:19,830.0,No,0,0,,-1.0,,0.0,14,0
422061******6207,2015-05-11 10:18:31,179.2,No,0,0,,-1.0,,0.0,10,0
422061******6230,2015-05-27 22:28:59,92.0,No,0,0,,-1.0,,0.0,22,0
422061******6276,2015-05-15 23:37:07,275.0,No,0,0,,-1.0,,0.0,23,1
422061******6291,2015-05-30 19:30:28,20.0,No,0,0,,-1.0,,0.0,19,0
422061******6291,2015-05-30 19:30:28,20.0,No,0,0,2015-05-30 19:30:28,0.0,20.0,0.0,19,0
422061******6322,2015-05-07 19:53:37,143.0,No,0,0,,-1.0,,0.0,19,0
422061******6322,2015-05-08 12:07:59,66.0,No,0,1,2015-05-07 19:53:37,974.3666666666667,143.0,-0.5384615384615384,12,0
422061******6355,2015-05-25 15:03:27,20.0,No,0,0,,-1.0,,0.0,15,0
422061******6372,2015-05-29 02:17:44,172.5,No,0,0,,-1.0,,0.0,2,1
422061******6381,2015-05-04 08:07:35,143.0,No,0,0,,-1.0,,0.0,8,0
422061******6381,2015-05-10 22:18:27,148.5,No,0,0,2015-05-04 08:07:35,9490.866666666667,143.0,0.03846153846153855,22,0
422061******6381,2015-05-11 11:35:18,104.5,No,0,1,2015-05-10 22:18:27,796.85,145.75,-0.28301886792452835,11,0
422061******6402,2015-05-10 23:00:03,148.5,No,0,0,,-1.0,,0.0,23,1
422061******6409,2015-05-21 12:55:20,30.0,No,0,0,,-1.0,,0.0,12,0
422061******6436,2015-05-15 18:54:50,308.0,No,0,0,,-1.0,,0.0,18,0
422061******6524,2015-05-29 12:09:13,172.5,No,0,0,,-1.0,,0.0,12,0
422061******6530,2015-05-21 19:10:08,23.0,No,0,0,,-1.0,,0.0,19,0
422061******6530,2015-05-21 19:33:07,23.0,No,0,1,2015-05-21 19:10:08,22.983333333333334,23.0,0.0,19,0
422061******6534,2015-05-25 16:21:40,830.0,No,0,0,,-1.0,,0.0,16,0
422061******6536,2015-05-05 00:03:25,440.0,No,0,0,,-1.0,,0.0,0,1
422061******6536,2015-05-08 19:07:40,403.2,No,0,0,2015-05-05 00:03:25,5464.25,440.0,-0.08363636363636362,19,0
422061******6542,2015-05-15 15:00:51,92.0,No,0,0,,-1.0,,0.0,15,0
422061******6548,2015-05-29 18:39:07,46.0,No,0,0,,-1.0,,0.0,18,0
422061******6580,2015-05-25 12:15:24,630.0,No,0,0,,-1.0,,0.0,12,0
422061******6588,2015-05-11 12:02:02,190.4,No,0,0,,-1.0,,0.0,12,0
422061******6616,2015-05-29 00:29:53,55.0,No,0,0,,-1.0,,0.0,0,1
422061******6636,2015-05-29 10:35:41,176.0,No,0,0,,-1.0,,0.0,10,0
422061******6652,2015-05-01 14:55:08,143.0,No,0,0,,-1.0,,0.0,14,0
422061******6683,2015-05-29 13:41:22,34.5,No,0,0,,-1.0,,0.0,13,0
422061******6714,2015-05-03 21:05:04,143.0,No,0,0,,-1.0,,0.0,21,0
422061******6733,2015-05-20 13:20:32,287.5,No,0,0,,-1.0,,0.0,13,0
422061******6733,2015-05-20 14:05:48,161.0,No,0,1,2015-05-20 13:20:32,45.266666666666666,287.5,-0.43999999999999995,14,0
422061******6733,2015-05-23 17:05:36,103.5,No,0,0,2015-05-20 14:05:48,4499.8,224.25,-0.5384615384615384,17,0
422061******6739,2015-05-11 12:02:28,112.0,No,0,0,,-1.0,,0.0,12,0
422061******6766,2015-05-20 18:57:05,56.0,No,0,0,,-1.0,,0.0,18,0
422061******6791,2015-05-11 20:38:31,154.0,No,0,0,,-1.0,,0.0,20,0
422061******6846,2015-05-12 17:48:38,313.6,No,0,0,,-1.0,,0.0,17,0
422061******6884,2015-05-15 13:19:24,154.0,No,0,0,,-1.0,,0.0,13,0
422061******6917,2015-05-15 18:53:19,154.0,No,0,0,,-1.0,,0.0,18,0
422061******6933,2015-05-16 10:39:41,275.0,No,0,0,,-1.0,,0.0,10,0
422061******6957,2015-05-14 01:25:09,77.0,No,0,0,,-1.0,,0.0,1,1
422061******7058,2015-05-23 16:54:13,15.0,No,0,0,,-1.0,,0.0,16,0
422061******7097,2015-05-29 10:54:30,88.0,No,0,0,,-1.0,,0.0,10,0
422061******7110,2015-05-11 12:02:36,112.0,No,0,0,,-1.0,,0.0,12,0
422061******7124,2015-05-09 01:56:11,154.0,No,0,0,,-1.0,,0.0,1,1
422061******7127,2015-05-20 05:40:39,99.0,No,0,0,,-1.0,,0.0,5,1
422061******7152,2015-05-11 20:19:54,264.5,No,0,0,,-1.0,,0.0,20,0
422061******7172,2015-05-11 13:23:44,156.8,No,0,0,,-1.0,,0.0,13,0
422061******7179,2015-05-12 16:18:10,154.0,No,0,0,,-1.0,,0.0,16,0
422061******7199,2015-05-15 15:55:31,224.0,No,0,0,,-1.0,,0.0,15,0
422061******7257,2015-05-05 11:34:24,168.0,No,0,0,,-1.0,,0.0,11,0
422061******7264,2015-05-11 18:43:40,275.0,No,0,0,,-1.0,,0.0,18,0
422061******7283,2015-05-11 14:32:00,112.0,No,0,0,,-1.0,,0.0,14,0
422061******7298,2015-05-07 21:47:16,88.0,No,0,0,,-1.0,,0.0,21,0
422061******7298,2015-05-08 19:25:19,88.0,No,0,1,2015-05-07 21:47:16,1298.05,88.0,0.0,19,0
422061******7299,2015-05-14 14:21:34,92.0,No,0,0,,-1.0,,0.0,14,0
422061******7346,2015-05-28 07:54:55,25.0,No,0,0,,-1.0,,0.0,7,0
422061******7361,2015-05-20 18:07:07,69.0,No,0,0,,-1.0,,0.0,18,0
422061******7412,2015-05-19 11:26:39,235.2,No,0,0,,-1.0,,0.0,11,0
422061******7415,2015-05-20 18:51:07,92.0,No,0,0,,-1.0,,0.0,18,0
422061******7421,2015-05-18 14:26:57,134.4,No,0,0,,-1.0,,0.0,14,0
422061******7454,2015-05-30 13:12:30,92.0,No,0,0,,-1.0,,0.0,13,0
422061******7497,2015-05-08 10:40:07,55.0,No,0,0,,-1.0,,0.0,10,0
422061******7506,2015-05-04 13:43:08,80.5,No,0,0,,-1.0,,0.0,13,0
422061******7527,2015-05-18 10:24:58,112.0,No,0,0,,-1.0,,0.0,10,0
422061******7573,2015-05-17 14:11:22,92.0,No,0,0,,-1.0,,0.0,14,0
422061******7614,2015-05-26 11:54:00,15.0,No,0,0,,-1.0,,0.0,11,0
422061******7620,2015-05-10 18:52:37,104.5,No,0,0,,-1.0,,0.0,18,0
422061******7649,2015-05-01 16:19:53,286.0,No,0,0,,-1.0,,0.0,16,0
422061******7658,2015-05-11 22:38:53,172.75,No,0,0,,-1.0,,0.0,22,0
422061******7706,2015-05-16 11:35:13,70.0,No,0,0,,-1.0,,0.0,11,0
422061******7799,2015-05-14 22:24:37,120.0,No,0,0,,-1.0,,0.0,22,0
422061******7805,2015-05-04 12:25:21,515.2,No,0,0,,-1.0,,0.0,12,0
422061******7816,2015-05-21 20:47:08,121.0,No,0,0,,-1.0,,0.0,20,0
422061******7818,2015-05-29 15:06:54,46.0,No,0,0,,-1.0,,0.0,15,0
422061******7843,2015-05-28 20:13:23,77.0,No,0,0,,-1.0,,0.0,20,0
422061******7855,2015-05-29 17:23:08,396.0,No,0,0,,-1.0,,0.0,17,0
422061******7912,2015-05-21 23:13:24,103.5,No,0,0,,-1.0,,0.0,23,1
422061******7986,2015-05-29 13:04:31,80.5,No,0,0,,-1.0,,0.0,13,0
422061******8088,2015-05-16 01:30:09,132.0,No,0,0,,-1.0,,0.0,1,1
422061******8090,2015-05-25 11:24:59,630.0,No,0,0,,-1.0,,0.0,11,0
422061******8142,2015-05-11 22:54:48,302.4,No,0,0,,-1.0,,0.0,22,0
422061******8184,2015-05-08 21:56:47,69.0,No,0,0,,-1.0,,0.0,21,0
422061******8223,2015-05-23 22:15:21,112.0,No,0,0,,-1.0,,0.0,22,0
422061******8226,2015-05-21 22:45:54,46.0,No,0,0,,-1.0,,0.0,22,0
422061******8261,2015-05-27 23:10:44,134.4,No,0,0,,-1.0,,0.0,23,1
422061******8261,2015-05-27 23:30:54,44.8,No,0,1,2015-05-27 23:10:44,20.166666666666668,134.4,-0.6666666666666667,23,1
422061******8273,2015-05-22 16:17:40,40.0,No,0,0,,-1.0,,0.0,16,0
422061******8279,2015-05-11 17:17:10,231.0,No,0,0,,-1.0,,0.0,17,0
422061******8279,2015-05-28 13:04:25,201.6,No,0,0,2015-05-11 17:17:10,24227.25,231.0,-0.12727272727272732,13,0
422061******8282,2015-05-24 23:09:12,172.5,No,0,0,,-1.0,,0.0,23,1
422061******8340,2015-05-28 19:12:30,198.0,No,0,0,,-1.0,,0.0,19,0
422061******8360,2015-05-05 11:22:53,78.4,No,0,0,,-1.0,,0.0,11,0
422061******8395,2015-05-07 18:43:59,34.5,No,0,0,,-1.0,,0.0,18,0
422061******8513,2015-05-19 10:30:03,20.0,No,0,0,,-1.0,,0.0,10,0
422061******8520,2015-05-27 21:45:36,187.0,No,0,0,,-1.0,,0.0,21,0
422061******8525,2015-05-28 18:55:21,88.0,No,0,0,,-1.0,,0.0,18,0
422061******8550,2015-05-30 09:47:55,55.0,No,0,0,,-1.0,,0.0,9,0
422061******8550,2015-05-30 13:36:10,55.0,No,0,1,2015-05-30 09:47:55,228.25,55.0,0.0,13,0
422061******8558,2015-05-02 13:59:02,70.0,No,0,0,,-1.0,,0.0,13,0
422061******8600,2015-05-06 07:34:00,110.0,No,0,0,,-1.0,,0.0,7,0
422061******8600,2015-05-10 20:33:13,104.5,No,0,0,2015-05-06 07:34:00,6539.216666666666,110.0,-0.050000000000000044,20,0
422061******8600,2015-05-10 20:34:54,45.2,No,0,1,2015-05-10 20:33:13,1.6833333333333333,107.25,-0.5785547785547785,20,0
422061******8652,2015-05-11 14:09:39,154.0,No,0,0,,-1.0,,0.0,14,0
422061******8654,2015-05-13 15:29:42,110.0,No,0,0,,-1.0,,0.0,15,0
422061******8668,2015-05-29 19:25:58,121.0,No,0,0,,-1.0,,0.0,19,0
422061******8690,2015-05-09 18:30:49,34.5,No,0,0,,-1.0,,0.0,18,0
422061******8690,2015-05-11 18:41:20,78.4,No,0,0,2015-05-09 18:30:49,2890.516666666667,34.5,1.272463768115942,18,0
422061******8702,2015-05-24 09:31:20,15.0,No,0,0,,-1.0,,0.0,9,0
422061******8709,2015-05-23 20:31:53,15.0,No,0,0,,-1.0,,0.0,20,0
422061******8730,2015-05-28 21:11:35,34.5,No,0,0,,-1.0,,0.0,21,0
422061******8754,2015-05-07 17:44:35,297.0,No,0,0,,-1.0,,0.0,17,0
422061******8872,2015-05-28 21:33:35,172.5,No,0,0,,-1.0,,0.0,21,0
422061******8924,2015-05-12 21:45:21,308.0,No,0,0,,-1.0,,0.0,21,0
422061******8933,2015-05-04 16:40:30,257.6,No,0,0,,-1.0,,0.0,16,0
422061******8980,2015-05-29 18:46:27,46.0,No,0,0,,-1.0,,0.0,18,0
422061******8987,2015-05-22 08:35:11,95.2,No,0,0,,-1.0,,0.0,8,0
422061******8987,2015-05-23 17:34:58,190.4,No,0,0,2015-05-22 08:35:11,1979.7833333333333,95.2,1.0,17,0
422061******8992,2015-05-20 18:47:45,54.0,No,0,0,,-1.0,,0.0,18,0
422061******8992,2015-05-20 18:48:10,54.0,No,0,1,2015-05-20 18:47:45,0.4166666666666667,54.0,0.0,18,0
422061******9014,2015-05-23 15:30:47,418.0,Yes,1,0,,-1.0,,0.0,15,0
422061******9014,2015-05-23 15:32:35,418.0,Yes,1,1,2015-05-23 15:30:47,1.8,418.0,0.0,15,0
422061******9014,2015-05-23 15:34:07,209.0,Yes,1,2,2015-05-23 15:32:35,1.5333333333333334,418.0,-0.5,15,0
422061******9036,2015-05-29 15:19:27,121.0,No,0,0,,-1.0,,0.0,15,0
422061******9091,2015-05-28 14:29:01,201.6,No,0,0,,-1.0,,0.0,14,0
422061******9132,2015-05-18 18:18:54,100.8,No,0,0,,-1.0,,0.0,18,0
422061******9191,2015-05-29 18:39:27,110.0,No,0,0,,-1.0,,0.0,18,0
422061******9197,2015-05-07 22:07:50,104.5,No,0,0,,-1.0,,0.0,22,0
422061******9215,2015-05-15 17:30:27,154.0,No,0,0,,-1.0,,0.0,17,0
422061******9217,2015-05-25 21:55:59,88.0,No,0,0,,-1.0,,0.0,21,0
422061******9225,2015-05-20 22:14:56,35.0,No,0,0,,-1.0,,0.0,22,0
422061******9267,2015-05-11 20:51:52,112.0,No,0,0,,-1.0,,0.0,20,0
422061******9274,2015-05-15 13:52:48,231.0,No,0,0,,-1.0,,0.0,13,0
422061******9285,2015-05-29 19:31:52,172.5,No,0,0,,-1.0,,0.0,19,0
422061******9313,2015-05-10 20:29:42,78.4,No,0,0,,-1.0,,0.0,20,0
422061******9316,2015-05-30 09:52:57,88.0,No,0,0,,-1.0,,0.0,9,0
422061******9342,2015-05-21 10:36:46,115.0,No,0,0,,-1.0,,0.0,10,0
422061******9356,2015-05-11 22:16:49,154.0,No,0,0,,-1.0,,0.0,22,0
422061******9385,2015-05-13 10:38:44,78.4,No,0,0,,-1.0,,0.0,10,0
422061******9390,2015-05-25 16:44:24,403.2,No,0,0,,-1.0,,0.0,16,0
422061******9398,2015-05-06 18:37:33,143.0,No,0,0,,-1.0,,0.0,18,0
422061******9428,2015-05-25 10:07:35,630.0,No,0,0,,-1.0,,0.0,10,0
422061******9429,2015-05-08 10:04:08,198.0,No,0,0,,-1.0,,0.0,10,0
422061******9546,2015-05-17 19:42:00,110.0,No,0,0,,-1.0,,0.0,19,0
422061******9565,2015-05-24 18:59:25,15.0,No,0,0,,-1.0,,0.0,18,0
422061******9576,2015-05-06 12:15:15,143.0,No,0,0,,-1.0,,0.0,12,0
422061******9584,2015-05-08 23:35:48,220.0,No,0,0,,-1.0,,0.0,23,1
422061******9630,2015-05-28 00:06:36,176.0,No,0,0,,-1.0,,0.0,0,1
422061******9685,2015-05-22 19:52:41,34.5,No,0,0,,-1.0,,0.0,19,0
422061******9687,2015-05-15 17:51:04,154.0,No,0,0,,-1.0,,0.0,17,0
422061******9714,2015-05-23 00:27:17,179.2,No,0,0,,-1.0,,0.0,0,1
422061******9753,2015-05-20 14:41:34,264.5,No,0,0,,-1.0,,0.0,14,0
422061******9753,2015-05-20 15:00:36,103.5,No,0,1,2015-05-20 14:41:34,19.033333333333335,264.5,-0.6086956521739131,15,0
422061******9755,2015-05-11 13:35:49,78.4,No,0,0,,-1.0,,0.0,13,0
422061******9765,2015-05-11 18:24:41,77.0,No,0,0,,-1.0,,0.0,18,0
422061******9838,2015-05-21 17:27:28,84.0,No,0,0,,-1.0,,0.0,17,0
422061******9940,2015-05-12 14:43:35,154.0,No,0,0,,-1.0,,0.0,14,0
422100******0217,2015-05-03 15:22:54,184.0,No,0,0,,-1.0,,0.0,15,0
422100******0293,2015-05-13 19:45:21,49.5,No,0,0,,-1.0,,0.0,19,0
422100******0970,2015-05-25 17:20:57,46.69,No,0,0,,-1.0,,0.0,17,0
422100******2617,2015-05-20 18:06:04,112.0,Yes,1,0,,-1.0,,0.0,18,0
422100******2617,2015-05-20 18:07:35,112.0,Yes,1,1,2015-05-20 18:06:04,1.5166666666666666,112.0,0.0,18,0
422100******2617,2015-05-20 18:16:12,112.0,Yes,1,2,2015-05-20 18:07:35,8.616666666666667,112.0,0.0,18,0
422100******2617,2015-05-28 09:53:44,172.5,Yes,1,0,2015-05-20 18:16:12,11017.533333333333,112.0,0.5401785714285714,9,0
422100******2617,2015-05-28 09:55:58,172.5,Yes,1,1,2015-05-28 09:53:44,2.2333333333333334,127.125,0.3569321533923304,9,0
422100******6101,2015-05-27 19:17:54,55.82,No,0,0,,-1.0,,0.0,19,0
422100******7758,2015-05-19 16:59:23,43.0,No,0,0,,-1.0,,0.0,16,0
422100******8208,2015-05-15 20:22:30,165.0,No,0,0,,-1.0,,0.0,20,0
422100******8263,2015-05-25 12:07:04,34.5,No,0,0,,-1.0,,0.0,12,0
422100******8263,2015-05-26 07:16:46,34.5,No,0,1,2015-05-25 12:07:04,1149.7,34.5,0.0,7,0
422100******8263,2015-05-26 11:44:17,34.5,No,0,2,2015-05-26 07:16:46,267.51666666666665,34.5,0.0,11,0
422100******8311,2015-05-30 17:20:56,55.82,No,0,0,,-1.0,,0.0,17,0
422100******8311,2015-05-30 17:20:56,55.82,No,0,0,2015-05-30 17:20:56,0.0,55.82,0.0,17,0
422100******8544,2015-05-16 10:13:48,14.0,No,0,0,,-1.0,,0.0,10,0
422100******8544,2015-05-24 17:13:42,14.0,No,0,0,2015-05-16 10:13:48,11939.9,14.0,0.0,17,0
422101******4949,2015-05-01 16:46:18,92.0,No,0,0,,-1.0,,0.0,16,0
422101******8394,2015-05-22 18:16:55,69.0,Yes,1,0,,-1.0,,0.0,18,0
422103******0130,2015-05-18 18:15:01,35.23,No,0,0,,-1.0,,0.0,18,0
422103******8702,2015-05-13 16:34:10,120.0,No,0,0,,-1.0,,0.0,16,0
422200******0526,2015-05-01 12:15:17,59.22,No,0,0,,-1.0,,0.0,12,0
422200******1968,2015-05-18 13:33:48,250.0,No,0,0,,-1.0,,0.0,13,0
422200******3699,2015-05-07 17:33:03,46.0,No,0,0,,-1.0,,0.0,17,0
422200******4473,2015-05-07 21:56:05,69.0,No,0,0,,-1.0,,0.0,21,0
422200******4473,2015-05-08 20:17:16,23.0,No,0,1,2015-05-07 21:56:05,1341.1833333333334,69.0,-0.6666666666666667,20,0
422200******4502,2015-05-29 10:26:15,15.0,No,0,0,,-1.0,,0.0,10,0
422200******4885,2015-05-24 22:16:22,190.4,No,0,0,,-1.0,,0.0,22,0
422200******5021,2015-05-14 23:36:30,154.0,No,0,0,,-1.0,,0.0,23,1
422200******5480,2015-05-15 01:22:39,34.5,Yes,1,0,,-1.0,,0.0,1,1
422200******5667,2015-05-24 20:45:20,19.74,No,0,0,,-1.0,,0.0,20,0
422200******6427,2015-05-21 11:07:48,73.34,No,0,0,,-1.0,,0.0,11,0
422200******6790,2015-05-02 13:45:52,105.0,No,0,0,,-1.0,,0.0,13,0
422200******6790,2015-05-03 14:26:35,70.0,No,0,0,2015-05-02 13:45:52,1480.7166666666667,105.0,-0.33333333333333337,14,0
422200******7183,2015-05-08 12:51:10,82.5,No,0,0,,-1.0,,0.0,12,0
422200******7293,2015-05-09 21:33:03,49.43,No,0,0,,-1.0,,0.0,21,0
422200******9042,2015-05-05 12:52:00,92.0,No,0,0,,-1.0,,0.0,12,0
422201******2401,2015-05-12 12:54:46,55.0,No,0,0,,-1.0,,0.0,12,0
422201******4475,2015-05-28 17:37:51,46.0,No,0,0,,-1.0,,0.0,17,0
424305******7195,2015-05-11 10:59:50,104.5,No,0,0,,-1.0,,0.0,10,0
425850******0232,2015-05-09 19:43:59,66.0,No,0,0,,-1.0,,0.0,19,0
425850******0519,2015-05-29 08:53:53,308.0,No,0,0,,-1.0,,0.0,8,0
425850******1143,2015-05-08 17:55:02,308.0,No,0,0,,-1.0,,0.0,17,0
425850******1143,2015-05-11 16:52:27,352.0,No,0,0,2015-05-08 17:55:02,4257.416666666667,308.0,0.1428571428571428,16,0
425850******1156,2015-05-15 18:26:52,154.0,No,0,0,,-1.0,,0.0,18,0
425850******1785,2015-05-18 18:40:35,89.6,No,0,0,,-1.0,,0.0,18,0
425850******2313,2015-05-29 15:38:26,121.0,No,0,0,,-1.0,,0.0,15,0
425850******2313,2015-05-29 15:41:37,121.0,No,0,1,2015-05-29 15:38:26,3.183333333333333,121.0,0.0,15,0
425850******3440,2015-05-16 20:37:23,16.5,No,0,0,,-1.0,,0.0,20,0
425850******5126,2015-05-25 23:40:24,10.0,No,0,0,,-1.0,,0.0,23,1
425850******6073,2015-05-24 09:45:45,134.4,No,0,0,,-1.0,,0.0,9,0
425850******6363,2015-05-13 14:06:13,44.8,No,0,0,,-1.0,,0.0,14,0
425850******6363,2015-05-13 14:16:35,89.6,No,0,1,2015-05-13 14:06:13,10.366666666666667,44.8,1.0,14,0
425850******6363,2015-05-21 22:42:42,89.6,No,0,0,2015-05-13 14:16:35,12026.116666666667,67.19999999999999,0.3333333333333335,22,0
425850******6474,2015-05-15 10:34:22,89.6,No,0,0,,-1.0,,0.0,10,0
425850******6709,2015-05-28 21:35:35,121.0,No,0,0,,-1.0,,0.0,21,0
425850******6953,2015-05-14 22:49:11,154.0,No,0,0,,-1.0,,0.0,22,0
425850******8189,2015-05-30 21:18:01,10.0,No,0,0,,-1.0,,0.0,21,0
425850******8189,2015-05-30 21:18:01,10.0,No,0,0,2015-05-30 21:18:01,0.0,10.0,0.0,21,0
425850******9086,2015-05-02 10:13:43,168.0,No,0,0,,-1.0,,0.0,10,0
425850******9389,2015-05-28 20:54:33,1060.0,No,0,0,,-1.0,,0.0,20,0
425850******9389,2015-05-28 20:56:53,1060.0,No,0,1,2015-05-28 20:54:33,2.3333333333333335,1060.0,0.0,20,0
425850******9389,2015-05-29 16:31:43,172.5,No,0,2,2015-05-28 20:56:53,1174.8333333333333,1060.0,-0.8372641509433962,16,0
425850******9633,2015-05-11 17:03:59,55.0,No,0,0,,-1.0,,0.0,17,0
426055******4572,2015-05-08 11:27:49,16.5,No,0,0,,-1.0,,0.0,11,0
426055******4706,2015-05-23 01:44:43,20.0,No,0,0,,-1.0,,0.0,1,1
426055******5099,2015-05-07 20:51:01,69.0,No,0,0,,-1.0,,0.0,20,0
426055******6275,2015-05-12 13:55:08,132.25,No,0,0,,-1.0,,0.0,13,0
426055******8951,2015-05-22 13:41:47,396.0,No,0,0,,-1.0,,0.0,13,0
427167******6045,2015-05-25 21:53:00,92.0,No,0,0,,-1.0,,0.0,21,0
427167******7013,2015-05-21 12:25:22,46.0,No,0,0,,-1.0,,0.0,12,0
427167******9012,2015-05-19 11:16:45,10.0,No,0,0,,-1.0,,0.0,11,0
427167******9013,2015-05-25 17:10:33,50.75,No,0,0,,-1.0,,0.0,17,0
427167******9015,2015-05-08 17:09:04,184.0,No,0,0,,-1.0,,0.0,17,0
428267******0014,2015-05-19 11:36:27,10.0,No,0,0,,-1.0,,0.0,11,0
428267******0017,2015-05-06 16:16:59,138.0,No,0,0,,-1.0,,0.0,16,0
428267******0028,2015-05-21 15:05:27,121.0,No,0,0,,-1.0,,0.0,15,0
428267******2014,2015-05-14 18:19:04,94.03,No,0,0,,-1.0,,0.0,18,0
428267******2018,2015-05-20 11:35:11,166.0,No,0,0,,-1.0,,0.0,11,0
428267******4010,2015-05-12 15:18:45,30.45,No,0,0,,-1.0,,0.0,15,0
428267******4010,2015-05-12 15:20:09,30.45,No,0,1,2015-05-12 15:18:45,1.4,30.45,0.0,15,0
428267******4010,2015-05-12 15:21:28,30.45,No,0,2,2015-05-12 15:20:09,1.3166666666666667,30.45,0.0,15,0
428267******4012,2015-05-30 15:03:20,105.0,No,0,0,,-1.0,,0.0,15,0
428267******4012,2015-05-30 15:03:20,105.0,No,0,0,2015-05-30 15:03:20,0.0,105.0,0.0,15,0
428267******4018,2015-05-29 10:37:52,46.0,No,0,0,,-1.0,,0.0,10,0
428267******5011,2015-05-14 15:17:26,165.0,No,0,0,,-1.0,,0.0,15,0
428267******5015,2015-05-22 08:47:48,69.0,No,0,0,,-1.0,,0.0,8,0
428267******5055,2015-05-18 23:04:41,114.94,No,0,0,,-1.0,,0.0,23,1
428267******6019,2015-05-01 21:09:48,138.0,No,0,0,,-1.0,,0.0,21,0
428267******7012,2015-05-11 20:05:47,132.25,No,0,0,,-1.0,,0.0,20,0
428267******7017,2015-05-20 08:27:25,34.5,No,0,0,,-1.0,,0.0,8,0
428267******8017,2015-05-11 22:04:50,253.0,No,0,0,,-1.0,,0.0,22,0
428267******8017,2015-05-11 23:20:26,154.0,No,0,1,2015-05-11 22:04:50,75.6,253.0,-0.3913043478260869,23,1
428268******0019,2015-05-13 10:31:16,60.89,No,0,0,,-1.0,,0.0,10,0
428268******0033,2015-05-21 23:28:28,69.0,No,0,0,,-1.0,,0.0,23,1
428268******0048,2015-05-24 23:44:59,73.34,No,0,0,,-1.0,,0.0,23,1
428268******0048,2015-05-30 01:05:57,36.66,No,0,0,2015-05-24 23:44:59,7280.966666666666,73.34,-0.5001363512407964,1,1
428268******0069,2015-05-29 15:06:26,44.42,No,0,0,,-1.0,,0.0,15,0
428268******1026,2015-05-14 16:37:40,165.0,No,0,0,,-1.0,,0.0,16,0
428268******1040,2015-05-19 22:21:28,220.0,No,0,0,,-1.0,,0.0,22,0
428268******1074,2015-05-30 08:42:00,561.0,No,0,0,,-1.0,,0.0,8,0
428268******2082,2015-05-07 08:07:45,69.0,No,0,0,,-1.0,,0.0,8,0
428268******4016,2015-05-08 14:02:47,55.0,No,0,0,,-1.0,,0.0,14,0
428268******5037,2015-05-14 18:01:16,33.0,No,0,0,,-1.0,,0.0,18,0
428268******6089,2015-05-15 14:56:54,23.0,No,0,0,,-1.0,,0.0,14,0
428268******6089,2015-05-21 20:09:58,23.0,No,0,0,2015-05-15 14:56:54,8953.066666666668,23.0,0.0,20,0
428268******8042,2015-05-04 19:13:13,23.0,No,0,0,,-1.0,,0.0,19,0
428268******8070,2015-05-11 15:39:57,92.0,No,0,0,,-1.0,,0.0,15,0
428269******4018,2015-05-07 18:20:19,99.0,No,0,0,,-1.0,,0.0,18,0
428269******5010,2015-05-16 07:09:03,49.5,No,0,0,,-1.0,,0.0,7,0
428269******5018,2015-05-11 22:47:01,90.4,No,0,0,,-1.0,,0.0,22,0
428269******9015,2015-05-04 21:00:10,23.0,No,0,0,,-1.0,,0.0,21,0
428304******0014,2015-05-13 07:52:40,73.34,No,0,0,,-1.0,,0.0,7,0
428304******5012,2015-05-04 23:04:55,96.0,No,0,0,,-1.0,,0.0,23,1
428304******5012,2015-05-17 13:46:09,72.0,No,0,0,2015-05-04 23:04:55,18161.233333333334,96.0,-0.25,13,0
428304******5030,2015-05-17 15:03:27,132.0,No,0,0,,-1.0,,0.0,15,0
428304******8012,2015-05-14 12:13:13,27.5,No,0,0,,-1.0,,0.0,12,0
429768******0077,2015-05-29 21:32:31,124.2,No,0,0,,-1.0,,0.0,21,0
429768******0219,2015-05-28 19:21:12,176.0,No,0,0,,-1.0,,0.0,19,0
429768******0747,2015-05-06 13:30:40,67.2,No,0,0,,-1.0,,0.0,13,0
429768******1096,2015-05-29 21:20:38,308.0,No,0,0,,-1.0,,0.0,21,0
429768******1273,2015-05-24 23:34:23,302.4,No,0,0,,-1.0,,0.0,23,1
429768******1957,2015-05-11 12:21:28,156.8,No,0,0,,-1.0,,0.0,12,0
429768******2115,2015-05-07 19:30:47,105.0,No,0,0,,-1.0,,0.0,19,0
429768******2191,2015-05-18 20:32:39,440.0,No,0,0,,-1.0,,0.0,20,0
429768******2279,2015-05-21 22:31:13,112.0,No,0,0,,-1.0,,0.0,22,0
429768******3095,2015-05-28 19:02:23,49.5,No,0,0,,-1.0,,0.0,19,0
429768******4116,2015-05-14 15:38:24,308.0,No,0,0,,-1.0,,0.0,15,0
429768******4227,2015-05-07 13:04:37,99.0,No,0,0,,-1.0,,0.0,13,0
429768******4844,2015-05-28 13:24:23,216.0,No,0,0,,-1.0,,0.0,13,0
429768******5112,2015-05-01 15:30:17,172.5,No,0,0,,-1.0,,0.0,15,0
429768******5351,2015-05-05 20:18:53,88.0,No,0,0,,-1.0,,0.0,20,0
429768******6060,2015-05-29 18:55:12,89.6,No,0,0,,-1.0,,0.0,18,0
429768******6119,2015-05-30 18:34:28,20.0,No,0,0,,-1.0,,0.0,18,0
429768******6119,2015-05-30 18:34:28,20.0,No,0,0,2015-05-30 18:34:28,0.0,20.0,0.0,18,0
429768******7170,2015-05-07 19:41:33,45.2,No,0,0,,-1.0,,0.0,19,0
429768******7170,2015-05-11 21:02:38,44.8,No,0,0,2015-05-07 19:41:33,5841.083333333333,45.2,-0.008849557522124019,21,0
429768******7170,2015-05-29 08:28:08,154.0,No,0,0,2015-05-11 21:02:38,25165.5,45.0,2.422222222222222,8,0
429768******8051,2015-05-20 12:29:11,324.5,No,0,0,,-1.0,,0.0,12,0
429768******8726,2015-05-22 00:29:09,134.4,No,0,0,,-1.0,,0.0,0,1
429768******8739,2015-05-18 22:38:53,67.2,No,0,0,,-1.0,,0.0,22,0
429768******9113,2015-05-04 09:50:09,92.0,No,0,0,,-1.0,,0.0,9,0
432032******1158,2015-05-28 20:10:36,55.82,No,0,0,,-1.0,,0.0,20,0
432032******2116,2015-05-10 18:58:52,36.66,No,0,0,,-1.0,,0.0,18,0
432032******2126,2015-05-22 22:10:04,27.0,No,0,0,,-1.0,,0.0,22,0
432032******2222,2015-05-17 18:58:19,34.5,No,0,0,,-1.0,,0.0,18,0
432032******3117,2015-05-13 13:35:28,69.0,No,0,0,,-1.0,,0.0,13,0
432032******3117,2015-05-14 17:38:12,69.0,No,0,0,2015-05-13 13:35:28,1682.7333333333333,69.0,0.0,17,0
432032******4116,2015-05-13 23:23:43,154.0,No,0,0,,-1.0,,0.0,23,1
432032******4118,2015-05-07 02:04:52,57.5,No,0,0,,-1.0,,0.0,2,1
432032******5128,2015-05-02 13:03:36,70.03,No,0,0,,-1.0,,0.0,13,0
432032******7116,2015-05-09 01:06:18,70.0,No,0,0,,-1.0,,0.0,1,1
432032******7118,2015-05-23 21:25:28,34.5,No,0,0,,-1.0,,0.0,21,0
432032******7127,2015-05-06 09:54:57,132.0,No,0,0,,-1.0,,0.0,9,0
432032******8112,2015-05-06 23:34:16,82.5,No,0,0,,-1.0,,0.0,23,1
432032******9111,2015-05-01 08:09:15,110.0,No,0,0,,-1.0,,0.0,8,0
432032******9159,2015-05-05 15:31:49,46.0,No,0,0,,-1.0,,0.0,15,0
432729******8600,2015-05-21 11:30:43,103.5,No,0,0,,-1.0,,0.0,11,0
432729******9704,2015-05-08 13:38:29,154.0,No,0,0,,-1.0,,0.0,13,0
434639******6034,2015-05-16 12:39:40,80.5,No,0,0,,-1.0,,0.0,12,0
434949******2803,2015-05-06 23:02:07,78.96,No,0,0,,-1.0,,0.0,23,1
434949******5555,2015-05-06 20:45:08,110.0,No,0,0,,-1.0,,0.0,20,0
434949******5555,2015-05-06 20:54:21,60.0,No,0,1,2015-05-06 20:45:08,9.216666666666667,110.0,-0.4545454545454546,20,0
434949******5555,2015-05-06 20:55:49,110.0,No,0,2,2015-05-06 20:54:21,1.4666666666666666,85.0,0.2941176470588236,20,0
439013******9021,2015-05-12 17:03:24,69.0,No,0,0,,-1.0,,0.0,17,0
439016******0054,2015-05-02 19:08:02,132.0,No,0,0,,-1.0,,0.0,19,0
439016******2047,2015-05-07 09:56:41,286.0,No,0,0,,-1.0,,0.0,9,0
439139******6315,2015-05-06 19:13:22,88.0,No,0,0,,-1.0,,0.0,19,0
439139******7903,2015-05-28 17:51:57,86.0,No,0,0,,-1.0,,0.0,17,0
439139******8118,2015-05-14 11:46:25,120.0,No,0,0,,-1.0,,0.0,11,0
439139******8339,2015-05-29 21:43:29,99.0,No,0,0,,-1.0,,0.0,21,0
439139******9112,2015-05-07 07:20:50,23.0,No,0,0,,-1.0,,0.0,7,0
439140******0080,2015-05-11 14:06:40,78.4,No,0,0,,-1.0,,0.0,14,0
439142******0113,2015-05-06 13:58:20,46.0,No,0,0,,-1.0,,0.0,13,0
439144******7059,2015-05-08 13:59:10,187.0,No,0,0,,-1.0,,0.0,13,0
439354******0080,2015-05-15 15:20:39,154.0,No,0,0,,-1.0,,0.0,15,0
439354******0176,2015-05-20 14:07:36,15.0,No,0,0,,-1.0,,0.0,14,0
439354******0191,2015-05-06 17:52:18,156.8,No,0,0,,-1.0,,0.0,17,0
439354******0384,2015-05-21 17:19:10,190.4,Yes,1,0,,-1.0,,0.0,17,0
439354******0384,2015-05-21 17:20:32,190.4,Yes,1,1,2015-05-21 17:19:10,1.3666666666666667,190.4,0.0,17,0
439354******0590,2015-05-14 13:10:06,16.5,No,0,0,,-1.0,,0.0,13,0
439354******0759,2015-05-22 02:39:32,69.0,Yes,1,0,,-1.0,,0.0,2,1
439354******0759,2015-05-22 02:57:25,92.0,Yes,1,1,2015-05-22 02:39:32,17.883333333333333,69.0,0.33333333333333326,2,1
439354******1063,2015-05-08 15:26:18,78.4,No,0,0,,-1.0,,0.0,15,0
439354******1164,2015-05-20 19:24:36,58.36,No,0,0,,-1.0,,0.0,19,0
439354******1193,2015-05-13 10:24:00,138.0,No,0,0,,-1.0,,0.0,10,0
439354******1302,2015-05-29 21:05:36,172.5,No,0,0,,-1.0,,0.0,21,0
439354******1821,2015-05-25 20:20:40,80.5,No,0,0,,-1.0,,0.0,20,0
439354******2119,2015-05-05 06:40:34,92.0,No,0,0,,-1.0,,0.0,6,0
439354******2253,2015-05-02 13:18:54,123.3,No,0,0,,-1.0,,0.0,13,0
439354******2303,2015-05-13 00:06:03,77.0,No,0,0,,-1.0,,0.0,0,1
439354******2303,2015-05-13 00:19:08,77.0,No,0,1,2015-05-13 00:06:03,13.083333333333334,77.0,0.0,0,1
439354******2390,2015-05-29 15:28:59,92.0,No,0,0,,-1.0,,0.0,15,0
439354******2808,2015-05-29 09:58:44,10.0,No,0,0,,-1.0,,0.0,9,0
439354******3056,2015-05-14 14:39:41,308.0,No,0,0,,-1.0,,0.0,14,0
439354******3149,2015-05-29 19:31:03,78.4,No,0,0,,-1.0,,0.0,19,0
439354******3175,2015-05-05 15:21:28,143.0,No,0,0,,-1.0,,0.0,15,0
439354******3360,2015-05-03 11:33:24,48.0,No,0,0,,-1.0,,0.0,11,0
439354******4417,2015-05-23 10:55:54,27.0,No,0,0,,-1.0,,0.0,10,0
439354******4591,2015-05-16 13:22:49,49.5,No,0,0,,-1.0,,0.0,13,0
439354******4599,2015-05-18 13:15:55,44.8,No,0,0,,-1.0,,0.0,13,0
439354******4910,2015-05-01 17:33:32,96.0,No,0,0,,-1.0,,0.0,17,0
439354******5101,2015-05-19 17:53:23,20.0,No,0,0,,-1.0,,0.0,17,0
439354******5281,2015-05-30 23:08:47,15.0,No,0,0,,-1.0,,0.0,23,1
439354******5281,2015-05-30 23:08:47,15.0,No,0,0,2015-05-30 23:08:47,0.0,15.0,0.0,23,1
439354******5293,2015-05-29 22:51:53,77.0,No,0,0,,-1.0,,0.0,22,0
439354******5332,2015-05-12 22:24:04,55.0,No,0,0,,-1.0,,0.0,22,0
439354******5477,2015-05-05 17:42:36,66.0,No,0,0,,-1.0,,0.0,17,0
439354******5522,2015-05-07 10:03:28,115.5,No,0,0,,-1.0,,0.0,10,0
439354******5764,2015-05-04 19:21:56,48.0,No,0,0,,-1.0,,0.0,19,0
439354******5768,2015-05-23 16:49:47,95.2,Yes,1,0,,-1.0,,0.0,16,0
439354******5768,2015-05-23 16:51:24,95.2,Yes,1,1,2015-05-23 16:49:47,1.6166666666666667,95.2,0.0,16,0
439354******5768,2015-05-23 16:52:38,95.2,Yes,1,2,2015-05-23 16:51:24,1.2333333333333334,95.2,0.0,16,0
439354******5768,2015-05-23 16:54:10,95.2,Yes,1,3,2015-05-23 16:52:38,1.5333333333333334,95.2,0.0,16,0
439354******6199,2015-05-09 06:40:04,23.0,No,0,0,,-1.0,,0.0,6,0
439354******6292,2015-05-05 17:06:38,24.0,No,0,0,,-1.0,,0.0,17,0
439354******6432,2015-05-14 21:20:36,154.0,No,0,0,,-1.0,,0.0,21,0
439354******6432,2015-05-22 16:08:11,358.4,No,0,0,2015-05-14 21:20:36,11207.583333333334,154.0,1.3272727272727272,16,0
439354******6452,2015-05-21 23:18:57,330.0,No,0,0,,-1.0,,0.0,23,1
439354******6629,2015-05-29 18:32:53,46.0,No,0,0,,-1.0,,0.0,18,0
439354******6810,2015-05-13 17:17:08,104.5,No,0,0,,-1.0,,0.0,17,0
439354******7101,2015-05-13 19:41:37,78.4,No,0,0,,-1.0,,0.0,19,0
439354******7577,2015-05-04 22:43:29,92.0,No,0,0,,-1.0,,0.0,22,0
439354******7943,2015-05-13 20:52:24,56.0,No,0,0,,-1.0,,0.0,20,0
439354******8326,2015-05-22 11:21:38,46.69,No,0,0,,-1.0,,0.0,11,0
439354******8478,2015-05-24 18:43:43,46.69,No,0,0,,-1.0,,0.0,18,0
439354******8518,2015-05-14 18:29:50,69.0,No,0,0,,-1.0,,0.0,18,0
439354******8518,2015-05-21 13:16:19,69.0,No,0,0,2015-05-14 18:29:50,9766.483333333334,69.0,0.0,13,0
439354******8727,2015-05-08 09:57:57,55.0,No,0,0,,-1.0,,0.0,9,0
439354******8805,2015-05-19 20:07:37,69.0,No,0,0,,-1.0,,0.0,20,0
439354******8814,2015-05-03 21:10:22,168.0,No,0,0,,-1.0,,0.0,21,0
439354******9238,2015-05-11 23:21:27,308.0,No,0,0,,-1.0,,0.0,23,1
439354******9365,2015-05-06 19:49:36,69.0,No,0,0,,-1.0,,0.0,19,0
439354******9449,2015-05-20 12:16:21,20.0,No,0,0,,-1.0,,0.0,12,0
439388******2268,2015-05-20 19:29:31,69.0,No,0,0,,-1.0,,0.0,19,0
439389******1544,2015-05-11 21:34:11,198.0,No,0,0,,-1.0,,0.0,21,0
439389******3414,2015-05-11 15:27:51,106.4,No,0,0,,-1.0,,0.0,15,0
439389******5315,2015-05-28 13:49:19,101.49,No,0,0,,-1.0,,0.0,13,0
439389******6546,2015-05-01 19:47:34,143.0,No,0,0,,-1.0,,0.0,19,0
439389******7044,2015-05-29 00:46:28,10.0,No,0,0,,-1.0,,0.0,0,1
439389******9093,2015-05-07 12:17:52,187.0,No,0,0,,-1.0,,0.0,12,0
440693******0431,2015-05-10 21:59:47,77.0,No,0,0,,-1.0,,0.0,21,0
440693******0617,2015-05-27 23:27:03,179.2,No,0,0,,-1.0,,0.0,23,1
440693******0793,2015-05-21 17:09:17,20.0,No,0,0,,-1.0,,0.0,17,0
440693******1982,2015-05-25 22:04:34,112.0,No,0,0,,-1.0,,0.0,22,0
440693******2113,2015-05-20 09:43:23,34.5,No,0,0,,-1.0,,0.0,9,0
440693******2214,2015-05-12 23:50:17,55.0,No,0,0,,-1.0,,0.0,23,1
440693******2452,2015-05-29 21:58:25,172.5,No,0,0,,-1.0,,0.0,21,0
440693******3156,2015-05-09 14:26:26,132.0,No,0,0,,-1.0,,0.0,14,0
440693******3209,2015-05-13 14:17:49,172.75,No,0,0,,-1.0,,0.0,14,0
440693******3280,2015-05-06 13:42:32,138.0,No,0,0,,-1.0,,0.0,13,0
440693******3414,2015-05-12 07:45:56,27.5,No,0,0,,-1.0,,0.0,7,0
440693******4116,2015-05-25 21:33:05,336.0,No,0,0,,-1.0,,0.0,21,0
440693******4165,2015-05-11 11:55:21,134.4,No,0,0,,-1.0,,0.0,11,0
440693******4225,2015-05-29 10:01:36,99.0,No,0,0,,-1.0,,0.0,10,0
440693******5162,2015-05-07 23:23:39,220.0,No,0,0,,-1.0,,0.0,23,1
440693******5445,2015-05-09 19:17:01,69.0,No,0,0,,-1.0,,0.0,19,0
440693******5445,2015-05-09 19:58:05,34.5,No,0,1,2015-05-09 19:17:01,41.06666666666667,69.0,-0.5,19,0
440693******5521,2015-05-23 15:02:02,43.0,No,0,0,,-1.0,,0.0,15,0
440693******5543,2015-05-06 17:23:48,165.0,No,0,0,,-1.0,,0.0,17,0
440693******5969,2015-05-29 18:59:08,172.5,No,0,0,,-1.0,,0.0,18,0
440693******6201,2015-05-08 22:23:39,143.0,No,0,0,,-1.0,,0.0,22,0
440693******6310,2015-05-19 19:03:34,179.2,No,0,0,,-1.0,,0.0,19,0
440693******6429,2015-05-25 15:54:26,264.0,No,0,0,,-1.0,,0.0,15,0
440693******6532,2015-05-29 17:55:18,46.0,No,0,0,,-1.0,,0.0,17,0
440693******6532,2015-05-29 18:01:34,46.0,No,0,1,2015-05-29 17:55:18,6.266666666666667,46.0,0.0,18,0
440693******8118,2015-05-15 19:25:38,145.6,No,0,0,,-1.0,,0.0,19,0
440693******8479,2015-05-13 06:43:07,154.0,No,0,0,,-1.0,,0.0,6,0
440693******8837,2015-05-13 00:18:08,23.0,No,0,0,,-1.0,,0.0,0,1
440693******8837,2015-05-13 00:22:50,23.0,No,0,1,2015-05-13 00:18:08,4.7,23.0,0.0,0,1
440693******9470,2015-05-04 18:14:50,27.63,No,0,0,,-1.0,,0.0,18,0
440693******9510,2015-05-15 17:33:24,184.0,No,0,0,,-1.0,,0.0,17,0
440693******9680,2015-05-22 11:29:39,140.0,No,0,0,,-1.0,,0.0,11,0
440693******9709,2015-05-28 17:03:39,99.0,No,0,0,,-1.0,,0.0,17,0
440693******9709,2015-05-28 17:10:54,99.0,No,0,1,2015-05-28 17:03:39,7.25,99.0,0.0,17,0
440694******0116,2015-05-06 17:16:05,165.0,No,0,0,,-1.0,,0.0,17,0
440694******0889,2015-05-07 10:53:57,110.0,No,0,0,,-1.0,,0.0,10,0
440694******1147,2015-05-29 21:39:15,88.0,No,0,0,,-1.0,,0.0,21,0
440694******1213,2015-05-21 19:58:35,168.0,No,0,0,,-1.0,,0.0,19,0
440694******3127,2015-05-06 14:00:12,515.2,No,0,0,,-1.0,,0.0,14,0
440694******3127,2015-05-07 10:34:37,336.0,No,0,1,2015-05-06 14:00:12,1234.4166666666667,515.2,-0.34782608695652184,10,0
440694******3213,2015-05-15 09:16:06,104.5,No,0,0,,-1.0,,0.0,9,0
440694******3271,2015-05-05 23:20:34,29.34,No,0,0,,-1.0,,0.0,23,1
440694******3453,2015-05-28 16:33:03,99.0,No,0,0,,-1.0,,0.0,16,0
440694******3508,2015-05-07 18:41:42,99.0,No,0,0,,-1.0,,0.0,18,0
440694******4135,2015-05-04 16:16:41,143.0,No,0,0,,-1.0,,0.0,16,0
440694******4511,2015-05-06 16:07:49,103.5,No,0,0,,-1.0,,0.0,16,0
440694******4526,2015-05-14 19:35:53,92.0,No,0,0,,-1.0,,0.0,19,0
440694******4527,2015-05-06 13:10:03,138.0,No,0,0,,-1.0,,0.0,13,0
440694******5068,2015-05-12 09:04:56,156.8,No,0,0,,-1.0,,0.0,9,0
440694******5159,2015-05-11 19:48:04,154.0,No,0,0,,-1.0,,0.0,19,0
440694******5218,2015-05-11 17:39:43,154.0,No,0,0,,-1.0,,0.0,17,0
440694******5236,2015-05-28 20:53:19,77.0,No,0,0,,-1.0,,0.0,20,0
440694******5758,2015-05-03 19:07:53,80.5,No,0,0,,-1.0,,0.0,19,0
440694******6130,2015-05-09 13:02:10,89.6,No,0,0,,-1.0,,0.0,13,0
440694******6132,2015-05-07 22:33:28,209.0,No,0,0,,-1.0,,0.0,22,0
440694******6156,2015-05-15 11:45:58,154.0,No,0,0,,-1.0,,0.0,11,0
440694******7114,2015-05-14 13:08:21,224.0,No,0,0,,-1.0,,0.0,13,0
440694******7114,2015-05-14 13:13:07,134.4,No,0,1,2015-05-14 13:08:21,4.766666666666667,224.0,-0.4,13,0
440694******7345,2015-05-29 18:04:05,209.0,No,0,0,,-1.0,,0.0,18,0
440694******7846,2015-05-03 18:45:11,81.71,No,0,0,,-1.0,,0.0,18,0
440694******7965,2015-05-05 22:57:34,143.0,No,0,0,,-1.0,,0.0,22,0
440694******8215,2015-05-11 18:44:33,154.0,No,0,0,,-1.0,,0.0,18,0
440694******8394,2015-05-09 14:58:26,69.0,No,0,0,,-1.0,,0.0,14,0
440694******8626,2015-05-27 21:53:49,88.0,No,0,0,,-1.0,,0.0,21,0
440694******8956,2015-05-07 18:46:09,121.0,No,0,0,,-1.0,,0.0,18,0
440694******8956,2015-05-08 00:52:42,88.0,No,0,1,2015-05-07 18:46:09,366.55,121.0,-0.2727272727272727,0,1
440694******9033,2015-05-03 20:21:42,179.2,No,0,0,,-1.0,,0.0,20,0
440694******9088,2015-05-23 13:09:37,30.0,No,0,0,,-1.0,,0.0,13,0
440694******9122,2015-05-25 08:25:24,10.0,No,0,0,,-1.0,,0.0,8,0
440694******9309,2015-05-06 00:32:40,168.0,No,0,0,,-1.0,,0.0,0,1
440694******9887,2015-05-13 21:03:39,154.0,No,0,0,,-1.0,,0.0,21,0
441120******0277,2015-05-09 17:58:29,89.6,No,0,0,,-1.0,,0.0,17,0
441120******5007,2015-05-15 23:05:35,110.0,No,0,0,,-1.0,,0.0,23,1
441120******6324,2015-05-04 17:26:32,143.0,No,0,0,,-1.0,,0.0,17,0
441120******6723,2015-05-28 11:38:54,20.0,No,0,0,,-1.0,,0.0,11,0
441120******6895,2015-05-28 16:38:47,85.27,No,0,0,,-1.0,,0.0,16,0
441120******8385,2015-05-13 20:49:02,198.0,No,0,0,,-1.0,,0.0,20,0
441120******8757,2015-05-29 11:21:22,190.4,No,0,0,,-1.0,,0.0,11,0
441120******9115,2015-05-08 13:36:10,77.0,No,0,0,,-1.0,,0.0,13,0
441120******9122,2015-05-14 13:38:36,33.0,No,0,0,,-1.0,,0.0,13,0
441120******9850,2015-05-20 09:21:21,224.0,No,0,0,,-1.0,,0.0,9,0
441524******0025,2015-05-07 22:21:32,135.6,No,0,0,,-1.0,,0.0,22,0
441524******0279,2015-05-14 10:32:50,154.0,No,0,0,,-1.0,,0.0,10,0
441524******0298,2015-05-26 00:41:59,88.0,No,0,0,,-1.0,,0.0,0,1
441524******0298,2015-05-28 17:24:39,192.5,No,0,0,2015-05-26 00:41:59,3882.6666666666665,88.0,1.1875,17,0
441524******0356,2015-05-23 17:28:06,84.0,No,0,0,,-1.0,,0.0,17,0
441524******0368,2015-05-08 07:48:05,70.0,No,0,0,,-1.0,,0.0,7,0
441524******0445,2015-05-12 00:22:50,201.25,No,0,0,,-1.0,,0.0,0,1
441524******0470,2015-05-05 17:05:39,24.0,No,0,0,,-1.0,,0.0,17,0
441524******0504,2015-05-03 09:31:36,286.0,No,0,0,,-1.0,,0.0,9,0
441524******0524,2015-05-23 11:57:52,190.4,No,0,0,,-1.0,,0.0,11,0
441524******0675,2015-05-11 21:09:26,132.25,No,0,0,,-1.0,,0.0,21,0
441524******0697,2015-05-25 17:38:36,10.0,No,0,0,,-1.0,,0.0,17,0
441524******0758,2015-05-06 14:11:44,30.0,No,0,0,,-1.0,,0.0,14,0
441524******0779,2015-05-21 12:18:00,23.0,No,0,0,,-1.0,,0.0,12,0
441524******0821,2015-05-05 19:42:03,104.5,No,0,0,,-1.0,,0.0,19,0
441524******0870,2015-05-16 19:10:32,16.5,No,0,0,,-1.0,,0.0,19,0
441524******0922,2015-05-07 11:33:30,120.75,No,0,0,,-1.0,,0.0,11,0
441524******0957,2015-05-16 20:41:00,33.0,No,0,0,,-1.0,,0.0,20,0
441524******1018,2015-05-06 11:42:37,241.5,No,0,0,,-1.0,,0.0,11,0
441524******1228,2015-05-15 20:36:22,198.0,No,0,0,,-1.0,,0.0,20,0
441524******1317,2015-05-28 21:09:32,62.1,No,0,0,,-1.0,,0.0,21,0
441524******1345,2015-05-11 17:54:48,154.0,No,0,0,,-1.0,,0.0,17,0
441524******1349,2015-05-20 09:26:11,172.5,No,0,0,,-1.0,,0.0,9,0
441524******1349,2015-05-26 15:29:19,100.8,No,0,0,2015-05-20 09:26:11,9003.133333333333,172.5,-0.41565217391304354,15,0
441524******1422,2015-05-08 11:36:34,156.8,No,0,0,,-1.0,,0.0,11,0
441524******1423,2015-05-05 13:51:16,112.0,No,0,0,,-1.0,,0.0,13,0
441524******1504,2015-05-05 18:21:21,89.6,No,0,0,,-1.0,,0.0,18,0
441524******1519,2015-05-14 10:54:35,231.0,No,0,0,,-1.0,,0.0,10,0
441524******1519,2015-05-28 19:03:59,89.6,No,0,0,2015-05-14 10:54:35,20649.4,231.0,-0.6121212121212121,19,0
441524******1520,2015-05-28 14:07:02,88.0,No,0,0,,-1.0,,0.0,14,0
441524******1529,2015-05-10 20:30:31,148.5,No,0,0,,-1.0,,0.0,20,0
441524******1572,2015-05-08 09:00:14,135.6,No,0,0,,-1.0,,0.0,9,0
441524******1572,2015-05-22 14:13:51,268.8,No,0,0,2015-05-08 09:00:14,20473.616666666665,135.6,0.9823008849557524,14,0
441524******1572,2015-05-29 17:16:28,88.0,No,0,0,2015-05-22 14:13:51,10262.616666666667,202.2,-0.5647873392680514,17,0
441524******1581,2015-05-10 22:14:39,57.5,No,0,0,,-1.0,,0.0,22,0
441524******1613,2015-05-09 17:00:35,34.5,No,0,0,,-1.0,,0.0,17,0
441524******1666,2015-05-11 18:27:38,201.25,No,0,0,,-1.0,,0.0,18,0
441524******1731,2015-05-07 13:31:45,46.0,No,0,0,,-1.0,,0.0,13,0
441524******1742,2015-05-14 23:29:05,110.0,No,0,0,,-1.0,,0.0,23,1
441524******1744,2015-05-06 18:09:29,30.0,No,0,0,,-1.0,,0.0,18,0
441524******1852,2015-05-12 13:22:20,78.4,No,0,0,,-1.0,,0.0,13,0
441524******1889,2015-05-28 14:26:52,126.5,No,0,0,,-1.0,,0.0,14,0
441524******1895,2015-05-29 20:54:54,50.75,No,0,0,,-1.0,,0.0,20,0
441524******1954,2015-05-26 14:02:19,138.0,No,0,0,,-1.0,,0.0,14,0
441524******1987,2015-05-22 14:41:51,34.5,No,0,0,,-1.0,,0.0,14,0
441524******2168,2015-05-09 22:23:33,176.0,No,0,0,,-1.0,,0.0,22,0
441524******2238,2015-05-08 20:04:12,55.0,No,0,0,,-1.0,,0.0,20,0
441524******2396,2015-05-13 17:29:25,78.4,No,0,0,,-1.0,,0.0,17,0
441524******2481,2015-05-20 16:32:37,145.6,No,0,0,,-1.0,,0.0,16,0
441524******2611,2015-05-12 10:52:21,165.0,No,0,0,,-1.0,,0.0,10,0
441524******2673,2015-05-29 10:59:18,46.0,No,0,0,,-1.0,,0.0,10,0
441524******2937,2015-05-12 10:16:30,27.5,No,0,0,,-1.0,,0.0,10,0
441524******3067,2015-05-12 11:03:51,78.4,No,0,0,,-1.0,,0.0,11,0
441524******3115,2015-05-14 10:51:55,33.0,No,0,0,,-1.0,,0.0,10,0
441524******3127,2015-05-29 10:49:17,10.0,No,0,0,,-1.0,,0.0,10,0
441524******3205,2015-05-27 21:35:34,15.0,No,0,0,,-1.0,,0.0,21,0
441524******3249,2015-05-29 08:52:31,20.0,No,0,0,,-1.0,,0.0,8,0
441524******3303,2015-05-11 20:40:47,132.25,No,0,0,,-1.0,,0.0,20,0
441524******3304,2015-05-28 10:12:28,132.0,No,0,0,,-1.0,,0.0,10,0
441524******3362,2015-05-23 18:59:00,30.0,No,0,0,,-1.0,,0.0,18,0
441524******3368,2015-05-06 10:32:01,161.0,No,0,0,,-1.0,,0.0,10,0
441524******3374,2015-05-08 14:41:40,69.0,No,0,0,,-1.0,,0.0,14,0
441524******3509,2015-05-07 08:51:42,88.0,No,0,0,,-1.0,,0.0,8,0
441524******3509,2015-05-28 21:41:03,77.0,No,0,0,2015-05-07 08:51:42,31009.35,88.0,-0.125,21,0
441524******3798,2015-05-15 15:25:07,154.0,No,0,0,,-1.0,,0.0,15,0
441524******3846,2015-05-29 13:08:17,132.0,No,0,0,,-1.0,,0.0,13,0
441524******3891,2015-05-09 11:48:13,69.0,No,0,0,,-1.0,,0.0,11,0
441524******3952,2015-05-21 21:17:23,70.0,No,0,0,,-1.0,,0.0,21,0
441524******4060,2015-05-14 19:52:24,165.0,No,0,0,,-1.0,,0.0,19,0
441524******4072,2015-05-12 19:33:37,156.8,No,0,0,,-1.0,,0.0,19,0
441524******4086,2015-05-12 10:38:32,134.4,No,0,0,,-1.0,,0.0,10,0
441524******4086,2015-05-28 19:03:13,13.0,No,0,0,2015-05-12 10:38:32,23544.683333333334,134.4,-0.9032738095238095,19,0
441524******4164,2015-05-06 09:39:02,231.0,No,0,0,,-1.0,,0.0,9,0
441524******4190,2015-05-28 13:33:24,14.0,No,0,0,,-1.0,,0.0,13,0
441524******4205,2015-05-29 10:37:36,121.0,No,0,0,,-1.0,,0.0,10,0
441524******4245,2015-05-14 23:29:40,154.0,No,0,0,,-1.0,,0.0,23,1
441524******4379,2015-05-14 11:51:43,99.0,No,0,0,,-1.0,,0.0,11,0
441524******4558,2015-05-11 20:43:23,104.5,No,0,0,,-1.0,,0.0,20,0
441524******4598,2015-05-08 18:06:48,99.0,No,0,0,,-1.0,,0.0,18,0
441524******4623,2015-05-16 14:43:57,46.0,No,0,0,,-1.0,,0.0,14,0
441524******4674,2015-05-25 10:32:30,830.0,No,0,0,,-1.0,,0.0,10,0
441524******4674,2015-05-25 10:34:45,830.0,No,0,1,2015-05-25 10:32:30,2.25,830.0,0.0,10,0
441524******4689,2015-05-11 18:34:11,220.0,No,0,0,,-1.0,,0.0,18,0
441524******4711,2015-05-11 23:20:10,275.0,No,0,0,,-1.0,,0.0,23,1
441524******4835,2015-05-12 15:43:08,44.8,No,0,0,,-1.0,,0.0,15,0
441524******4871,2015-05-01 18:28:10,220.0,No,0,0,,-1.0,,0.0,18,0
441524******4905,2015-05-06 19:00:24,143.0,No,0,0,,-1.0,,0.0,19,0
441524******4914,2015-05-25 15:18:02,34.5,No,0,0,,-1.0,,0.0,15,0
441524******4936,2015-05-26 18:52:40,224.0,No,0,0,,-1.0,,0.0,18,0
441524******5015,2015-05-08 16:51:00,17.51,No,0,0,,-1.0,,0.0,16,0
441524******5034,2015-05-29 16:11:58,46.0,No,0,0,,-1.0,,0.0,16,0
441524******5096,2015-05-21 17:52:43,23.0,No,0,0,,-1.0,,0.0,17,0
441524******5113,2015-05-28 18:25:36,88.0,No,0,0,,-1.0,,0.0,18,0
441524******5129,2015-05-23 17:06:18,179.2,No,0,0,,-1.0,,0.0,17,0
441524******5142,2015-05-06 09:41:06,231.0,No,0,0,,-1.0,,0.0,9,0
441524******5162,2015-05-11 20:21:35,172.75,No,0,0,,-1.0,,0.0,20,0
441524******5179,2015-05-28 19:45:54,88.0,No,0,0,,-1.0,,0.0,19,0
441524******5203,2015-05-14 01:01:14,154.0,No,0,0,,-1.0,,0.0,1,1
441524******5214,2015-05-11 10:29:24,77.0,No,0,0,,-1.0,,0.0,10,0
441524******5271,2015-05-13 16:44:41,154.0,No,0,0,,-1.0,,0.0,16,0
441524******5279,2015-05-11 16:19:11,224.0,No,0,0,,-1.0,,0.0,16,0
441524******5311,2015-05-07 18:59:50,33.0,No,0,0,,-1.0,,0.0,18,0
441524******5390,2015-05-21 19:09:14,69.0,No,0,0,,-1.0,,0.0,19,0
441524******5420,2015-05-04 15:16:35,143.0,No,0,0,,-1.0,,0.0,15,0
441524******5777,2015-05-08 17:10:30,34.5,No,0,0,,-1.0,,0.0,17,0
441524******5792,2015-05-23 23:45:40,168.0,No,0,0,,-1.0,,0.0,23,1
441524******5812,2015-05-12 04:14:35,16.5,No,0,0,,-1.0,,0.0,4,1
441524******5812,2015-05-13 02:39:04,16.5,No,0,1,2015-05-12 04:14:35,1344.4833333333333,16.5,0.0,2,1
441524******5816,2015-05-11 12:52:04,46.0,No,0,0,,-1.0,,0.0,12,0
441524******5872,2015-05-14 11:39:16,78.4,No,0,0,,-1.0,,0.0,11,0
441524******5899,2015-05-26 15:44:36,264.0,No,0,0,,-1.0,,0.0,15,0
441524******5972,2015-05-06 07:51:39,88.0,No,0,0,,-1.0,,0.0,7,0
441524******6114,2015-05-15 16:05:45,89.6,No,0,0,,-1.0,,0.0,16,0
441524******6303,2015-05-08 11:25:45,34.5,No,0,0,,-1.0,,0.0,11,0
441524******6331,2015-05-11 19:51:44,132.25,No,0,0,,-1.0,,0.0,19,0
441524******6360,2015-05-21 01:07:50,121.0,No,0,0,,-1.0,,0.0,1,1
441524******6369,2015-05-22 11:16:26,23.35,No,0,0,,-1.0,,0.0,11,0
441524******6377,2015-05-11 21:50:20,77.0,No,0,0,,-1.0,,0.0,21,0
441524******6433,2015-05-22 07:12:03,43.0,No,0,0,,-1.0,,0.0,7,0
441524******6528,2015-05-28 08:15:29,62.1,No,0,0,,-1.0,,0.0,8,0
441524******6528,2015-05-28 09:14:32,62.1,No,0,1,2015-05-28 08:15:29,59.05,62.1,0.0,9,0
441524******6561,2015-05-08 22:30:29,62.1,No,0,0,,-1.0,,0.0,22,0
441524******6573,2015-05-21 17:25:48,35.2,No,0,0,,-1.0,,0.0,17,0
441524******6716,2015-05-29 19:01:46,30.0,No,0,0,,-1.0,,0.0,19,0
441524******6807,2015-05-06 12:58:02,34.5,No,0,0,,-1.0,,0.0,12,0
441524******6845,2015-05-10 19:28:35,148.5,No,0,0,,-1.0,,0.0,19,0
441524******6864,2015-05-08 23:16:29,99.0,No,0,0,,-1.0,,0.0,23,1
441524******6924,2015-05-08 22:00:56,46.0,No,0,0,,-1.0,,0.0,22,0
441524******6940,2015-05-29 13:07:51,34.5,No,0,0,,-1.0,,0.0,13,0
441524******6944,2015-05-06 15:21:11,138.0,No,0,0,,-1.0,,0.0,15,0
441524******6951,2015-05-06 09:49:07,187.0,No,0,0,,-1.0,,0.0,9,0
441524******6971,2015-05-09 20:22:13,33.0,No,0,0,,-1.0,,0.0,20,0
441524******6988,2015-05-15 21:33:56,264.0,No,0,0,,-1.0,,0.0,21,0
441524******6988,2015-05-15 23:17:10,132.0,No,0,1,2015-05-15 21:33:56,103.23333333333333,264.0,-0.5,23,1
441524******7083,2015-05-14 13:12:01,104.5,No,0,0,,-1.0,,0.0,13,0
441524******7159,2015-05-06 18:17:51,672.0,Yes,1,0,,-1.0,,0.0,18,0
441524******7159,2015-05-07 11:09:45,672.0,Yes,1,1,2015-05-06 18:17:51,1011.9,672.0,0.0,11,0
441524******7159,2015-05-15 10:02:10,33.0,No,0,0,2015-05-07 11:09:45,11452.416666666666,672.0,-0.9508928571428571,10,0
441524******7221,2015-05-06 23:28:52,198.0,No,0,0,,-1.0,,0.0,23,1
441524******7429,2015-05-12 21:46:11,154.0,No,0,0,,-1.0,,0.0,21,0
441524******7436,2015-05-21 23:03:20,67.2,No,0,0,,-1.0,,0.0,23,1
441524******7439,2015-05-06 19:51:38,143.0,No,0,0,,-1.0,,0.0,19,0
441524******7505,2015-05-05 13:07:18,99.0,No,0,0,,-1.0,,0.0,13,0
441524******7750,2015-05-05 22:47:17,110.0,No,0,0,,-1.0,,0.0,22,0
441524******7801,2015-05-08 13:12:07,99.0,No,0,0,,-1.0,,0.0,13,0
441524******7801,2015-05-29 20:07:05,99.0,No,0,0,2015-05-08 13:12:07,30654.966666666667,99.0,0.0,20,0
441524******7829,2015-05-19 11:22:52,126.5,No,0,0,,-1.0,,0.0,11,0
441524******7873,2015-05-15 12:50:50,154.0,No,0,0,,-1.0,,0.0,12,0
441524******7886,2015-05-08 21:26:09,77.0,No,0,0,,-1.0,,0.0,21,0
441524******7955,2015-05-14 19:02:12,99.0,No,0,0,,-1.0,,0.0,19,0
441524******7978,2015-05-13 12:54:51,27.5,No,0,0,,-1.0,,0.0,12,0
441524******8030,2015-05-29 17:41:50,80.5,No,0,0,,-1.0,,0.0,17,0
441524******8050,2015-05-14 17:55:50,78.4,No,0,0,,-1.0,,0.0,17,0
441524******8166,2015-05-07 19:31:01,209.0,No,0,0,,-1.0,,0.0,19,0
441524******8227,2015-05-27 20:31:29,187.0,No,0,0,,-1.0,,0.0,20,0
441524******8493,2015-05-11 17:45:41,89.6,No,0,0,,-1.0,,0.0,17,0
441524******8539,2015-05-12 15:04:40,49.5,No,0,0,,-1.0,,0.0,15,0
441524******8556,2015-05-30 14:33:03,35.0,No,0,0,,-1.0,,0.0,14,0
441524******8556,2015-05-30 14:33:03,35.0,No,0,0,2015-05-30 14:33:03,0.0,35.0,0.0,14,0
441524******8655,2015-05-28 17:05:14,49.5,No,0,0,,-1.0,,0.0,17,0
441524******8685,2015-05-16 22:12:48,16.5,No,0,0,,-1.0,,0.0,22,0
441524******8685,2015-05-16 22:16:24,16.5,No,0,1,2015-05-16 22:12:48,3.6,16.5,0.0,22,0
441524******8697,2015-05-08 17:45:44,69.0,No,0,0,,-1.0,,0.0,17,0
441524******8725,2015-05-09 14:18:31,235.2,No,0,0,,-1.0,,0.0,14,0
441524******8833,2015-05-11 20:07:03,72.8,No,0,0,,-1.0,,0.0,20,0
441524******8833,2015-05-11 20:32:28,89.6,No,0,1,2015-05-11 20:07:03,25.416666666666668,72.8,0.23076923076923084,20,0
441524******8871,2015-05-05 08:40:56,34.5,No,0,0,,-1.0,,0.0,8,0
441524******8872,2015-05-19 17:18:15,70.4,No,0,0,,-1.0,,0.0,17,0
441524******8898,2015-05-10 19:22:23,148.5,No,0,0,,-1.0,,0.0,19,0
441524******8932,2015-05-12 12:13:23,92.0,No,0,0,,-1.0,,0.0,12,0
441524******8956,2015-05-28 17:15:31,10.0,No,0,0,,-1.0,,0.0,17,0
441524******9007,2015-05-28 10:31:35,216.0,No,0,0,,-1.0,,0.0,10,0
441524******9010,2015-05-07 10:09:20,115.5,No,0,0,,-1.0,,0.0,10,0
441524******9127,2015-05-11 20:12:25,201.25,No,0,0,,-1.0,,0.0,20,0
441524******9183,2015-05-07 13:44:56,80.5,No,0,0,,-1.0,,0.0,13,0
441524******9183,2015-05-07 17:15:08,161.0,No,0,1,2015-05-07 13:44:56,210.2,80.5,1.0,17,0
441524******9200,2015-05-06 14:35:21,165.0,No,0,0,,-1.0,,0.0,14,0
441524******9253,2015-05-12 14:38:11,78.4,No,0,0,,-1.0,,0.0,14,0
441524******9302,2015-05-22 15:44:13,165.0,No,0,0,,-1.0,,0.0,15,0
441524******9410,2015-05-07 20:31:45,78.4,No,0,0,,-1.0,,0.0,20,0
441524******9443,2015-05-11 18:16:38,333.5,No,0,0,,-1.0,,0.0,18,0
441524******9487,2015-05-14 17:16:31,104.5,No,0,0,,-1.0,,0.0,17,0
441524******9515,2015-05-15 02:01:11,99.0,No,0,0,,-1.0,,0.0,2,1
441524******9810,2015-05-26 14:48:59,134.4,No,0,0,,-1.0,,0.0,14,0
441524******9976,2015-05-26 10:29:44,38.5,No,0,0,,-1.0,,0.0,10,0
444054******0535,2015-05-16 13:33:09,75.6,No,0,0,,-1.0,,0.0,13,0
444054******0608,2015-05-06 10:48:56,58.36,No,0,0,,-1.0,,0.0,10,0
444054******1029,2015-05-11 20:02:15,33.0,No,0,0,,-1.0,,0.0,20,0
444054******1329,2015-05-11 17:38:43,88.0,No,0,0,,-1.0,,0.0,17,0
444054******1331,2015-05-04 12:47:57,78.96,No,0,0,,-1.0,,0.0,12,0
444054******1434,2015-05-08 15:15:20,78.4,No,0,0,,-1.0,,0.0,15,0
444054******1482,2015-05-08 20:09:34,220.0,No,0,0,,-1.0,,0.0,20,0
444054******1575,2015-05-08 14:26:41,46.69,No,0,0,,-1.0,,0.0,14,0
444054******1693,2015-05-21 23:17:38,23.0,No,0,0,,-1.0,,0.0,23,1
444054******1693,2015-05-21 23:44:07,23.0,No,0,1,2015-05-21 23:17:38,26.483333333333334,23.0,0.0,23,1
444054******2081,2015-05-09 20:55:11,134.4,No,0,0,,-1.0,,0.0,20,0
444054******2105,2015-05-11 15:47:09,110.0,No,0,0,,-1.0,,0.0,15,0
444054******2105,2015-05-12 17:43:56,55.0,No,0,0,2015-05-11 15:47:09,1556.7833333333333,110.0,-0.5,17,0
444054******2422,2015-05-30 16:51:35,36.0,No,0,0,,-1.0,,0.0,16,0
444054******2422,2015-05-30 16:51:35,36.0,No,0,0,2015-05-30 16:51:35,0.0,36.0,0.0,16,0
444054******2440,2015-05-29 20:28:56,77.0,No,0,0,,-1.0,,0.0,20,0
444054******2479,2015-05-29 08:56:57,88.0,No,0,0,,-1.0,,0.0,8,0
444054******2539,2015-05-19 13:34:35,84.0,No,0,0,,-1.0,,0.0,13,0
444054******2927,2015-05-11 17:48:36,104.5,No,0,0,,-1.0,,0.0,17,0
444054******3124,2015-05-06 15:59:55,143.0,No,0,0,,-1.0,,0.0,15,0
444054******3279,2015-05-29 12:36:18,53.0,No,0,0,,-1.0,,0.0,12,0
444054******3745,2015-05-01 17:36:38,24.0,No,0,0,,-1.0,,0.0,17,0
444054******3745,2015-05-04 21:47:50,161.0,No,0,0,2015-05-01 17:36:38,4571.2,24.0,5.708333333333333,21,0
444054******3745,2015-05-18 09:59:35,100.8,No,0,0,2015-05-04 21:47:50,19451.75,92.5,0.0897297297297297,9,0
444054******3796,2015-05-15 22:08:55,112.0,No,0,0,,-1.0,,0.0,22,0
444054******4046,2015-05-21 13:07:37,190.4,No,0,0,,-1.0,,0.0,13,0
444054******4046,2015-05-21 13:09:00,190.4,No,0,1,2015-05-21 13:07:37,1.3833333333333333,190.4,0.0,13,0
444054******4046,2015-05-21 13:10:17,190.4,No,0,2,2015-05-21 13:09:00,1.2833333333333334,190.4,0.0,13,0
444054******4046,2015-05-21 13:11:40,190.4,No,0,3,2015-05-21 13:10:17,1.3833333333333333,190.4,0.0,13,0
444054******4046,2015-05-21 13:13:14,190.4,No,0,4,2015-05-21 13:11:40,1.5666666666666667,190.4,0.0,13,0
444054******4158,2015-05-11 17:09:56,104.5,No,0,0,,-1.0,,0.0,17,0
444054******4158,2015-05-13 10:47:56,78.4,No,0,0,2015-05-11 17:09:56,2498.0,104.5,-0.24976076555023918,10,0
444054******4479,2015-05-11 12:07:32,179.2,No,0,0,,-1.0,,0.0,12,0
444054******4501,2015-05-15 11:31:33,145.6,No,0,0,,-1.0,,0.0,11,0
444054******4567,2015-05-28 12:47:52,40.0,No,0,0,,-1.0,,0.0,12,0
444054******4849,2015-05-28 14:06:41,20.0,No,0,0,,-1.0,,0.0,14,0
444054******5154,2015-05-12 19:58:36,154.0,No,0,0,,-1.0,,0.0,19,0
444054******5175,2015-05-12 18:39:37,132.0,No,0,0,,-1.0,,0.0,18,0
444054******5354,2015-05-16 13:51:45,49.5,No,0,0,,-1.0,,0.0,13,0
444054******5615,2015-05-30 00:02:26,15.0,No,0,0,,-1.0,,0.0,0,1
444054******5849,2015-05-14 22:29:26,16.5,No,0,0,,-1.0,,0.0,22,0
444054******5849,2015-05-16 17:22:26,33.0,No,0,0,2015-05-14 22:29:26,2573.0,16.5,1.0,17,0
444054******6067,2015-05-11 10:21:30,148.5,No,0,0,,-1.0,,0.0,10,0
444054******6231,2015-05-21 01:01:05,89.6,No,0,0,,-1.0,,0.0,1,1
444054******6231,2015-05-22 00:24:44,89.6,No,0,1,2015-05-21 01:01:05,1403.65,89.6,0.0,0,1
444054******6252,2015-05-11 11:31:37,134.4,No,0,0,,-1.0,,0.0,11,0
444054******6405,2015-05-14 09:30:41,78.4,No,0,0,,-1.0,,0.0,9,0
444054******6552,2015-05-14 11:24:57,172.75,No,0,0,,-1.0,,0.0,11,0
444054******6552,2015-05-14 12:02:07,172.75,No,0,1,2015-05-14 11:24:57,37.166666666666664,172.75,0.0,12,0
444054******6552,2015-05-14 13:26:18,172.75,No,0,2,2015-05-14 12:02:07,84.18333333333334,172.75,0.0,13,0
444054******7197,2015-05-07 11:31:32,198.0,No,0,0,,-1.0,,0.0,11,0
444054******7553,2015-05-16 23:43:34,38.5,No,0,0,,-1.0,,0.0,23,1
444054******7738,2015-05-14 09:50:46,154.0,No,0,0,,-1.0,,0.0,9,0
444054******7738,2015-05-28 11:42:57,121.0,No,0,0,2015-05-14 09:50:46,20272.183333333334,154.0,-0.2142857142857143,11,0
444054******8621,2015-05-08 18:51:06,34.5,No,0,0,,-1.0,,0.0,18,0
444054******8781,2015-05-07 23:12:40,46.0,No,0,0,,-1.0,,0.0,23,1
444054******8781,2015-05-07 23:14:37,46.0,No,0,1,2015-05-07 23:12:40,1.95,46.0,0.0,23,1
444054******9023,2015-05-14 14:25:39,62.1,No,0,0,,-1.0,,0.0,14,0
444054******9272,2015-05-03 13:28:51,168.0,No,0,0,,-1.0,,0.0,13,0
444054******9272,2015-05-13 20:26:43,134.4,No,0,0,2015-05-03 13:28:51,14817.866666666667,168.0,-0.19999999999999996,20,0
444054******9440,2015-05-09 14:16:16,55.0,No,0,0,,-1.0,,0.0,14,0
444054******9779,2015-05-27 21:08:35,88.0,No,0,0,,-1.0,,0.0,21,0
444054******9801,2015-05-30 14:04:30,190.0,No,0,0,,-1.0,,0.0,14,0
444456******0212,2015-05-19 01:34:44,22.65,Yes,1,0,,-1.0,,0.0,1,1
444456******0212,2015-05-19 01:36:19,17.24,Yes,1,1,2015-05-19 01:34:44,1.5833333333333333,22.65,-0.2388520971302428,1,1
444456******0212,2015-05-19 01:37:49,22.65,Yes,1,2,2015-05-19 01:36:19,1.5,19.945,0.13562296314865874,1,1
444456******0762,2015-05-12 12:06:22,23.0,No,0,0,,-1.0,,0.0,12,0
444456******0900,2015-05-10 19:13:23,33.0,No,0,0,,-1.0,,0.0,19,0
444456******2277,2015-05-25 09:31:06,20.0,No,0,0,,-1.0,,0.0,9,0
444456******2338,2015-05-24 10:52:05,15.0,No,0,0,,-1.0,,0.0,10,0
444456******2585,2015-05-06 09:51:02,66.0,No,0,0,,-1.0,,0.0,9,0
444456******3253,2015-05-15 15:14:36,110.0,No,0,0,,-1.0,,0.0,15,0
444456******3786,2015-05-15 22:14:35,33.0,No,0,0,,-1.0,,0.0,22,0
444456******4900,2015-05-27 20:39:03,100.8,No,0,0,,-1.0,,0.0,20,0
444456******4974,2015-05-08 02:12:01,55.0,No,0,0,,-1.0,,0.0,2,1
444456******5088,2015-05-19 15:54:26,57.5,No,0,0,,-1.0,,0.0,15,0
444456******5120,2015-05-24 16:03:51,49.5,No,0,0,,-1.0,,0.0,16,0
444456******6206,2015-05-09 11:59:41,60.89,No,0,0,,-1.0,,0.0,11,0
444456******6206,2015-05-12 23:30:47,30.45,No,0,0,2015-05-09 11:59:41,5011.1,60.89,-0.4999178847101331,23,1
444456******6485,2015-05-25 21:15:45,10.0,No,0,0,,-1.0,,0.0,21,0
444456******6733,2015-05-29 20:42:46,165.0,No,0,0,,-1.0,,0.0,20,0
444456******6817,2015-05-16 20:47:12,33.0,No,0,0,,-1.0,,0.0,20,0
444456******7184,2015-05-07 15:26:53,132.0,No,0,0,,-1.0,,0.0,15,0
444456******7806,2015-05-05 19:51:19,55.0,No,0,0,,-1.0,,0.0,19,0
444456******7894,2015-05-05 15:47:17,24.0,No,0,0,,-1.0,,0.0,15,0
444456******8095,2015-05-26 19:46:51,10.0,No,0,0,,-1.0,,0.0,19,0
444456******8238,2015-05-28 22:14:00,15.0,No,0,0,,-1.0,,0.0,22,0
444456******8381,2015-05-27 19:55:05,165.0,No,0,0,,-1.0,,0.0,19,0
444456******8837,2015-05-28 21:22:22,31.59,No,0,0,,-1.0,,0.0,21,0
444456******9461,2015-05-23 15:43:46,10.0,No,0,0,,-1.0,,0.0,15,0
444459******7039,2015-05-13 12:47:53,154.0,No,0,0,,-1.0,,0.0,12,0
444459******7426,2015-05-23 20:33:29,86.0,No,0,0,,-1.0,,0.0,20,0
446122******2763,2015-05-08 00:25:03,46.0,No,0,0,,-1.0,,0.0,0,1
446690******0110,2015-05-29 14:48:16,20.0,No,0,0,,-1.0,,0.0,14,0
446690******1214,2015-05-05 17:48:13,92.0,No,0,0,,-1.0,,0.0,17,0
446690******3315,2015-05-15 09:41:12,154.0,No,0,0,,-1.0,,0.0,9,0
446690******3315,2015-05-30 14:23:14,99.0,No,0,0,2015-05-15 09:41:12,21882.033333333333,154.0,-0.3571428571428571,14,0
446690******4319,2015-05-13 06:56:10,104.5,No,0,0,,-1.0,,0.0,6,0
446690******6315,2015-05-28 22:33:05,132.0,No,0,0,,-1.0,,0.0,22,0
446690******6329,2015-05-13 10:36:45,104.5,No,0,0,,-1.0,,0.0,10,0
446690******8414,2015-05-04 09:44:51,143.0,No,0,0,,-1.0,,0.0,9,0
446690******8414,2015-05-04 10:23:55,143.0,No,0,1,2015-05-04 09:44:51,39.06666666666667,143.0,0.0,10,0
448733******0111,2015-05-15 19:01:39,67.2,No,0,0,,-1.0,,0.0,19,0
448733******2112,2015-05-06 10:17:45,264.0,No,0,0,,-1.0,,0.0,10,0
448733******2112,2015-05-11 22:47:44,201.25,No,0,0,2015-05-06 10:17:45,7949.983333333334,264.0,-0.23768939393939392,22,0
448733******2115,2015-05-04 03:11:42,143.0,No,0,0,,-1.0,,0.0,3,1
448733******2517,2015-05-21 13:09:11,46.0,No,0,0,,-1.0,,0.0,13,0
448733******4102,2015-05-14 14:00:19,92.0,No,0,0,,-1.0,,0.0,14,0
448733******4114,2015-05-12 11:13:15,156.8,No,0,0,,-1.0,,0.0,11,0
448733******4528,2015-05-13 21:18:48,23.0,No,0,0,,-1.0,,0.0,21,0
448733******5111,2015-05-15 11:18:21,23.0,No,0,0,,-1.0,,0.0,11,0
448733******9031,2015-05-14 18:57:57,154.0,No,0,0,,-1.0,,0.0,18,0
449137******5786,2015-05-05 22:51:21,257.6,No,0,0,,-1.0,,0.0,22,0
449137******8747,2015-05-30 21:50:59,176.0,No,0,0,,-1.0,,0.0,21,0
449137******8747,2015-05-30 21:50:59,176.0,No,0,0,2015-05-30 21:50:59,0.0,176.0,0.0,21,0
452407******0023,2015-05-19 20:52:36,34.5,No,0,0,,-1.0,,0.0,20,0
452407******0041,2015-05-12 11:37:31,154.0,No,0,0,,-1.0,,0.0,11,0
452407******0673,2015-05-12 22:29:25,308.0,No,0,0,,-1.0,,0.0,22,0
452407******0673,2015-05-15 19:52:28,132.0,No,0,0,2015-05-12 22:29:25,4163.05,308.0,-0.5714285714285714,19,0
452407******0696,2015-05-28 17:25:49,121.0,No,0,0,,-1.0,,0.0,17,0
452407******0696,2015-05-29 16:55:04,242.0,No,0,1,2015-05-28 17:25:49,1409.25,121.0,1.0,16,0
452407******0823,2015-05-26 14:02:32,10.0,No,0,0,,-1.0,,0.0,14,0
452407******0866,2015-05-23 02:39:02,210.0,No,0,0,,-1.0,,0.0,2,1
452407******0866,2015-05-23 02:40:51,420.0,No,0,1,2015-05-23 02:39:02,1.8166666666666667,210.0,1.0,2,1
452407******0903,2015-05-08 16:53:39,110.0,No,0,0,,-1.0,,0.0,16,0
452407******1192,2015-05-07 23:41:44,313.6,No,0,0,,-1.0,,0.0,23,1
452407******1284,2015-05-07 00:10:18,92.0,No,0,0,,-1.0,,0.0,0,1
452407******1284,2015-05-07 00:14:48,92.0,No,0,1,2015-05-07 00:10:18,4.5,92.0,0.0,0,1
452407******1501,2015-05-22 11:58:38,100.8,No,0,0,,-1.0,,0.0,11,0
452407******1506,2015-05-29 12:16:01,99.0,No,0,0,,-1.0,,0.0,12,0
452407******1533,2015-05-14 12:27:44,33.0,No,0,0,,-1.0,,0.0,12,0
452407******1667,2015-05-13 15:51:10,352.0,No,0,0,,-1.0,,0.0,15,0
452407******2017,2015-05-09 19:50:57,34.5,No,0,0,,-1.0,,0.0,19,0
452407******2187,2015-05-29 18:37:29,187.0,No,0,0,,-1.0,,0.0,18,0
452407******2384,2015-05-11 21:49:33,72.8,No,0,0,,-1.0,,0.0,21,0
452407******2384,2015-05-12 22:07:02,84.0,No,0,0,2015-05-11 21:49:33,1457.4833333333333,72.8,0.15384615384615397,22,0
452407******2572,2015-05-29 13:38:34,88.0,No,0,0,,-1.0,,0.0,13,0
452407******2575,2015-05-13 22:08:11,66.0,No,0,0,,-1.0,,0.0,22,0
452407******2658,2015-05-04 09:35:30,143.0,No,0,0,,-1.0,,0.0,9,0
452407******2658,2015-05-11 14:51:19,89.6,No,0,0,2015-05-04 09:35:30,10395.816666666668,143.0,-0.3734265734265735,14,0
452407******2658,2015-05-22 19:25:28,112.0,No,0,0,2015-05-11 14:51:19,16114.15,116.3,-0.03697334479793635,19,0
452407******2658,2015-05-25 14:48:11,100.8,No,0,0,2015-05-22 19:25:28,4042.7166666666667,114.86666666666667,-0.12246082414393511,14,0
452407******2658,2015-05-25 14:52:08,100.8,No,0,1,2015-05-25 14:48:11,3.95,111.35,-0.09474629546475077,14,0
452407******2715,2015-05-13 11:38:31,154.0,No,0,0,,-1.0,,0.0,11,0
452407******2798,2015-05-01 17:36:18,143.0,No,0,0,,-1.0,,0.0,17,0
452407******2817,2015-05-07 14:02:36,121.0,No,0,0,,-1.0,,0.0,14,0
452407******2834,2015-05-08 09:12:50,143.0,No,0,0,,-1.0,,0.0,9,0
452407******2844,2015-05-12 21:34:22,112.0,No,0,0,,-1.0,,0.0,21,0
452407******3423,2015-05-07 14:16:21,201.6,No,0,0,,-1.0,,0.0,14,0
452407******3434,2015-05-05 13:16:03,179.2,No,0,0,,-1.0,,0.0,13,0
452407******3801,2015-05-11 20:31:05,44.8,No,0,0,,-1.0,,0.0,20,0
452407******3859,2015-05-05 23:42:43,207.0,Yes,1,0,,-1.0,,0.0,23,1
452407******3859,2015-05-05 23:45:02,506.0,Yes,1,1,2015-05-05 23:42:43,2.316666666666667,207.0,1.4444444444444446,23,1
452407******3859,2015-05-05 23:45:56,460.0,Yes,1,2,2015-05-05 23:45:02,0.9,356.5,0.29032258064516125,23,1
452407******3859,2015-05-25 19:44:54,39.07,Yes,1,0,2015-05-05 23:45:56,28558.966666666667,391.0,-0.900076726342711,19,0
452407******3859,2015-05-25 19:45:58,117.23,Yes,1,1,2015-05-25 19:44:54,1.0666666666666667,303.0175,-0.6131246545166533,19,0
452407******3859,2015-05-25 19:46:53,418.0,Yes,1,2,2015-05-25 19:45:58,0.9166666666666666,265.86,0.5722560746257428,19,0
452407******3859,2015-05-25 19:47:59,212.13,Yes,1,3,2015-05-25 19:46:53,1.1,291.21666666666664,-0.27157328449607965,19,0
452407******4082,2015-05-06 18:15:45,132.0,No,0,0,,-1.0,,0.0,18,0
452407******4157,2015-05-27 19:56:56,67.2,No,0,0,,-1.0,,0.0,19,0
452407******4157,2015-05-27 19:58:15,67.2,No,0,1,2015-05-27 19:56:56,1.3166666666666667,67.2,0.0,19,0
452407******4198,2015-05-13 14:47:21,16.5,No,0,0,,-1.0,,0.0,14,0
452407******4214,2015-05-11 12:02:47,224.0,No,0,0,,-1.0,,0.0,12,0
452407******4373,2015-05-28 14:45:05,44.0,No,0,0,,-1.0,,0.0,14,0
452407******4642,2015-05-20 20:50:29,121.0,No,0,0,,-1.0,,0.0,20,0
452407******4681,2015-05-18 11:55:04,179.2,No,0,0,,-1.0,,0.0,11,0
452407******4772,2015-05-11 16:05:56,134.4,No,0,0,,-1.0,,0.0,16,0
452407******4822,2015-05-12 00:47:08,190.4,No,0,0,,-1.0,,0.0,0,1
452407******4906,2015-05-23 16:25:14,168.0,No,0,0,,-1.0,,0.0,16,0
452407******5583,2015-05-15 16:12:06,154.0,No,0,0,,-1.0,,0.0,16,0
452407******5597,2015-05-09 00:17:04,672.0,No,0,0,,-1.0,,0.0,0,1
452407******5597,2015-05-09 00:46:46,336.0,No,0,1,2015-05-09 00:17:04,29.7,672.0,-0.5,0,1
452407******5848,2015-05-19 17:32:30,465.0,No,0,0,,-1.0,,0.0,17,0
452407******5970,2015-05-09 11:39:20,550.0,Yes,1,0,,-1.0,,0.0,11,0
452407******6048,2015-05-29 14:00:11,88.0,No,0,0,,-1.0,,0.0,14,0
452407******6161,2015-05-14 21:50:36,308.0,No,0,0,,-1.0,,0.0,21,0
452407******6328,2015-05-26 09:58:17,10.0,No,0,0,,-1.0,,0.0,9,0
452407******6388,2015-05-05 20:40:52,99.0,No,0,0,,-1.0,,0.0,20,0
452407******6825,2015-05-12 19:06:46,154.0,No,0,0,,-1.0,,0.0,19,0
452407******6825,2015-05-30 03:07:28,132.0,No,0,0,2015-05-12 19:06:46,24960.7,154.0,-0.1428571428571429,3,1
452407******7211,2015-05-27 19:46:08,280.0,No,0,0,,-1.0,,0.0,19,0
452407******7388,2015-05-11 14:29:57,44.8,No,0,0,,-1.0,,0.0,14,0
452407******7450,2015-05-20 15:14:11,20.0,No,0,0,,-1.0,,0.0,15,0
452407******7710,2015-05-25 20:39:48,112.0,No,0,0,,-1.0,,0.0,20,0
452407******8034,2015-05-07 11:23:59,88.0,No,0,0,,-1.0,,0.0,11,0
452407******8034,2015-05-13 23:45:06,78.4,No,0,0,2015-05-07 11:23:59,9381.116666666667,88.0,-0.10909090909090902,23,1
452407******8035,2015-05-10 13:06:38,77.0,No,0,0,,-1.0,,0.0,13,0
452407******8145,2015-05-09 20:43:22,34.5,No,0,0,,-1.0,,0.0,20,0
452407******8161,2015-05-11 18:28:52,396.75,No,0,0,,-1.0,,0.0,18,0
452407******8182,2015-05-14 00:30:38,154.0,No,0,0,,-1.0,,0.0,0,1
452407******8298,2015-05-05 14:42:09,143.0,No,0,0,,-1.0,,0.0,14,0
452407******8385,2015-05-12 13:54:18,230.0,No,0,0,,-1.0,,0.0,13,0
452407******8400,2015-05-25 15:44:29,195.5,No,0,0,,-1.0,,0.0,15,0
452407******8646,2015-05-29 16:52:40,46.0,No,0,0,,-1.0,,0.0,16,0
452407******8693,2015-05-14 22:48:51,308.0,No,0,0,,-1.0,,0.0,22,0
452407******8791,2015-05-14 21:46:03,104.5,No,0,0,,-1.0,,0.0,21,0
452407******8906,2015-05-25 21:50:52,89.6,No,0,0,,-1.0,,0.0,21,0
452407******9222,2015-05-26 14:55:28,36.66,No,0,0,,-1.0,,0.0,14,0
452407******9222,2015-05-26 14:58:23,220.0,No,0,1,2015-05-26 14:55:28,2.9166666666666665,36.66,5.001091107474087,14,0
452407******9222,2015-05-29 16:50:37,70.03,No,0,0,2015-05-26 14:58:23,4432.233333333334,128.32999999999998,-0.4542975142211485,16,0
452407******9526,2015-05-09 16:44:47,34.5,No,0,0,,-1.0,,0.0,16,0
452407******9801,2015-05-13 11:48:38,31.05,No,0,0,,-1.0,,0.0,11,0
453211******0043,2015-05-26 09:35:49,34.5,No,0,0,,-1.0,,0.0,9,0
453211******0064,2015-05-13 19:43:00,77.0,No,0,0,,-1.0,,0.0,19,0
453211******0099,2015-05-11 18:17:16,448.0,No,0,0,,-1.0,,0.0,18,0
453211******0152,2015-05-30 15:57:59,35.53,No,0,0,,-1.0,,0.0,15,0
453211******0152,2015-05-30 15:57:59,35.53,No,0,0,2015-05-30 15:57:59,0.0,35.53,0.0,15,0
453211******0259,2015-05-11 14:28:02,240.0,No,0,0,,-1.0,,0.0,14,0
453211******0261,2015-05-20 09:19:18,34.5,No,0,0,,-1.0,,0.0,9,0
453211******0277,2015-05-06 01:06:29,104.5,No,0,0,,-1.0,,0.0,1,1
453211******0334,2015-05-22 16:23:41,132.0,No,0,0,,-1.0,,0.0,16,0
453211******0357,2015-05-20 22:34:18,80.5,No,0,0,,-1.0,,0.0,22,0
453211******0396,2015-05-28 19:16:35,77.0,No,0,0,,-1.0,,0.0,19,0
453211******0396,2015-05-28 19:21:24,56.0,No,0,1,2015-05-28 19:16:35,4.816666666666666,77.0,-0.2727272727272727,19,0
453211******0528,2015-05-11 13:39:23,369.9,No,0,0,,-1.0,,0.0,13,0
453211******0567,2015-05-28 20:16:53,100.8,No,0,0,,-1.0,,0.0,20,0
453211******0577,2015-05-21 23:43:53,132.0,No,0,0,,-1.0,,0.0,23,1
453211******0592,2015-05-25 13:41:25,88.0,No,0,0,,-1.0,,0.0,13,0
453211******0600,2015-05-07 20:29:27,275.0,No,0,0,,-1.0,,0.0,20,0
453211******0681,2015-05-03 15:29:08,140.0,No,0,0,,-1.0,,0.0,15,0
453211******0722,2015-05-11 22:13:06,132.0,No,0,0,,-1.0,,0.0,22,0
453211******0850,2015-05-09 01:01:01,235.2,No,0,0,,-1.0,,0.0,1,1
453211******0905,2015-05-11 20:52:23,41.19,No,0,0,,-1.0,,0.0,20,0
453211******0982,2015-05-12 11:56:32,132.25,No,0,0,,-1.0,,0.0,11,0
453211******0986,2015-05-15 18:13:13,77.0,No,0,0,,-1.0,,0.0,18,0
453211******1029,2015-05-11 18:55:37,660.0,No,0,0,,-1.0,,0.0,18,0
453211******1084,2015-05-08 16:49:49,58.36,No,0,0,,-1.0,,0.0,16,0
453211******1084,2015-05-20 17:46:25,86.0,No,0,0,2015-05-08 16:49:49,17336.6,58.36,0.4736120630568883,17,0
453211******1165,2015-05-04 21:10:46,99.0,No,0,0,,-1.0,,0.0,21,0
453211******1239,2015-05-01 00:08:50,69.0,No,0,0,,-1.0,,0.0,0,1
453211******1328,2015-05-28 04:11:57,5.0,No,0,0,,-1.0,,0.0,4,1
453211******1365,2015-05-12 18:53:56,179.2,No,0,0,,-1.0,,0.0,18,0
453211******1394,2015-05-16 19:24:31,880.0,No,0,0,,-1.0,,0.0,19,0
453211******1412,2015-05-11 12:47:25,115.0,No,0,0,,-1.0,,0.0,12,0
453211******1472,2015-05-15 17:11:14,154.0,No,0,0,,-1.0,,0.0,17,0
453211******1584,2015-05-05 17:27:07,69.0,No,0,0,,-1.0,,0.0,17,0
453211******1587,2015-05-09 15:29:13,69.0,No,0,0,,-1.0,,0.0,15,0
453211******1679,2015-05-25 19:42:04,218.5,No,0,0,,-1.0,,0.0,19,0
453211******1720,2015-05-12 22:24:02,30.45,Yes,1,0,,-1.0,,0.0,22,0
453211******1720,2015-05-12 22:24:57,30.45,Yes,1,1,2015-05-12 22:24:02,0.9166666666666666,30.45,0.0,22,0
453211******1720,2015-05-12 22:25:53,91.35,Yes,1,2,2015-05-12 22:24:57,0.9333333333333333,30.45,2.0,22,0
453211******1720,2015-05-12 22:27:41,30.45,Yes,1,3,2015-05-12 22:25:53,1.8,50.75,-0.4,22,0
453211******1720,2015-05-30 12:06:10,100.8,No,0,0,2015-05-12 22:27:41,25298.483333333334,45.675,1.206896551724138,12,0
453211******1806,2015-05-21 14:51:38,89.6,No,0,0,,-1.0,,0.0,14,0
453211******1839,2015-05-21 19:20:23,57.5,No,0,0,,-1.0,,0.0,19,0
453211******1845,2015-05-05 10:52:01,460.0,No,0,0,,-1.0,,0.0,10,0
453211******1850,2015-05-28 23:36:15,246.4,No,0,0,,-1.0,,0.0,23,1
453211******1895,2015-05-08 22:07:44,184.0,No,0,0,,-1.0,,0.0,22,0
453211******1966,2015-05-12 10:33:37,112.0,No,0,0,,-1.0,,0.0,10,0
453211******2004,2015-05-09 19:15:19,66.0,No,0,0,,-1.0,,0.0,19,0
453211******2205,2015-05-28 08:55:32,172.5,No,0,0,,-1.0,,0.0,8,0
453211******2210,2015-05-15 13:40:10,120.0,No,0,0,,-1.0,,0.0,13,0
453211******2293,2015-05-17 22:50:43,134.4,No,0,0,,-1.0,,0.0,22,0
453211******2293,2015-05-27 19:06:54,92.0,No,0,0,2015-05-17 22:50:43,14176.183333333332,134.4,-0.31547619047619047,19,0
453211******2377,2015-05-08 23:24:28,99.0,No,0,0,,-1.0,,0.0,23,1
453211******2399,2015-05-11 19:50:31,78.4,No,0,0,,-1.0,,0.0,19,0
453211******2441,2015-05-08 14:14:56,110.0,No,0,0,,-1.0,,0.0,14,0
453211******2535,2015-05-22 16:11:02,165.0,No,0,0,,-1.0,,0.0,16,0
453211******2604,2015-05-22 22:47:26,561.0,No,0,0,,-1.0,,0.0,22,0
453211******2633,2015-05-15 22:41:39,60.0,Yes,1,0,,-1.0,,0.0,22,0
453211******2688,2015-05-29 10:53:15,345.0,No,0,0,,-1.0,,0.0,10,0
453211******2856,2015-05-04 16:56:03,112.0,No,0,0,,-1.0,,0.0,16,0
453211******2862,2015-05-28 16:12:45,242.0,No,0,0,,-1.0,,0.0,16,0
453211******2868,2015-05-10 00:01:41,143.0,No,0,0,,-1.0,,0.0,0,1
453211******2910,2015-05-06 10:55:30,138.0,No,0,0,,-1.0,,0.0,10,0
453211******2984,2015-05-09 21:46:40,418.0,No,0,0,,-1.0,,0.0,21,0
453211******3035,2015-05-21 22:17:41,315.0,No,0,0,,-1.0,,0.0,22,0
453211******3040,2015-05-29 16:05:31,605.0,No,0,0,,-1.0,,0.0,16,0
453211******3051,2015-05-26 10:37:08,134.4,No,0,0,,-1.0,,0.0,10,0
453211******3108,2015-05-07 23:16:39,99.0,No,0,0,,-1.0,,0.0,23,1
453211******3108,2015-05-22 17:11:57,99.0,No,0,0,2015-05-07 23:16:39,21235.3,99.0,0.0,17,0
453211******3112,2015-05-07 21:42:25,132.0,No,0,0,,-1.0,,0.0,21,0
453211******3112,2015-05-07 21:43:07,132.0,No,0,1,2015-05-07 21:42:25,0.7,132.0,0.0,21,0
453211******3112,2015-05-07 21:45:33,132.0,No,0,2,2015-05-07 21:43:07,2.433333333333333,132.0,0.0,21,0
453211******3124,2015-05-14 20:49:07,46.0,No,0,0,,-1.0,,0.0,20,0
453211******3176,2015-05-29 10:31:43,99.0,No,0,0,,-1.0,,0.0,10,0
453211******3196,2015-05-15 11:44:19,380.8,No,0,0,,-1.0,,0.0,11,0
453211******3203,2015-05-29 15:56:09,252.0,No,0,0,,-1.0,,0.0,15,0
453211******3222,2015-05-14 22:13:38,145.6,No,0,0,,-1.0,,0.0,22,0
453211******3232,2015-05-07 14:04:57,34.5,No,0,0,,-1.0,,0.0,14,0
453211******3252,2015-05-11 09:20:17,112.0,No,0,0,,-1.0,,0.0,9,0
453211******3276,2015-05-28 11:34:39,209.0,No,0,0,,-1.0,,0.0,11,0
453211******3331,2015-05-25 08:50:44,224.0,No,0,0,,-1.0,,0.0,8,0
453211******3342,2015-05-06 18:47:57,89.6,No,0,0,,-1.0,,0.0,18,0
453211******3342,2015-05-08 12:30:54,100.8,No,0,0,2015-05-06 18:47:57,2502.95,89.6,0.125,12,0
453211******3453,2015-05-23 17:30:49,302.4,No,0,0,,-1.0,,0.0,17,0
453211******3511,2015-05-11 16:08:00,77.0,No,0,0,,-1.0,,0.0,16,0
453211******3531,2015-05-20 11:49:05,40.5,No,0,0,,-1.0,,0.0,11,0
453211******3585,2015-05-14 14:30:41,336.0,No,0,0,,-1.0,,0.0,14,0
453211******3589,2015-05-27 23:04:48,132.0,No,0,0,,-1.0,,0.0,23,1
453211******3605,2015-05-13 13:30:16,154.0,No,0,0,,-1.0,,0.0,13,0
453211******3615,2015-05-06 16:14:15,138.0,No,0,0,,-1.0,,0.0,16,0
453211******3657,2015-05-13 18:59:44,154.0,No,0,0,,-1.0,,0.0,18,0
453211******3658,2015-05-11 17:14:58,78.4,No,0,0,,-1.0,,0.0,17,0
453211******3697,2015-05-12 12:37:22,154.0,No,0,0,,-1.0,,0.0,12,0
453211******3697,2015-05-14 00:44:06,154.0,No,0,0,2015-05-12 12:37:22,2166.733333333333,154.0,0.0,0,1
453211******3697,2015-05-15 13:04:16,154.0,No,0,0,2015-05-14 00:44:06,2180.1666666666665,154.0,0.0,13,0
453211******3706,2015-05-23 20:55:29,78.4,No,0,0,,-1.0,,0.0,20,0
453211******3829,2015-05-22 17:08:11,190.4,No,0,0,,-1.0,,0.0,17,0
453211******3912,2015-05-23 12:35:29,30.0,No,0,0,,-1.0,,0.0,12,0
453211******3936,2015-05-21 22:26:26,10.0,No,0,0,,-1.0,,0.0,22,0
453211******3985,2015-05-14 18:47:11,39.48,No,0,0,,-1.0,,0.0,18,0
453211******4017,2015-05-05 19:11:35,89.6,No,0,0,,-1.0,,0.0,19,0
453211******4053,2015-05-19 12:50:35,225.0,No,0,0,,-1.0,,0.0,12,0
453211******4053,2015-05-20 19:21:51,82.4,No,0,0,2015-05-19 12:50:35,1831.2666666666667,225.0,-0.6337777777777778,19,0
453211******4084,2015-05-29 12:25:12,132.0,No,0,0,,-1.0,,0.0,12,0
453211******4362,2015-05-29 12:10:52,34.5,No,0,0,,-1.0,,0.0,12,0
453211******4375,2015-05-03 21:36:21,168.0,No,0,0,,-1.0,,0.0,21,0
453211******4385,2015-05-12 22:35:23,345.5,No,0,0,,-1.0,,0.0,22,0
453211******4436,2015-05-23 20:33:28,23.0,No,0,0,,-1.0,,0.0,20,0
453211******4460,2015-05-27 19:49:21,46.0,No,0,0,,-1.0,,0.0,19,0
453211******4517,2015-05-01 22:44:34,115.0,No,0,0,,-1.0,,0.0,22,0
453211******4517,2015-05-16 18:33:00,115.0,No,0,0,2015-05-01 22:44:34,21348.433333333334,115.0,0.0,18,0
453211******4545,2015-05-14 20:56:48,154.0,No,0,0,,-1.0,,0.0,20,0
453211******4567,2015-05-12 19:44:03,46.0,No,0,0,,-1.0,,0.0,19,0
453211******4603,2015-05-29 11:21:00,46.0,No,0,0,,-1.0,,0.0,11,0
453211******4616,2015-05-12 10:00:26,154.0,No,0,0,,-1.0,,0.0,10,0
453211******4616,2015-05-12 10:04:53,154.0,No,0,1,2015-05-12 10:00:26,4.45,154.0,0.0,10,0
453211******4640,2015-05-17 13:51:25,224.0,No,0,0,,-1.0,,0.0,13,0
453211******4703,2015-05-15 18:58:51,77.0,No,0,0,,-1.0,,0.0,18,0
453211******4751,2015-05-25 13:17:15,80.5,No,0,0,,-1.0,,0.0,13,0
453211******4778,2015-05-13 20:03:43,36.66,No,0,0,,-1.0,,0.0,20,0
453211******4915,2015-05-02 15:27:48,80.5,No,0,0,,-1.0,,0.0,15,0
453211******4915,2015-05-02 15:35:24,80.5,No,0,1,2015-05-02 15:27:48,7.6,80.5,0.0,15,0
453211******4915,2015-05-02 15:39:55,80.5,No,0,2,2015-05-02 15:35:24,4.516666666666667,80.5,0.0,15,0
453211******4997,2015-05-25 21:47:05,20.0,No,0,0,,-1.0,,0.0,21,0
453211******5044,2015-05-11 11:44:07,78.4,No,0,0,,-1.0,,0.0,11,0
453211******5065,2015-05-05 11:21:41,92.0,No,0,0,,-1.0,,0.0,11,0
453211******5140,2015-05-13 09:32:19,99.0,No,0,0,,-1.0,,0.0,9,0
453211******5300,2015-05-23 19:46:06,20.0,No,0,0,,-1.0,,0.0,19,0
453211******5333,2015-05-28 23:35:12,123.2,No,0,0,,-1.0,,0.0,23,1
453211******5365,2015-05-28 18:16:51,190.4,No,0,0,,-1.0,,0.0,18,0
453211******5375,2015-05-22 14:58:02,34.5,No,0,0,,-1.0,,0.0,14,0
453211******5375,2015-05-22 15:18:29,34.5,No,0,1,2015-05-22 14:58:02,20.45,34.5,0.0,15,0
453211******5417,2015-05-19 16:30:31,40.0,No,0,0,,-1.0,,0.0,16,0
453211******5419,2015-05-11 22:52:37,304.75,No,0,0,,-1.0,,0.0,22,0
453211******5433,2015-05-15 18:20:44,258.5,No,0,0,,-1.0,,0.0,18,0
453211******5456,2015-05-08 16:10:13,99.0,No,0,0,,-1.0,,0.0,16,0
453211******5470,2015-05-11 19:19:50,120.0,No,0,0,,-1.0,,0.0,19,0
453211******5480,2015-05-20 14:10:35,56.0,No,0,0,,-1.0,,0.0,14,0
453211******5500,2015-05-13 21:13:17,62.1,No,0,0,,-1.0,,0.0,21,0
453211******5543,2015-05-15 19:46:49,44.0,No,0,0,,-1.0,,0.0,19,0
453211******5558,2015-05-06 00:17:12,143.0,No,0,0,,-1.0,,0.0,0,1
453211******5558,2015-05-06 01:59:32,143.0,No,0,1,2015-05-06 00:17:12,102.33333333333333,143.0,0.0,1,1
453211******5562,2015-05-13 22:30:00,66.0,No,0,0,,-1.0,,0.0,22,0
453211******5612,2015-05-03 23:02:38,89.6,No,0,0,,-1.0,,0.0,23,1
453211******5612,2015-05-08 00:23:26,59.99,No,0,0,2015-05-03 23:02:38,5840.8,89.6,-0.33046875,0,1
453211******5653,2015-05-01 13:31:18,24.71,No,0,0,,-1.0,,0.0,13,0
453211******5735,2015-05-18 13:27:28,23.35,No,0,0,,-1.0,,0.0,13,0
453211******5763,2015-05-13 17:34:58,66.0,No,0,0,,-1.0,,0.0,17,0
453211******5773,2015-05-01 13:22:25,103.5,No,0,0,,-1.0,,0.0,13,0
453211******5783,2015-05-16 15:00:00,440.0,No,0,0,,-1.0,,0.0,15,0
453211******5818,2015-05-11 22:40:53,123.3,No,0,0,,-1.0,,0.0,22,0
453211******5834,2015-05-11 16:20:29,78.4,No,0,0,,-1.0,,0.0,16,0
453211******5838,2015-05-11 14:01:16,104.5,No,0,0,,-1.0,,0.0,14,0
453211******5844,2015-05-22 16:49:11,103.5,No,0,0,,-1.0,,0.0,16,0
453211******5980,2015-05-10 14:11:36,143.0,No,0,0,,-1.0,,0.0,14,0
453211******6054,2015-05-01 23:26:58,109.61,No,0,0,,-1.0,,0.0,23,1
453211******6070,2015-05-06 09:57:54,99.0,No,0,0,,-1.0,,0.0,9,0
453211******6079,2015-05-14 16:40:58,92.0,No,0,0,,-1.0,,0.0,16,0
453211******6102,2015-05-22 23:50:42,105.0,No,0,0,,-1.0,,0.0,23,1
453211******6137,2015-05-05 17:33:52,70.03,No,0,0,,-1.0,,0.0,17,0
453211******6196,2015-05-08 15:46:22,92.0,No,0,0,,-1.0,,0.0,15,0
453211******6312,2015-05-19 17:38:21,23.0,No,0,0,,-1.0,,0.0,17,0
453211******6358,2015-05-11 21:17:59,201.25,No,0,0,,-1.0,,0.0,21,0
453211******6373,2015-05-14 16:54:38,78.4,No,0,0,,-1.0,,0.0,16,0
453211******6373,2015-05-20 10:33:15,103.5,No,0,0,2015-05-14 16:54:38,8258.616666666667,78.4,0.3201530612244896,10,0
453211******6388,2015-05-13 01:17:35,154.0,No,0,0,,-1.0,,0.0,1,1
453211******6405,2015-05-07 22:13:48,99.0,No,0,0,,-1.0,,0.0,22,0
453211******6405,2015-05-14 12:39:39,154.0,No,0,0,2015-05-07 22:13:48,9505.85,99.0,0.5555555555555556,12,0
453211******6405,2015-05-27 19:46:08,99.0,No,0,0,2015-05-14 12:39:39,19146.483333333334,126.5,-0.21739130434782605,19,0
453211******6407,2015-05-18 13:02:15,78.4,No,0,0,,-1.0,,0.0,13,0
453211******6436,2015-05-18 20:34:13,92.0,No,0,0,,-1.0,,0.0,20,0
453211******6541,2015-05-08 16:55:40,115.0,No,0,0,,-1.0,,0.0,16,0
453211******6548,2015-05-12 08:12:34,235.2,No,0,0,,-1.0,,0.0,8,0
453211******6695,2015-05-09 15:22:37,78.4,No,0,0,,-1.0,,0.0,15,0
453211******6701,2015-05-07 14:05:18,69.0,No,0,0,,-1.0,,0.0,14,0
453211******6711,2015-05-15 08:42:31,198.0,No,0,0,,-1.0,,0.0,8,0
453211******6723,2015-05-05 16:17:07,72.0,No,0,0,,-1.0,,0.0,16,0
453211******6738,2015-05-08 15:40:26,92.0,No,0,0,,-1.0,,0.0,15,0
453211******6745,2015-05-16 16:39:09,440.0,No,0,0,,-1.0,,0.0,16,0
453211******6745,2015-05-16 16:55:01,275.0,No,0,1,2015-05-16 16:39:09,15.866666666666667,440.0,-0.375,16,0
453211******6804,2015-05-13 11:11:34,31.05,No,0,0,,-1.0,,0.0,11,0
453211******6856,2015-05-15 16:25:40,154.0,No,0,0,,-1.0,,0.0,16,0
453211******6856,2015-05-27 19:04:18,110.0,No,0,0,2015-05-15 16:25:40,17438.633333333335,154.0,-0.2857142857142857,19,0
453211******6856,2015-05-30 00:03:07,201.6,No,0,0,2015-05-27 19:04:18,3178.8166666666666,132.0,0.5272727272727273,0,1
453211******6856,2015-05-30 01:28:12,201.6,No,0,1,2015-05-30 00:03:07,85.08333333333333,155.20000000000002,0.2989690721649483,1,1
453211******6861,2015-05-05 18:20:31,110.0,No,0,0,,-1.0,,0.0,18,0
453211******6881,2015-05-11 17:47:51,78.4,Yes,1,0,,-1.0,,0.0,17,0
453211******6969,2015-05-25 23:18:33,15.0,No,0,0,,-1.0,,0.0,23,1
453211******7015,2015-05-08 15:36:01,156.8,No,0,0,,-1.0,,0.0,15,0
453211******7027,2015-05-29 23:51:18,10.0,No,0,0,,-1.0,,0.0,23,1
453211******7032,2015-05-19 21:38:21,69.0,No,0,0,,-1.0,,0.0,21,0
453211******7067,2015-05-08 19:48:43,336.0,No,0,0,,-1.0,,0.0,19,0
453211******7083,2015-05-04 23:16:41,92.0,No,0,0,,-1.0,,0.0,23,1
453211******7083,2015-05-07 08:13:33,31.59,No,0,0,2015-05-04 23:16:41,3416.866666666667,92.0,-0.6566304347826086,8,0
453211******7135,2015-05-01 16:26:50,69.0,No,0,0,,-1.0,,0.0,16,0
453211******7218,2015-05-11 11:01:02,448.0,No,0,0,,-1.0,,0.0,11,0
453211******7279,2015-05-11 17:18:29,44.8,No,0,0,,-1.0,,0.0,17,0
453211******7324,2015-05-09 18:38:21,115.0,No,0,0,,-1.0,,0.0,18,0
453211******7443,2015-05-28 23:38:05,55.0,No,0,0,,-1.0,,0.0,23,1
453211******7443,2015-05-29 22:20:21,55.0,No,0,1,2015-05-28 23:38:05,1362.2666666666667,55.0,0.0,22,0
453211******7490,2015-05-07 13:24:44,120.75,No,0,0,,-1.0,,0.0,13,0
453211******7526,2015-05-20 19:25:30,34.5,No,0,0,,-1.0,,0.0,19,0
453211******7580,2015-05-14 22:03:28,308.0,No,0,0,,-1.0,,0.0,22,0
453211******7592,2015-05-14 18:02:19,18.34,No,0,0,,-1.0,,0.0,18,0
453211******7592,2015-05-14 18:04:05,18.34,No,0,1,2015-05-14 18:02:19,1.7666666666666666,18.34,0.0,18,0
453211******7668,2015-05-13 11:56:04,132.0,No,0,0,,-1.0,,0.0,11,0
453211******7687,2015-05-29 21:17:15,44.47,No,0,0,,-1.0,,0.0,21,0
453211******7689,2015-05-29 11:15:14,165.0,No,0,0,,-1.0,,0.0,11,0
453211******7699,2015-05-30 17:21:00,10.0,No,0,0,,-1.0,,0.0,17,0
453211******7699,2015-05-30 17:21:00,10.0,No,0,0,2015-05-30 17:21:00,0.0,10.0,0.0,17,0
453211******7729,2015-05-15 08:13:52,92.0,No,0,0,,-1.0,,0.0,8,0
453211******7731,2015-05-06 20:53:50,220.0,No,0,0,,-1.0,,0.0,20,0
453211******7736,2015-05-22 17:54:43,23.0,No,0,0,,-1.0,,0.0,17,0
453211******7736,2015-05-23 11:10:23,23.0,No,0,1,2015-05-22 17:54:43,1035.6666666666667,23.0,0.0,11,0
453211******7836,2015-05-07 16:40:07,104.5,No,0,0,,-1.0,,0.0,16,0
453211******7848,2015-05-11 19:34:14,104.5,No,0,0,,-1.0,,0.0,19,0
453211******7878,2015-05-21 20:17:42,46.0,No,0,0,,-1.0,,0.0,20,0
453211******8018,2015-05-04 22:03:48,165.0,No,0,0,,-1.0,,0.0,22,0
453211******8042,2015-05-20 12:33:15,27.91,No,0,0,,-1.0,,0.0,12,0
453211******8139,2015-05-20 10:53:45,66.0,No,0,0,,-1.0,,0.0,10,0
453211******8164,2015-05-15 18:08:14,154.0,No,0,0,,-1.0,,0.0,18,0
453211******8171,2015-05-19 20:04:37,100.8,No,0,0,,-1.0,,0.0,20,0
453211******8178,2015-05-20 09:08:55,20.0,No,0,0,,-1.0,,0.0,9,0
453211******8179,2015-05-27 22:53:14,172.5,No,0,0,,-1.0,,0.0,22,0
453211******8189,2015-05-14 19:36:54,109.61,No,0,0,,-1.0,,0.0,19,0
453211******8238,2015-05-05 22:00:19,123.3,No,0,0,,-1.0,,0.0,22,0
453211******8326,2015-05-28 18:24:54,100.8,No,0,0,,-1.0,,0.0,18,0
453211******8367,2015-05-21 17:12:48,35.01,No,0,0,,-1.0,,0.0,17,0
453211******8374,2015-05-28 21:53:03,34.5,No,0,0,,-1.0,,0.0,21,0
453211******8440,2015-05-29 11:33:34,80.5,No,0,0,,-1.0,,0.0,11,0
453211******8499,2015-05-15 16:06:15,246.6,No,0,0,,-1.0,,0.0,16,0
453211******8499,2015-05-18 11:31:15,224.0,No,0,0,2015-05-15 16:06:15,4045.0,246.6,-0.09164639091646387,11,0
453211******8506,2015-05-30 21:07:56,86.27,No,0,0,,-1.0,,0.0,21,0
453211******8506,2015-05-30 21:07:56,86.27,No,0,0,2015-05-30 21:07:56,0.0,86.27,0.0,21,0
453211******8541,2015-05-05 21:09:59,425.6,No,0,0,,-1.0,,0.0,21,0
453211******8701,2015-05-09 17:54:02,16.5,No,0,0,,-1.0,,0.0,17,0
453211******8701,2015-05-12 13:48:01,16.5,No,0,0,2015-05-09 17:54:02,4073.983333333333,16.5,0.0,13,0
453211******8724,2015-05-11 11:05:29,268.8,No,0,0,,-1.0,,0.0,11,0
453211******8750,2015-05-13 11:58:30,31.05,No,0,0,,-1.0,,0.0,11,0
453211******8750,2015-05-14 12:20:44,31.05,No,0,0,2015-05-13 11:58:30,1462.2333333333333,31.05,0.0,12,0
453211******8766,2015-05-23 03:08:21,210.0,Yes,1,0,,-1.0,,0.0,3,1
453211******8766,2015-05-23 03:10:11,420.0,Yes,1,1,2015-05-23 03:08:21,1.8333333333333333,210.0,1.0,3,1
453211******8766,2015-05-23 03:11:58,420.0,Yes,1,2,2015-05-23 03:10:11,1.7833333333333334,315.0,0.33333333333333326,3,1
453211******8766,2015-05-23 03:14:31,420.0,Yes,1,3,2015-05-23 03:11:58,2.55,350.0,0.19999999999999996,3,1
453211******8766,2015-05-23 03:34:34,418.0,Yes,1,4,2015-05-23 03:14:31,20.05,367.5,0.13741496598639458,3,1
453211******8800,2015-05-10 08:34:22,242.0,No,0,0,,-1.0,,0.0,8,0
453211******8802,2015-05-15 16:01:04,99.0,No,0,0,,-1.0,,0.0,16,0
453211******8822,2015-05-04 14:04:21,161.0,No,0,0,,-1.0,,0.0,14,0
453211******8901,2015-05-08 18:04:40,70.0,No,0,0,,-1.0,,0.0,18,0
453211******8901,2015-05-09 16:34:06,35.0,No,0,1,2015-05-08 18:04:40,1349.4333333333334,70.0,-0.5,16,0
453211******8929,2015-05-10 13:59:08,62.1,No,0,0,,-1.0,,0.0,13,0
453211******8940,2015-05-02 15:52:02,690.0,Yes,1,0,,-1.0,,0.0,15,0
453211******8940,2015-05-02 15:54:21,517.5,Yes,1,1,2015-05-02 15:52:02,2.316666666666667,690.0,-0.25,15,0
453211******8940,2015-05-02 15:56:53,517.5,Yes,1,2,2015-05-02 15:54:21,2.533333333333333,603.75,-0.1428571428571429,15,0
453211******8940,2015-05-02 15:58:46,517.5,Yes,1,3,2015-05-02 15:56:53,1.8833333333333333,575.0,-0.09999999999999998,15,0
453211******8940,2015-05-02 16:00:48,517.5,Yes,1,4,2015-05-02 15:58:46,2.033333333333333,560.625,-0.07692307692307687,16,0
453211******8963,2015-05-04 23:27:04,121.0,No,0,0,,-1.0,,0.0,23,1
453211******8963,2015-05-06 17:07:24,138.0,No,0,0,2015-05-04 23:27:04,2500.3333333333335,121.0,0.14049586776859502,17,0
453211******8963,2015-05-27 18:05:27,110.0,No,0,0,2015-05-06 17:07:24,30298.05,129.5,-0.1505791505791506,18,0
453211******8973,2015-05-15 17:55:19,77.0,No,0,0,,-1.0,,0.0,17,0
453211******9013,2015-05-07 09:45:28,55.0,No,0,0,,-1.0,,0.0,9,0
453211******9020,2015-05-04 17:34:27,82.5,No,0,0,,-1.0,,0.0,17,0
453211******9041,2015-05-30 10:53:39,25.0,No,0,0,,-1.0,,0.0,10,0
453211******9152,2015-05-02 16:10:46,517.5,Yes,1,0,,-1.0,,0.0,16,0
453211******9152,2015-05-02 16:12:30,690.0,Yes,1,1,2015-05-02 16:10:46,1.7333333333333334,517.5,0.33333333333333326,16,0
453211******9176,2015-05-04 14:00:14,110.0,No,0,0,,-1.0,,0.0,14,0
453211******9212,2015-05-06 19:16:08,66.0,No,0,0,,-1.0,,0.0,19,0
453211******9220,2015-05-26 15:14:51,20.0,No,0,0,,-1.0,,0.0,15,0
453211******9276,2015-05-06 14:19:05,46.0,No,0,0,,-1.0,,0.0,14,0
453211******9336,2015-05-24 12:58:04,134.4,No,0,0,,-1.0,,0.0,12,0
453211******9421,2015-05-28 17:01:53,46.0,No,0,0,,-1.0,,0.0,17,0
453211******9470,2015-05-04 13:27:57,69.0,No,0,0,,-1.0,,0.0,13,0
453211******9485,2015-05-08 15:07:03,286.0,No,0,0,,-1.0,,0.0,15,0
453211******9485,2015-05-29 11:14:01,134.4,No,0,0,2015-05-08 15:07:03,30006.966666666667,286.0,-0.5300699300699301,11,0
453211******9543,2015-05-30 17:40:18,123.2,No,0,0,,-1.0,,0.0,17,0
453211******9543,2015-05-30 17:40:18,123.2,No,0,0,2015-05-30 17:40:18,0.0,123.2,0.0,17,0
453211******9604,2015-05-07 10:14:41,77.0,No,0,0,,-1.0,,0.0,10,0
453211******9633,2015-05-21 08:53:56,46.0,No,0,0,,-1.0,,0.0,8,0
453211******9696,2015-05-15 16:53:01,308.0,No,0,0,,-1.0,,0.0,16,0
453211******9717,2015-05-07 13:41:43,297.0,No,0,0,,-1.0,,0.0,13,0
453211******9748,2015-05-28 11:04:44,341.0,No,0,0,,-1.0,,0.0,11,0
453211******9762,2015-05-18 15:46:57,112.0,No,0,0,,-1.0,,0.0,15,0
453211******9775,2015-05-07 10:23:14,176.0,No,0,0,,-1.0,,0.0,10,0
453211******9904,2015-05-19 11:11:58,10.0,No,0,0,,-1.0,,0.0,11,0
453211******9916,2015-05-08 07:38:23,99.0,No,0,0,,-1.0,,0.0,7,0
453211******9916,2015-05-14 19:17:47,154.0,No,0,0,2015-05-08 07:38:23,9339.4,99.0,0.5555555555555556,19,0
453211******9958,2015-05-28 19:58:13,77.0,No,0,0,,-1.0,,0.0,19,0
453211******9974,2015-05-18 10:46:13,84.0,No,0,0,,-1.0,,0.0,10,0
455181******0209,2015-05-08 18:33:26,220.0,No,0,0,,-1.0,,0.0,18,0
455181******0211,2015-05-11 21:05:48,132.0,No,0,0,,-1.0,,0.0,21,0
455181******0232,2015-05-11 14:24:17,156.8,No,0,0,,-1.0,,0.0,14,0
455181******0254,2015-05-13 22:40:11,69.0,No,0,0,,-1.0,,0.0,22,0
455181******0297,2015-05-15 17:42:57,82.5,No,0,0,,-1.0,,0.0,17,0
455181******0342,2015-05-19 10:34:19,10.0,No,0,0,,-1.0,,0.0,10,0
455181******0381,2015-05-15 22:47:01,115.5,No,0,0,,-1.0,,0.0,22,0
455181******0417,2015-05-07 17:51:35,110.0,No,0,0,,-1.0,,0.0,17,0
455181******0769,2015-05-07 22:49:15,60.0,No,0,0,,-1.0,,0.0,22,0
455181******0804,2015-05-14 14:56:43,69.0,No,0,0,,-1.0,,0.0,14,0
455181******0805,2015-05-14 20:09:43,23.0,No,0,0,,-1.0,,0.0,20,0
455181******0805,2015-05-15 18:34:34,23.0,No,0,1,2015-05-14 20:09:43,1344.85,23.0,0.0,18,0
455181******0805,2015-05-15 18:53:51,23.0,No,0,2,2015-05-15 18:34:34,19.283333333333335,23.0,0.0,18,0
455181******0805,2015-05-30 11:14:27,99.0,No,0,0,2015-05-15 18:53:51,21140.6,23.0,3.304347826086956,11,0
455181******0805,2015-05-30 13:21:07,88.0,No,0,1,2015-05-30 11:14:27,126.66666666666667,42.0,1.0952380952380953,13,0
455181******1187,2015-05-18 17:22:47,92.0,No,0,0,,-1.0,,0.0,17,0
455181******1405,2015-05-29 14:53:49,99.0,No,0,0,,-1.0,,0.0,14,0
455181******1415,2015-05-13 16:21:47,124.2,No,0,0,,-1.0,,0.0,16,0
455181******1524,2015-05-29 16:42:26,46.69,No,0,0,,-1.0,,0.0,16,0
455181******1670,2015-05-12 11:53:01,154.0,No,0,0,,-1.0,,0.0,11,0
455181******1850,2015-05-04 23:08:12,112.0,No,0,0,,-1.0,,0.0,23,1
455181******1948,2015-05-23 14:39:08,95.2,No,0,0,,-1.0,,0.0,14,0
455181******1990,2015-05-07 23:14:15,110.0,No,0,0,,-1.0,,0.0,23,1
455181******2079,2015-05-11 21:01:10,154.0,No,0,0,,-1.0,,0.0,21,0
455181******2080,2015-05-15 23:53:01,66.0,No,0,0,,-1.0,,0.0,23,1
455181******2279,2015-05-26 14:35:35,115.0,No,0,0,,-1.0,,0.0,14,0
455181******2279,2015-05-29 16:47:36,115.0,No,0,0,2015-05-26 14:35:35,4452.016666666666,115.0,0.0,16,0
455181******2412,2015-05-14 08:43:16,33.0,No,0,0,,-1.0,,0.0,8,0
455181******2497,2015-05-03 21:45:35,89.6,No,0,0,,-1.0,,0.0,21,0
455181******2729,2015-05-12 14:04:50,93.15,No,0,0,,-1.0,,0.0,14,0
455181******2729,2015-05-13 13:51:27,31.05,No,0,1,2015-05-12 14:04:50,1426.6166666666666,93.15,-0.6666666666666667,13,0
455181******2802,2015-05-23 18:29:12,10.0,No,0,0,,-1.0,,0.0,18,0
455181******2985,2015-05-21 20:19:52,92.0,No,0,0,,-1.0,,0.0,20,0
455181******3180,2015-05-08 17:32:44,121.0,No,0,0,,-1.0,,0.0,17,0
455181******3180,2015-05-11 17:36:55,104.5,No,0,0,2015-05-08 17:32:44,4324.183333333333,121.0,-0.13636363636363635,17,0
455181******3180,2015-05-28 10:15:04,132.0,No,0,0,2015-05-11 17:36:55,24038.15,112.75,0.1707317073170731,10,0
455181******3255,2015-05-02 00:01:26,73.07,No,0,0,,-1.0,,0.0,0,1
455181******3342,2015-05-27 22:28:54,49.5,No,0,0,,-1.0,,0.0,22,0
455181******3808,2015-05-08 13:04:51,88.0,No,0,0,,-1.0,,0.0,13,0
455181******3808,2015-05-08 13:34:05,66.0,No,0,1,2015-05-08 13:04:51,29.233333333333334,88.0,-0.25,13,0
455181******3808,2015-05-09 15:20:59,77.0,No,0,0,2015-05-08 13:34:05,1546.9,77.0,0.0,15,0
455181******3836,2015-05-19 17:09:28,46.0,No,0,0,,-1.0,,0.0,17,0
455181******3897,2015-05-16 12:54:20,33.0,No,0,0,,-1.0,,0.0,12,0
455181******4079,2015-05-06 14:03:09,138.0,No,0,0,,-1.0,,0.0,14,0
455181******4132,2015-05-18 14:37:21,110.0,No,0,0,,-1.0,,0.0,14,0
455181******4470,2015-05-01 16:02:41,46.69,No,0,0,,-1.0,,0.0,16,0
455181******4535,2015-05-12 18:49:49,34.5,No,0,0,,-1.0,,0.0,18,0
455181******4578,2015-05-05 17:27:12,24.0,No,0,0,,-1.0,,0.0,17,0
455181******4926,2015-05-20 20:19:05,36.66,No,0,0,,-1.0,,0.0,20,0
455181******4940,2015-05-16 23:58:14,16.5,No,0,0,,-1.0,,0.0,23,1
455181******5056,2015-05-02 18:24:20,35.0,No,0,0,,-1.0,,0.0,18,0
455181******5206,2015-05-29 20:25:39,55.0,No,0,0,,-1.0,,0.0,20,0
455181******5249,2015-05-21 10:49:32,166.0,No,0,0,,-1.0,,0.0,10,0
455181******5330,2015-05-13 11:32:19,55.0,No,0,0,,-1.0,,0.0,11,0
455181******5429,2015-05-27 23:28:04,46.0,No,0,0,,-1.0,,0.0,23,1
455181******5606,2015-05-13 16:54:59,16.5,No,0,0,,-1.0,,0.0,16,0
455181******5810,2015-05-05 12:35:43,46.0,No,0,0,,-1.0,,0.0,12,0
455181******5810,2015-05-05 12:41:25,46.0,No,0,1,2015-05-05 12:35:43,5.7,46.0,0.0,12,0
455181******5891,2015-05-20 22:30:29,112.0,No,0,0,,-1.0,,0.0,22,0
455181******6024,2015-05-29 12:43:43,92.0,No,0,0,,-1.0,,0.0,12,0
455181******6376,2015-05-21 12:01:10,56.0,No,0,0,,-1.0,,0.0,12,0
455181******6638,2015-05-11 22:11:39,396.75,No,0,0,,-1.0,,0.0,22,0
455181******6849,2015-05-13 16:37:25,78.4,No,0,0,,-1.0,,0.0,16,0
455181******7137,2015-05-15 22:20:54,33.0,No,0,0,,-1.0,,0.0,22,0
455181******7255,2015-05-19 11:35:33,83.0,No,0,0,,-1.0,,0.0,11,0
455181******7317,2015-05-19 18:11:10,63.94,No,0,0,,-1.0,,0.0,18,0
455181******7462,2015-05-26 19:48:02,43.0,No,0,0,,-1.0,,0.0,19,0
455181******7870,2015-05-16 13:05:10,50.75,No,0,0,,-1.0,,0.0,13,0
455181******7920,2015-05-06 23:06:28,69.0,No,0,0,,-1.0,,0.0,23,1
455181******7970,2015-05-12 12:52:35,465.75,No,0,0,,-1.0,,0.0,12,0
455181******7985,2015-05-29 00:11:15,88.0,No,0,0,,-1.0,,0.0,0,1
455181******7985,2015-05-29 00:12:15,88.0,No,0,1,2015-05-29 00:11:15,1.0,88.0,0.0,0,1
455181******8339,2015-05-06 09:36:14,198.0,No,0,0,,-1.0,,0.0,9,0
455181******8589,2015-05-29 21:00:52,121.0,No,0,0,,-1.0,,0.0,21,0
455181******8611,2015-05-07 11:58:40,35.0,No,0,0,,-1.0,,0.0,11,0
455181******8808,2015-05-18 22:03:03,220.0,No,0,0,,-1.0,,0.0,22,0
455181******8859,2015-05-14 20:38:10,33.0,No,0,0,,-1.0,,0.0,20,0
455181******9142,2015-05-18 14:42:25,100.0,No,0,0,,-1.0,,0.0,14,0
455181******9454,2015-05-24 13:50:36,34.5,No,0,0,,-1.0,,0.0,13,0
455181******9766,2015-05-03 21:14:50,33.0,No,0,0,,-1.0,,0.0,21,0
455181******9873,2015-05-21 13:43:58,245.0,No,0,0,,-1.0,,0.0,13,0
455181******9873,2015-05-21 13:50:26,63.99,No,0,1,2015-05-21 13:43:58,6.466666666666667,245.0,-0.7388163265306122,13,0
455181******9912,2015-05-09 17:34:44,100.8,No,0,0,,-1.0,,0.0,17,0
455181******9943,2015-05-24 00:26:25,10.0,No,0,0,,-1.0,,0.0,0,1
455182******0139,2015-05-22 19:25:44,112.0,No,0,0,,-1.0,,0.0,19,0
455182******0311,2015-05-16 19:43:15,46.0,No,0,0,,-1.0,,0.0,19,0
455182******0690,2015-05-28 16:19:51,187.0,No,0,0,,-1.0,,0.0,16,0
455182******0912,2015-05-10 21:06:35,110.0,No,0,0,,-1.0,,0.0,21,0
455182******0984,2015-05-19 16:48:02,200.0,No,0,0,,-1.0,,0.0,16,0
455182******1217,2015-05-27 21:01:02,10.0,No,0,0,,-1.0,,0.0,21,0
455182******1592,2015-05-30 20:31:53,34.48,No,0,0,,-1.0,,0.0,20,0
455182******1592,2015-05-30 20:31:53,34.48,No,0,0,2015-05-30 20:31:53,0.0,34.48,0.0,20,0
455182******1872,2015-05-28 11:56:01,20.0,No,0,0,,-1.0,,0.0,11,0
455182******2167,2015-05-20 00:54:12,15.0,No,0,0,,-1.0,,0.0,0,1
455182******2487,2015-05-08 13:16:51,46.0,No,0,0,,-1.0,,0.0,13,0
455182******3130,2015-05-23 17:33:41,84.0,No,0,0,,-1.0,,0.0,17,0
455182******3219,2015-05-27 23:46:03,172.5,No,0,0,,-1.0,,0.0,23,1
455182******3445,2015-05-15 15:59:53,110.0,No,0,0,,-1.0,,0.0,15,0
455182******3597,2015-05-07 13:55:01,31.59,No,0,0,,-1.0,,0.0,13,0
455182******3753,2015-05-09 00:28:47,92.0,No,0,0,,-1.0,,0.0,0,1
455182******3753,2015-05-16 04:44:58,25.37,No,0,0,2015-05-09 00:28:47,10336.183333333332,92.0,-0.7242391304347826,4,1
455182******3753,2015-05-24 21:39:20,50.0,No,0,0,2015-05-16 04:44:58,12534.366666666667,58.685,-0.14799352475078809,21,0
455182******4558,2015-05-16 19:36:12,57.46,No,0,0,,-1.0,,0.0,19,0
455182******4582,2015-05-27 21:02:30,88.0,No,0,0,,-1.0,,0.0,21,0
455182******4784,2015-05-07 09:57:03,99.0,No,0,0,,-1.0,,0.0,9,0
455182******5488,2015-05-06 09:34:53,231.0,No,0,0,,-1.0,,0.0,9,0
455182******5711,2015-05-07 11:03:35,27.5,No,0,0,,-1.0,,0.0,11,0
455182******5920,2015-05-04 17:15:26,286.0,No,0,0,,-1.0,,0.0,17,0
455182******6033,2015-05-25 09:10:55,55.0,No,0,0,,-1.0,,0.0,9,0
455182******6261,2015-05-30 11:43:54,187.0,No,0,0,,-1.0,,0.0,11,0
455182******6690,2015-05-15 07:24:06,38.5,No,0,0,,-1.0,,0.0,7,0
455182******6894,2015-05-28 16:22:21,187.0,No,0,0,,-1.0,,0.0,16,0
455182******7117,2015-05-22 15:52:43,92.0,No,0,0,,-1.0,,0.0,15,0
455182******8780,2015-05-14 23:22:59,55.0,No,0,0,,-1.0,,0.0,23,1
455182******9258,2015-05-02 19:06:48,184.0,No,0,0,,-1.0,,0.0,19,0
455182******9258,2015-05-02 19:31:58,46.0,No,0,1,2015-05-02 19:06:48,25.166666666666668,184.0,-0.75,19,0
455182******9370,2015-05-27 22:38:03,132.0,No,0,0,,-1.0,,0.0,22,0
455182******9385,2015-05-21 23:11:25,20.0,No,0,0,,-1.0,,0.0,23,1
455182******9764,2015-05-15 16:10:02,154.0,No,0,0,,-1.0,,0.0,16,0
455182******9851,2015-05-26 19:28:47,67.2,No,0,0,,-1.0,,0.0,19,0
455183******0137,2015-05-07 08:44:12,39.48,No,0,0,,-1.0,,0.0,8,0
455183******0306,2015-05-28 13:04:00,192.5,No,0,0,,-1.0,,0.0,13,0
455183******0306,2015-05-28 19:12:48,88.0,No,0,1,2015-05-28 13:04:00,368.8,192.5,-0.5428571428571429,19,0
455183******0365,2015-05-20 10:00:45,224.0,No,0,0,,-1.0,,0.0,10,0
455183******0381,2015-05-11 12:44:19,156.8,No,0,0,,-1.0,,0.0,12,0
455183******0544,2015-05-19 19:10:15,132.0,No,0,0,,-1.0,,0.0,19,0
455183******0750,2015-05-30 14:45:37,88.0,No,0,0,,-1.0,,0.0,14,0
455183******0750,2015-05-30 14:45:37,88.0,No,0,0,2015-05-30 14:45:37,0.0,88.0,0.0,14,0
455183******0765,2015-05-21 00:29:20,56.0,No,0,0,,-1.0,,0.0,0,1
455183******0836,2015-05-05 16:58:18,286.0,No,0,0,,-1.0,,0.0,16,0
455183******1075,2015-05-06 14:36:53,46.0,No,0,0,,-1.0,,0.0,14,0
455183******1223,2015-05-05 08:05:48,336.0,No,0,0,,-1.0,,0.0,8,0
455183******1270,2015-05-29 09:54:42,220.0,No,0,0,,-1.0,,0.0,9,0
455183******1388,2015-05-11 15:08:43,104.5,No,0,0,,-1.0,,0.0,15,0
455183******1470,2015-05-16 22:34:07,250.0,No,0,0,,-1.0,,0.0,22,0
455183******1722,2015-05-21 20:31:22,138.0,No,0,0,,-1.0,,0.0,20,0
455183******1741,2015-05-07 21:57:40,122.81,No,0,0,,-1.0,,0.0,21,0
455183******1912,2015-05-13 13:59:31,345.5,No,0,0,,-1.0,,0.0,13,0
455183******2203,2015-05-26 19:29:27,89.6,No,0,0,,-1.0,,0.0,19,0
455183******2556,2015-05-04 01:02:32,46.0,No,0,0,,-1.0,,0.0,1,1
455183******2637,2015-05-29 08:59:08,264.0,No,0,0,,-1.0,,0.0,8,0
455183******3265,2015-05-06 09:33:27,132.0,No,0,0,,-1.0,,0.0,9,0
455183******3351,2015-05-04 17:27:19,80.5,No,0,0,,-1.0,,0.0,17,0
455183******3511,2015-05-06 21:06:00,414.0,Yes,1,0,,-1.0,,0.0,21,0
455183******3511,2015-05-06 21:07:02,414.0,Yes,1,1,2015-05-06 21:06:00,1.0333333333333334,414.0,0.0,21,0
455183******3649,2015-05-12 10:31:54,187.0,No,0,0,,-1.0,,0.0,10,0
455183******3882,2015-05-05 21:18:06,143.0,No,0,0,,-1.0,,0.0,21,0
455183******4275,2015-05-02 21:50:57,104.5,No,0,0,,-1.0,,0.0,21,0
455183******4275,2015-05-06 06:26:34,143.0,No,0,0,2015-05-02 21:50:57,4835.616666666667,104.5,0.368421052631579,6,0
455183******4275,2015-05-12 01:02:35,313.5,No,0,0,2015-05-06 06:26:34,8316.016666666666,123.75,1.5333333333333332,1,1
455183******4560,2015-05-13 16:45:12,220.0,No,0,0,,-1.0,,0.0,16,0
455183******4842,2015-05-13 08:47:59,154.0,No,0,0,,-1.0,,0.0,8,0
455183******5419,2015-05-05 19:22:55,99.0,No,0,0,,-1.0,,0.0,19,0
455183******5548,2015-05-22 10:15:18,34.5,No,0,0,,-1.0,,0.0,10,0
455183******5786,2015-05-13 11:40:03,36.0,No,0,0,,-1.0,,0.0,11,0
455183******6363,2015-05-25 19:32:18,69.0,No,0,0,,-1.0,,0.0,19,0
455183******6442,2015-05-22 21:24:40,264.0,No,0,0,,-1.0,,0.0,21,0
455183******6549,2015-05-17 21:35:45,360.0,No,0,0,,-1.0,,0.0,21,0
455183******6579,2015-05-08 15:59:25,88.0,No,0,0,,-1.0,,0.0,15,0
455183******6751,2015-05-06 09:36:42,55.0,No,0,0,,-1.0,,0.0,9,0
455183******6751,2015-05-15 16:39:24,110.0,No,0,0,2015-05-06 09:36:42,13382.7,55.0,1.0,16,0
455183******6952,2015-05-12 22:19:47,154.0,No,0,0,,-1.0,,0.0,22,0
455183******7297,2015-05-09 15:57:56,235.2,No,0,0,,-1.0,,0.0,15,0
455183******7426,2015-05-16 18:40:10,16.5,No,0,0,,-1.0,,0.0,18,0
455183******7502,2015-05-19 20:57:10,129.6,No,0,0,,-1.0,,0.0,20,0
455183******7573,2015-05-06 12:27:37,35.0,No,0,0,,-1.0,,0.0,12,0
455183******7650,2015-05-05 17:55:24,92.0,No,0,0,,-1.0,,0.0,17,0
455183******7939,2015-05-12 23:12:11,78.4,No,0,0,,-1.0,,0.0,23,1
455183******8049,2015-05-06 17:11:30,143.0,No,0,0,,-1.0,,0.0,17,0
455183******8189,2015-05-28 09:42:15,49.5,No,0,0,,-1.0,,0.0,9,0
455183******8459,2015-05-23 21:01:16,15.0,No,0,0,,-1.0,,0.0,21,0
455183******8907,2015-05-06 10:40:06,138.0,No,0,0,,-1.0,,0.0,10,0
455183******9059,2015-05-28 21:14:43,88.0,No,0,0,,-1.0,,0.0,21,0
455183******9280,2015-05-23 11:34:46,56.0,No,0,0,,-1.0,,0.0,11,0
455183******9484,2015-05-07 15:58:24,172.5,No,0,0,,-1.0,,0.0,15,0
455183******9686,2015-05-28 18:52:23,69.0,No,0,0,,-1.0,,0.0,18,0
455183******9687,2015-05-13 18:28:26,16.5,No,0,0,,-1.0,,0.0,18,0
455184******0054,2015-05-04 21:48:15,48.0,No,0,0,,-1.0,,0.0,21,0
455184******0114,2015-05-29 15:51:26,57.5,No,0,0,,-1.0,,0.0,15,0
455184******0211,2015-05-11 18:53:25,201.25,No,0,0,,-1.0,,0.0,18,0
455184******0271,2015-05-15 14:40:45,99.0,No,0,0,,-1.0,,0.0,14,0
455184******0391,2015-05-15 17:17:19,77.0,No,0,0,,-1.0,,0.0,17,0
455184******0674,2015-05-11 19:31:57,154.0,No,0,0,,-1.0,,0.0,19,0
455184******0789,2015-05-03 20:20:23,66.0,No,0,0,,-1.0,,0.0,20,0
455184******0878,2015-05-25 19:55:25,49.5,No,0,0,,-1.0,,0.0,19,0
455184******0943,2015-05-29 15:48:55,46.0,No,0,0,,-1.0,,0.0,15,0
455184******0953,2015-05-29 14:17:27,46.0,No,0,0,,-1.0,,0.0,14,0
455184******1074,2015-05-08 00:10:07,46.0,No,0,0,,-1.0,,0.0,0,1
455184******1101,2015-05-12 19:52:17,308.0,No,0,0,,-1.0,,0.0,19,0
455184******1200,2015-05-28 21:56:24,172.5,No,0,0,,-1.0,,0.0,21,0
455184******1219,2015-05-03 09:27:48,74.16,No,0,0,,-1.0,,0.0,9,0
455184******1586,2015-05-12 10:50:00,154.0,No,0,0,,-1.0,,0.0,10,0
455184******1766,2015-05-29 11:15:33,99.0,No,0,0,,-1.0,,0.0,11,0
455184******1786,2015-05-30 18:37:34,35.53,No,0,0,,-1.0,,0.0,18,0
455184******1786,2015-05-30 18:37:34,35.53,No,0,0,2015-05-30 18:37:34,0.0,35.53,0.0,18,0
455184******1786,2015-05-30 18:37:59,70.0,No,0,2,2015-05-30 18:37:34,0.4166666666666667,35.53,0.9701660568533632,18,0
455184******1786,2015-05-30 18:37:59,70.0,No,0,2,2015-05-30 18:37:59,0.0,47.02,0.4887282007656315,18,0
455184******1786,2015-05-30 18:38:22,70.0,No,0,4,2015-05-30 18:37:59,0.38333333333333336,52.765,0.3266369752676963,18,0
455184******1786,2015-05-30 18:38:22,70.0,No,0,4,2015-05-30 18:38:22,0.0,56.212,0.24528570412011663,18,0
455184******1938,2015-05-07 10:54:17,176.0,No,0,0,,-1.0,,0.0,10,0
455184******2152,2015-05-07 15:09:06,165.0,No,0,0,,-1.0,,0.0,15,0
455184******2152,2015-05-07 15:10:23,55.0,No,0,1,2015-05-07 15:09:06,1.2833333333333334,165.0,-0.6666666666666667,15,0
455184******2152,2015-05-11 23:22:49,77.0,No,0,0,2015-05-07 15:10:23,6252.433333333333,110.0,-0.30000000000000004,23,1
455184******2373,2015-05-05 09:49:01,112.0,No,0,0,,-1.0,,0.0,9,0
455184******2373,2015-05-11 23:08:22,84.0,No,0,0,2015-05-05 09:49:01,9439.35,112.0,-0.25,23,1
455184******2484,2015-05-21 20:27:10,156.8,No,0,0,,-1.0,,0.0,20,0
455184******2884,2015-05-12 19:23:04,99.0,No,0,0,,-1.0,,0.0,19,0
455184******3506,2015-05-11 13:20:36,115.0,No,0,0,,-1.0,,0.0,13,0
455184******3506,2015-05-13 15:13:51,46.0,No,0,0,2015-05-11 13:20:36,2993.25,115.0,-0.6,15,0
455184******3560,2015-05-27 21:58:03,34.5,No,0,0,,-1.0,,0.0,21,0
455184******3578,2015-05-11 15:29:15,154.0,No,0,0,,-1.0,,0.0,15,0
455184******3650,2015-05-19 09:46:54,70.0,No,0,0,,-1.0,,0.0,9,0
455184******3832,2015-05-13 11:18:29,60.0,No,0,0,,-1.0,,0.0,11,0
455184******3849,2015-05-15 22:07:50,99.0,No,0,0,,-1.0,,0.0,22,0
455184******3867,2015-05-14 23:24:41,154.0,No,0,0,,-1.0,,0.0,23,1
455184******3881,2015-05-11 11:09:12,224.0,No,0,0,,-1.0,,0.0,11,0
455184******4239,2015-05-11 13:12:30,104.5,No,0,0,,-1.0,,0.0,13,0
455184******4528,2015-05-06 10:44:26,379.5,No,0,0,,-1.0,,0.0,10,0
455184******4621,2015-05-16 08:37:12,49.5,No,0,0,,-1.0,,0.0,8,0
455184******4702,2015-05-07 11:38:01,90.4,No,0,0,,-1.0,,0.0,11,0
455184******4702,2015-05-11 14:49:23,44.8,No,0,0,2015-05-07 11:38:01,5951.366666666667,90.4,-0.5044247787610621,14,0
455184******4732,2015-05-27 20:15:20,88.0,No,0,0,,-1.0,,0.0,20,0
455184******4818,2015-05-16 07:28:19,70.0,No,0,0,,-1.0,,0.0,7,0
455184******4857,2015-05-29 14:05:13,46.0,No,0,0,,-1.0,,0.0,14,0
455184******4913,2015-05-22 13:37:35,23.0,No,0,0,,-1.0,,0.0,13,0
455184******5382,2015-05-12 23:46:16,55.0,No,0,0,,-1.0,,0.0,23,1
455184******5521,2015-05-08 17:37:50,231.0,No,0,0,,-1.0,,0.0,17,0
455184******5604,2015-05-10 17:24:19,77.0,No,0,0,,-1.0,,0.0,17,0
455184******5735,2015-05-15 08:24:24,93.37,No,0,0,,-1.0,,0.0,8,0
455184******5809,2015-05-02 15:26:52,143.0,No,0,0,,-1.0,,0.0,15,0
455184******5823,2015-05-30 21:57:00,123.2,No,0,0,,-1.0,,0.0,21,0
455184******5823,2015-05-30 21:57:00,123.2,No,0,0,2015-05-30 21:57:00,0.0,123.2,0.0,21,0
455184******5907,2015-05-29 20:34:58,154.0,No,0,0,,-1.0,,0.0,20,0
455184******6251,2015-05-16 19:43:23,46.0,No,0,0,,-1.0,,0.0,19,0
455184******6510,2015-05-06 09:02:01,80.5,No,0,0,,-1.0,,0.0,9,0
455184******6650,2015-05-20 23:21:18,69.0,No,0,0,,-1.0,,0.0,23,1
455184******6650,2015-05-21 15:03:15,46.0,No,0,1,2015-05-20 23:21:18,941.95,69.0,-0.33333333333333337,15,0
455184******6678,2015-05-20 18:41:58,46.0,No,0,0,,-1.0,,0.0,18,0
455184******6826,2015-05-04 08:03:56,111.65,No,0,0,,-1.0,,0.0,8,0
455184******6992,2015-05-29 22:22:09,172.5,No,0,0,,-1.0,,0.0,22,0
455184******7207,2015-05-04 20:51:33,286.0,No,0,0,,-1.0,,0.0,20,0
455184******7212,2015-05-14 18:27:05,84.0,No,0,0,,-1.0,,0.0,18,0
455184******7497,2015-05-28 02:25:16,440.0,Yes,1,0,,-1.0,,0.0,2,1
455184******7617,2015-05-13 15:40:54,36.54,No,0,0,,-1.0,,0.0,15,0
455184******7652,2015-05-29 15:49:03,46.0,No,0,0,,-1.0,,0.0,15,0
455184******8064,2015-05-30 16:24:46,57.5,No,0,0,,-1.0,,0.0,16,0
455184******8064,2015-05-30 16:24:46,57.5,No,0,0,2015-05-30 16:24:46,0.0,57.5,0.0,16,0
455184******8200,2015-05-20 11:50:16,166.0,No,0,0,,-1.0,,0.0,11,0
455184******8200,2015-05-21 11:17:07,166.0,No,0,1,2015-05-20 11:50:16,1406.85,166.0,0.0,11,0
455184******8220,2015-05-28 12:26:50,34.5,No,0,0,,-1.0,,0.0,12,0
455184******8238,2015-05-10 21:52:58,132.0,No,0,0,,-1.0,,0.0,21,0
455184******8249,2015-05-29 07:45:58,46.0,No,0,0,,-1.0,,0.0,7,0
455184******8314,2015-05-12 09:12:19,55.0,No,0,0,,-1.0,,0.0,9,0
455184******8315,2015-05-18 14:15:46,70.0,No,0,0,,-1.0,,0.0,14,0
455184******8556,2015-05-18 22:38:20,93.15,No,0,0,,-1.0,,0.0,22,0
455184******8605,2015-05-08 00:48:30,36.54,No,0,0,,-1.0,,0.0,0,1
455184******8852,2015-05-28 14:44:49,49.5,No,0,0,,-1.0,,0.0,14,0
455184******8954,2015-05-10 20:50:56,33.0,No,0,0,,-1.0,,0.0,20,0
455184******9075,2015-05-08 14:11:36,154.0,No,0,0,,-1.0,,0.0,14,0
455184******9075,2015-05-11 10:17:22,77.0,No,0,0,2015-05-08 14:11:36,4085.766666666667,154.0,-0.5,10,0
455184******9075,2015-05-14 20:01:11,99.0,No,0,0,2015-05-11 10:17:22,4903.816666666667,115.5,-0.1428571428571429,20,0
455184******9079,2015-05-11 12:38:41,154.0,No,0,0,,-1.0,,0.0,12,0
455184******9093,2015-05-15 15:59:49,104.5,No,0,0,,-1.0,,0.0,15,0
455184******9156,2015-05-23 09:52:39,55.0,No,0,0,,-1.0,,0.0,9,0
455184******9262,2015-05-11 12:09:24,89.6,No,0,0,,-1.0,,0.0,12,0
455184******9262,2015-05-25 17:17:19,89.6,No,0,0,2015-05-11 12:09:24,20467.916666666668,89.6,0.0,17,0
455184******9262,2015-05-30 16:37:26,187.0,No,0,0,2015-05-25 17:17:19,7160.116666666667,89.6,1.0870535714285716,16,0
455184******9262,2015-05-30 16:37:26,187.0,No,0,0,2015-05-30 16:37:26,0.0,122.06666666666666,0.5319497542326599,16,0
455184******9346,2015-05-08 13:47:36,99.0,No,0,0,,-1.0,,0.0,13,0
455184******9424,2015-05-11 19:24:45,27.5,No,0,0,,-1.0,,0.0,19,0
455184******9491,2015-05-26 14:25:45,34.5,No,0,0,,-1.0,,0.0,14,0
455184******9523,2015-05-25 23:17:31,134.4,No,0,0,,-1.0,,0.0,23,1
455184******9654,2015-05-08 13:21:35,201.6,No,0,0,,-1.0,,0.0,13,0
455184******9654,2015-05-28 23:05:40,172.5,No,0,0,2015-05-08 13:21:35,29384.083333333332,201.6,-0.14434523809523803,23,1
455184******9725,2015-05-29 01:12:13,110.0,No,0,0,,-1.0,,0.0,1,1
455184******9726,2015-05-29 15:06:18,110.0,No,0,0,,-1.0,,0.0,15,0
455187******0354,2015-05-15 16:23:39,46.0,No,0,0,,-1.0,,0.0,16,0
455187******1311,2015-05-16 15:25:41,68.66,No,0,0,,-1.0,,0.0,15,0
455187******1744,2015-05-22 12:40:07,30.0,No,0,0,,-1.0,,0.0,12,0
455187******1934,2015-05-15 16:32:12,495.0,Yes,1,0,,-1.0,,0.0,16,0
455187******1996,2015-05-06 10:52:23,138.0,No,0,0,,-1.0,,0.0,10,0
455187******1996,2015-05-07 14:13:21,120.75,No,0,0,2015-05-06 10:52:23,1640.9666666666667,138.0,-0.125,14,0
455187******2821,2015-05-16 20:29:46,33.0,No,0,0,,-1.0,,0.0,20,0
455187******3204,2015-05-29 19:23:28,132.0,No,0,0,,-1.0,,0.0,19,0
455187******3712,2015-05-15 18:10:25,100.8,No,0,0,,-1.0,,0.0,18,0
455187******4502,2015-05-05 23:31:34,57.5,No,0,0,,-1.0,,0.0,23,1
455187******4694,2015-05-13 17:08:00,77.0,No,0,0,,-1.0,,0.0,17,0
455187******5703,2015-05-15 14:45:16,46.0,No,0,0,,-1.0,,0.0,14,0
455187******5718,2015-05-15 12:03:46,46.0,No,0,0,,-1.0,,0.0,12,0
455187******6218,2015-05-11 12:18:01,264.0,No,0,0,,-1.0,,0.0,12,0
455187******6218,2015-05-29 10:36:13,187.0,No,0,0,2015-05-11 12:18:01,25818.2,264.0,-0.29166666666666663,10,0
455187******6710,2015-05-06 11:16:19,115.0,No,0,0,,-1.0,,0.0,11,0
455187******6717,2015-05-04 19:11:14,143.0,No,0,0,,-1.0,,0.0,19,0
455187******7290,2015-05-11 17:16:52,310.32,No,0,0,,-1.0,,0.0,17,0
455187******7290,2015-05-14 09:02:57,44.42,No,0,0,2015-05-11 17:16:52,3826.0833333333335,310.32,-0.8568574374838875,9,0
455187******7290,2015-05-23 10:18:38,94.03,No,0,0,2015-05-14 09:02:57,13035.683333333332,177.37,-0.4698652534250437,10,0
455187******7290,2015-05-23 10:21:29,44.42,No,0,1,2015-05-23 10:18:38,2.85,149.59,-0.703055017046594,10,0
455187******7402,2015-05-22 18:50:34,117.6,No,0,0,,-1.0,,0.0,18,0
455187******7839,2015-05-10 16:48:28,286.0,No,0,0,,-1.0,,0.0,16,0
455187******8011,2015-05-14 19:35:54,154.0,No,0,0,,-1.0,,0.0,19,0
455187******8130,2015-05-06 16:26:15,319.0,No,0,0,,-1.0,,0.0,16,0
455187******8449,2015-05-14 16:17:10,184.0,No,0,0,,-1.0,,0.0,16,0
455187******8661,2015-05-21 11:16:38,110.0,No,0,0,,-1.0,,0.0,11,0
455187******8847,2015-05-15 23:15:44,228.37,No,0,0,,-1.0,,0.0,23,1
455187******9232,2015-05-15 14:51:00,308.0,No,0,0,,-1.0,,0.0,14,0
455187******9232,2015-05-28 19:21:00,99.0,No,0,0,2015-05-15 14:51:00,18990.0,308.0,-0.6785714285714286,19,0
455187******9489,2015-05-22 21:59:15,402.5,No,0,0,,-1.0,,0.0,21,0
455187******9872,2015-05-14 22:04:13,110.0,No,0,0,,-1.0,,0.0,22,0
455187******9909,2015-05-28 11:14:54,264.0,No,0,0,,-1.0,,0.0,11,0
455187******9909,2015-05-28 11:15:19,264.0,No,0,1,2015-05-28 11:14:54,0.4166666666666667,264.0,0.0,11,0
455188******3030,2015-05-29 15:13:08,172.5,No,0,0,,-1.0,,0.0,15,0
455188******5104,2015-05-30 18:29:33,2.1,No,0,0,,-1.0,,0.0,18,0
455188******5462,2015-05-05 15:00:43,352.0,No,0,0,,-1.0,,0.0,15,0
455188******7029,2015-05-16 02:10:52,99.0,No,0,0,,-1.0,,0.0,2,1
456137******4398,2015-05-11 14:33:19,104.5,No,0,0,,-1.0,,0.0,14,0
457291******8012,2015-05-14 21:43:32,184.0,No,0,0,,-1.0,,0.0,21,0
459020******2859,2015-05-16 09:31:50,49.5,No,0,0,,-1.0,,0.0,9,0
459020******6822,2015-05-28 21:43:53,34.5,No,0,0,,-1.0,,0.0,21,0
459020******8699,2015-05-04 19:19:22,143.0,No,0,0,,-1.0,,0.0,19,0
459023******1727,2015-05-23 14:34:15,84.0,No,0,0,,-1.0,,0.0,14,0
459023******2034,2015-05-26 09:33:07,179.2,No,0,0,,-1.0,,0.0,9,0
459023******2034,2015-05-29 21:14:05,88.0,No,0,0,2015-05-26 09:33:07,5020.966666666666,179.2,-0.5089285714285714,21,0
459023******5714,2015-05-29 00:59:08,55.0,No,0,0,,-1.0,,0.0,0,1
459023******6920,2015-05-07 16:54:56,34.5,No,0,0,,-1.0,,0.0,16,0
459023******7756,2015-05-11 18:39:51,440.0,No,0,0,,-1.0,,0.0,18,0
459023******7756,2015-05-12 11:30:33,275.0,No,0,1,2015-05-11 18:39:51,1010.7,440.0,-0.375,11,0
459023******9434,2015-05-04 15:53:20,241.5,No,0,0,,-1.0,,0.0,15,0
459023******9749,2015-05-28 09:04:02,20.0,No,0,0,,-1.0,,0.0,9,0
459077******0674,2015-05-11 18:58:02,78.4,No,0,0,,-1.0,,0.0,18,0
459077******2535,2015-05-27 17:59:12,224.0,No,0,0,,-1.0,,0.0,17,0
459077******2535,2015-05-27 18:16:39,345.0,No,0,1,2015-05-27 17:59:12,17.45,224.0,0.5401785714285714,18,0
459077******2753,2015-05-25 10:35:49,10.0,No,0,0,,-1.0,,0.0,10,0
459077******2832,2015-05-06 17:01:36,96.0,No,0,0,,-1.0,,0.0,17,0
459077******2871,2015-05-28 01:47:20,198.0,No,0,0,,-1.0,,0.0,1,1
459077******4955,2015-05-19 11:02:46,10.0,No,0,0,,-1.0,,0.0,11,0
459077******4982,2015-05-06 12:57:53,143.0,No,0,0,,-1.0,,0.0,12,0
459077******9320,2015-05-30 12:46:39,20.0,No,0,0,,-1.0,,0.0,12,0
459077******9463,2015-05-12 21:25:26,308.0,No,0,0,,-1.0,,0.0,21,0
459077******9933,2015-05-16 11:11:50,33.0,No,0,0,,-1.0,,0.0,11,0
459077******9968,2015-05-10 21:40:32,148.5,No,0,0,,-1.0,,0.0,21,0
459078******0347,2015-05-16 16:02:18,198.0,No,0,0,,-1.0,,0.0,16,0
459078******0749,2015-05-25 22:26:45,138.0,No,0,0,,-1.0,,0.0,22,0
459078******2287,2015-05-20 21:57:10,110.0,No,0,0,,-1.0,,0.0,21,0
459078******3325,2015-05-12 00:06:04,275.0,No,0,0,,-1.0,,0.0,0,1
459078******3594,2015-05-08 20:31:10,34.5,No,0,0,,-1.0,,0.0,20,0
459078******3728,2015-05-11 14:00:07,78.4,No,0,0,,-1.0,,0.0,14,0
459078******3728,2015-05-13 08:27:41,78.4,No,0,0,2015-05-11 14:00:07,2547.5666666666666,78.4,0.0,8,0
459078******4776,2015-05-26 17:22:39,10.0,No,0,0,,-1.0,,0.0,17,0
459078******5879,2015-05-24 20:09:30,220.0,No,0,0,,-1.0,,0.0,20,0
459078******5921,2015-05-30 16:34:22,10.0,No,0,0,,-1.0,,0.0,16,0
459078******5921,2015-05-30 16:34:22,10.0,No,0,0,2015-05-30 16:34:22,0.0,10.0,0.0,16,0
459078******5950,2015-05-05 00:44:24,143.0,No,0,0,,-1.0,,0.0,0,1
459078******5950,2015-05-07 21:35:16,390.5,No,0,0,2015-05-05 00:44:24,4130.866666666667,143.0,1.7307692307692308,21,0
459078******6604,2015-05-29 14:06:46,88.0,No,0,0,,-1.0,,0.0,14,0
459078******7736,2015-05-29 11:55:36,154.0,No,0,0,,-1.0,,0.0,11,0
459078******7874,2015-05-30 21:51:31,70.0,No,0,0,,-1.0,,0.0,21,0
459078******7874,2015-05-30 21:51:31,70.0,No,0,0,2015-05-30 21:51:31,0.0,70.0,0.0,21,0
459078******8187,2015-05-20 10:16:58,110.0,No,0,0,,-1.0,,0.0,10,0
459078******8238,2015-05-03 13:11:52,184.0,No,0,0,,-1.0,,0.0,13,0
459078******9868,2015-05-11 16:31:49,44.8,No,0,0,,-1.0,,0.0,16,0
459078******9868,2015-05-11 17:19:52,44.8,No,0,1,2015-05-11 16:31:49,48.05,44.8,0.0,17,0
459080******0039,2015-05-21 13:09:38,103.5,No,0,0,,-1.0,,0.0,13,0
459080******0179,2015-05-19 13:45:40,30.0,No,0,0,,-1.0,,0.0,13,0
459080******0236,2015-05-09 19:30:31,134.4,No,0,0,,-1.0,,0.0,19,0
459080******0239,2015-05-11 21:34:13,187.0,No,0,0,,-1.0,,0.0,21,0
459080******0360,2015-05-06 18:06:32,121.0,No,0,0,,-1.0,,0.0,18,0
459080******0360,2015-05-11 22:26:23,154.0,No,0,0,2015-05-06 18:06:32,7459.85,121.0,0.2727272727272727,22,0
459080******0360,2015-05-27 17:51:23,264.0,No,0,0,2015-05-11 22:26:23,22765.0,137.5,0.9199999999999999,17,0
459080******0427,2015-05-23 17:10:21,84.0,No,0,0,,-1.0,,0.0,17,0
459080******0427,2015-05-28 14:02:21,134.4,No,0,0,2015-05-23 17:10:21,7012.0,84.0,0.6000000000000001,14,0
459080******0454,2015-05-21 23:23:55,224.0,No,0,0,,-1.0,,0.0,23,1
459080******0708,2015-05-14 20:03:06,77.0,No,0,0,,-1.0,,0.0,20,0
459080******0708,2015-05-27 21:31:23,297.0,No,0,0,2015-05-14 20:03:06,18808.283333333333,77.0,2.857142857142857,21,0
459080******0867,2015-05-05 21:50:33,165.0,No,0,0,,-1.0,,0.0,21,0
459080******1236,2015-05-22 12:42:27,40.5,No,0,0,,-1.0,,0.0,12,0
459080******1337,2015-05-22 16:46:34,69.0,No,0,0,,-1.0,,0.0,16,0
459080******1338,2015-05-08 12:04:37,132.0,No,0,0,,-1.0,,0.0,12,0
459080******1484,2015-05-07 20:32:52,69.0,No,0,0,,-1.0,,0.0,20,0
459080******1539,2015-05-29 08:59:44,25.0,No,0,0,,-1.0,,0.0,8,0
459080******1664,2015-05-04 08:11:52,207.0,No,0,0,,-1.0,,0.0,8,0
459080******1700,2015-05-24 16:59:13,112.0,No,0,0,,-1.0,,0.0,16,0
459080******1776,2015-05-11 12:23:28,268.8,No,0,0,,-1.0,,0.0,12,0
459080******1801,2015-05-08 17:06:27,39.48,No,0,0,,-1.0,,0.0,17,0
459080******1900,2015-05-21 14:12:49,34.5,No,0,0,,-1.0,,0.0,14,0
459080******1960,2015-05-11 14:16:24,78.4,No,0,0,,-1.0,,0.0,14,0
459080******1970,2015-05-16 18:20:44,112.0,No,0,0,,-1.0,,0.0,18,0
459080******2417,2015-05-25 11:04:48,630.0,No,0,0,,-1.0,,0.0,11,0
459080******2465,2015-05-06 09:13:03,572.0,No,0,0,,-1.0,,0.0,9,0
459080******2505,2015-05-14 23:29:25,154.0,No,0,0,,-1.0,,0.0,23,1
459080******2594,2015-05-29 19:57:29,88.0,No,0,0,,-1.0,,0.0,19,0
459080******2792,2015-05-25 11:29:40,630.0,No,0,0,,-1.0,,0.0,11,0
459080******2866,2015-05-13 13:27:36,62.1,No,0,0,,-1.0,,0.0,13,0
459080******2874,2015-05-25 19:03:32,207.0,No,0,0,,-1.0,,0.0,19,0
459080******3007,2015-05-12 14:51:32,126.5,No,0,0,,-1.0,,0.0,14,0
459080******3033,2015-05-15 17:45:18,392.0,No,0,0,,-1.0,,0.0,17,0
459080******3055,2015-05-19 09:05:45,189.75,No,0,0,,-1.0,,0.0,9,0
459080******3103,2015-05-28 15:24:25,172.5,Yes,1,0,,-1.0,,0.0,15,0
459080******3103,2015-05-28 15:27:51,172.5,Yes,1,1,2015-05-28 15:24:25,3.433333333333333,172.5,0.0,15,0
459080******3155,2015-05-28 12:34:12,67.2,No,0,0,,-1.0,,0.0,12,0
459080******3242,2015-05-05 22:45:26,156.8,No,0,0,,-1.0,,0.0,22,0
459080******3242,2015-05-05 22:46:58,440.0,No,0,1,2015-05-05 22:45:26,1.5333333333333334,156.8,1.8061224489795915,22,0
459080******3325,2015-05-28 22:34:50,132.0,No,0,0,,-1.0,,0.0,22,0
459080******3517,2015-05-19 16:57:48,363.0,No,0,0,,-1.0,,0.0,16,0
459080******3834,2015-05-22 18:54:29,35.0,No,0,0,,-1.0,,0.0,18,0
459080******3979,2015-05-30 13:02:23,88.0,No,0,0,,-1.0,,0.0,13,0
459080******4209,2015-05-07 22:29:12,34.5,No,0,0,,-1.0,,0.0,22,0
459080******4210,2015-05-24 11:31:32,20.0,No,0,0,,-1.0,,0.0,11,0
459080******4329,2015-05-09 19:51:05,143.0,No,0,0,,-1.0,,0.0,19,0
459080******4394,2015-05-25 19:34:39,77.0,No,0,0,,-1.0,,0.0,19,0
459080******4394,2015-05-28 13:34:49,99.0,No,0,0,2015-05-25 19:34:39,3960.1666666666665,77.0,0.2857142857142858,13,0
459080******4506,2015-05-15 07:07:52,104.5,No,0,0,,-1.0,,0.0,7,0
459080******4625,2015-05-25 10:07:35,630.0,No,0,0,,-1.0,,0.0,10,0
459080******4653,2015-05-11 13:39:48,78.4,No,0,0,,-1.0,,0.0,13,0
459080******4710,2015-05-06 14:46:27,103.5,No,0,0,,-1.0,,0.0,14,0
459080******4724,2015-05-11 22:14:41,308.0,No,0,0,,-1.0,,0.0,22,0
459080******4829,2015-05-18 18:37:46,506.0,No,0,0,,-1.0,,0.0,18,0
459080******4829,2015-05-18 23:40:00,100.48,No,0,1,2015-05-18 18:37:46,302.23333333333335,506.0,-0.8014229249011857,23,1
459080******4859,2015-05-11 18:12:51,134.4,No,0,0,,-1.0,,0.0,18,0
459080******5003,2015-05-08 18:09:31,34.5,No,0,0,,-1.0,,0.0,18,0
459080******5101,2015-05-04 17:44:26,143.0,No,0,0,,-1.0,,0.0,17,0
459080******5158,2015-05-16 12:03:14,71.0,No,0,0,,-1.0,,0.0,12,0
459080******5280,2015-05-20 18:01:56,31.05,No,0,0,,-1.0,,0.0,18,0
459080******5630,2015-05-29 00:41:45,88.0,No,0,0,,-1.0,,0.0,0,1
459080******5900,2015-05-13 14:05:38,308.0,No,0,0,,-1.0,,0.0,14,0
459080******6295,2015-05-11 17:53:17,67.2,No,0,0,,-1.0,,0.0,17,0
459080******6295,2015-05-27 20:18:39,246.4,No,0,0,2015-05-11 17:53:17,23185.366666666665,67.2,2.6666666666666665,20,0
459080******6337,2015-05-07 12:35:38,69.0,No,0,0,,-1.0,,0.0,12,0
459080******6578,2015-05-01 16:41:00,110.55,No,0,0,,-1.0,,0.0,16,0
459080******6594,2015-05-20 22:21:52,25.0,No,0,0,,-1.0,,0.0,22,0
459080******6635,2015-05-05 02:13:44,120.0,No,0,0,,-1.0,,0.0,2,1
459080******6677,2015-05-29 20:52:53,172.5,No,0,0,,-1.0,,0.0,20,0
459080******6892,2015-05-13 17:34:09,345.5,No,0,0,,-1.0,,0.0,17,0
459080******6932,2015-05-19 14:02:55,20.0,No,0,0,,-1.0,,0.0,14,0
459080******6958,2015-05-14 12:50:14,156.8,No,0,0,,-1.0,,0.0,12,0
459080******7170,2015-05-06 12:40:57,114.45,No,0,0,,-1.0,,0.0,12,0
459080******7213,2015-05-25 20:26:17,112.0,No,0,0,,-1.0,,0.0,20,0
459080******7553,2015-05-15 02:06:57,154.0,No,0,0,,-1.0,,0.0,2,1
459080******7561,2015-05-11 21:31:02,154.0,No,0,0,,-1.0,,0.0,21,0
459080******7679,2015-05-15 03:03:48,184.0,No,0,0,,-1.0,,0.0,3,1
459080******7716,2015-05-14 10:09:16,78.4,No,0,0,,-1.0,,0.0,10,0
459080******7716,2015-05-14 10:18:41,78.4,No,0,1,2015-05-14 10:09:16,9.416666666666666,78.4,0.0,10,0
459080******7979,2015-05-07 13:49:37,120.75,No,0,0,,-1.0,,0.0,13,0
459080******7979,2015-05-11 19:38:59,132.25,No,0,0,2015-05-07 13:49:37,6109.366666666667,120.75,0.09523809523809534,19,0
459080******8043,2015-05-22 21:15:56,165.0,No,0,0,,-1.0,,0.0,21,0
459080******8050,2015-05-29 13:22:45,265.0,No,0,0,,-1.0,,0.0,13,0
459080******8151,2015-05-06 23:31:51,156.8,No,0,0,,-1.0,,0.0,23,1
459080******8238,2015-05-15 18:49:32,123.3,No,0,0,,-1.0,,0.0,18,0
459080******8238,2015-05-16 01:47:03,168.0,No,0,1,2015-05-15 18:49:32,417.51666666666665,123.3,0.36253041362530425,1,1
459080******8425,2015-05-11 20:23:16,313.6,No,0,0,,-1.0,,0.0,20,0
459080******8442,2015-05-20 22:59:50,134.4,No,0,0,,-1.0,,0.0,22,0
459080******8449,2015-05-13 10:22:47,55.0,No,0,0,,-1.0,,0.0,10,0
459080******8449,2015-05-13 10:50:40,55.0,No,0,1,2015-05-13 10:22:47,27.883333333333333,55.0,0.0,10,0
459080******8600,2015-05-13 16:40:17,31.59,No,0,0,,-1.0,,0.0,16,0
459080******8778,2015-05-08 18:52:54,672.0,No,0,0,,-1.0,,0.0,18,0
459080******8827,2015-05-25 16:08:29,10.0,No,0,0,,-1.0,,0.0,16,0
459080******9150,2015-05-29 11:01:00,20.0,No,0,0,,-1.0,,0.0,11,0
459080******9199,2015-05-30 14:37:40,15.0,No,0,0,,-1.0,,0.0,14,0
459080******9199,2015-05-30 14:37:40,15.0,No,0,0,2015-05-30 14:37:40,0.0,15.0,0.0,14,0
459080******9219,2015-05-04 23:55:29,286.0,No,0,0,,-1.0,,0.0,23,1
459080******9552,2015-05-26 07:46:22,15.0,No,0,0,,-1.0,,0.0,7,0
459080******9584,2015-05-28 21:46:47,88.0,No,0,0,,-1.0,,0.0,21,0
459080******9773,2015-05-12 22:35:20,23.0,No,0,0,,-1.0,,0.0,22,0
459313******0009,2015-05-20 16:12:34,15.0,No,0,0,,-1.0,,0.0,16,0
459313******0304,2015-05-22 13:47:22,132.0,No,0,0,,-1.0,,0.0,13,0
459313******1260,2015-05-07 16:31:23,67.2,No,0,0,,-1.0,,0.0,16,0
459313******1275,2015-05-08 14:06:51,78.4,No,0,0,,-1.0,,0.0,14,0
459313******1441,2015-05-08 00:23:16,231.0,No,0,0,,-1.0,,0.0,0,1
459313******1494,2015-05-02 14:45:22,352.0,No,0,0,,-1.0,,0.0,14,0
459313******1618,2015-05-15 10:15:44,138.0,No,0,0,,-1.0,,0.0,10,0
459313******1724,2015-05-15 14:36:03,60.0,No,0,0,,-1.0,,0.0,14,0
459313******2052,2015-05-06 15:14:36,48.72,No,0,0,,-1.0,,0.0,15,0
459313******2072,2015-05-14 12:47:30,99.0,No,0,0,,-1.0,,0.0,12,0
459313******2642,2015-05-05 22:09:37,330.0,No,0,0,,-1.0,,0.0,22,0
459313******3031,2015-05-29 14:51:07,88.0,No,0,0,,-1.0,,0.0,14,0
459313******3185,2015-05-06 22:18:04,104.5,No,0,0,,-1.0,,0.0,22,0
459313******3460,2015-05-19 11:32:43,15.0,No,0,0,,-1.0,,0.0,11,0
459313******3460,2015-05-19 13:58:12,20.0,No,0,1,2015-05-19 11:32:43,145.48333333333332,15.0,0.33333333333333326,13,0
459313******3784,2015-05-11 21:12:59,156.8,No,0,0,,-1.0,,0.0,21,0
459313******3784,2015-05-13 16:04:32,78.4,No,0,0,2015-05-11 21:12:59,2571.55,156.8,-0.5,16,0
459313******4528,2015-05-10 15:13:20,55.0,No,0,0,,-1.0,,0.0,15,0
459313******4528,2015-05-11 14:53:51,78.4,No,0,1,2015-05-10 15:13:20,1420.5166666666667,55.0,0.42545454545454553,14,0
459313******5314,2015-05-12 18:49:21,66.0,No,0,0,,-1.0,,0.0,18,0
459313******5336,2015-05-28 22:40:31,34.5,No,0,0,,-1.0,,0.0,22,0
459313******6022,2015-05-15 18:22:16,154.0,No,0,0,,-1.0,,0.0,18,0
459313******6318,2015-05-26 12:30:12,138.0,No,0,0,,-1.0,,0.0,12,0
459313******6482,2015-05-18 15:24:25,44.8,No,0,0,,-1.0,,0.0,15,0
459313******6983,2015-05-29 19:47:34,46.0,No,0,0,,-1.0,,0.0,19,0
459313******7306,2015-05-11 21:35:45,78.4,No,0,0,,-1.0,,0.0,21,0
459313******7497,2015-05-11 13:10:43,77.0,No,0,0,,-1.0,,0.0,13,0
459313******7650,2015-05-12 20:34:06,123.3,No,0,0,,-1.0,,0.0,20,0
459313******7662,2015-05-14 08:24:22,360.0,No,0,0,,-1.0,,0.0,8,0
459313******7752,2015-05-21 20:03:08,46.0,No,0,0,,-1.0,,0.0,20,0
459313******8206,2015-05-29 17:12:17,34.5,No,0,0,,-1.0,,0.0,17,0
459313******8487,2015-05-14 14:56:53,132.0,No,0,0,,-1.0,,0.0,14,0
459313******8523,2015-05-19 10:48:53,10.0,No,0,0,,-1.0,,0.0,10,0
459313******8542,2015-05-14 10:57:11,154.0,No,0,0,,-1.0,,0.0,10,0
459313******8542,2015-05-15 17:02:39,198.0,No,0,0,2015-05-14 10:57:11,1805.4666666666667,154.0,0.2857142857142858,17,0
459313******9060,2015-05-21 10:25:34,80.5,No,0,0,,-1.0,,0.0,10,0
459313******9060,2015-05-22 13:33:40,80.5,No,0,0,2015-05-21 10:25:34,1628.1,80.5,0.0,13,0
459313******9316,2015-05-11 12:31:23,134.4,No,0,0,,-1.0,,0.0,12,0
459313******9588,2015-05-12 11:40:18,78.4,No,0,0,,-1.0,,0.0,11,0
459313******9726,2015-05-29 09:54:42,121.0,No,0,0,,-1.0,,0.0,9,0
459313******9757,2015-05-14 10:40:12,33.0,No,0,0,,-1.0,,0.0,10,0
459314******0168,2015-05-20 15:57:24,35.01,No,0,0,,-1.0,,0.0,15,0
459314******0951,2015-05-25 16:27:43,46.0,No,0,0,,-1.0,,0.0,16,0
459314******1107,2015-05-23 11:40:08,55.0,No,0,0,,-1.0,,0.0,11,0
459314******1571,2015-05-12 19:41:09,46.0,No,0,0,,-1.0,,0.0,19,0
459314******3047,2015-05-06 11:32:28,414.0,No,0,0,,-1.0,,0.0,11,0
459314******3304,2015-05-05 19:58:31,92.0,No,0,0,,-1.0,,0.0,19,0
459314******3507,2015-05-07 12:48:34,123.3,No,0,0,,-1.0,,0.0,12,0
459314******3881,2015-05-13 11:34:05,60.0,No,0,0,,-1.0,,0.0,11,0
459314******4639,2015-05-25 08:41:10,34.5,No,0,0,,-1.0,,0.0,8,0
459314******4639,2015-05-29 08:56:29,34.5,No,0,0,2015-05-25 08:41:10,5775.316666666667,34.5,0.0,8,0
459314******4810,2015-05-28 10:19:05,10.0,No,0,0,,-1.0,,0.0,10,0
459314******4890,2015-05-29 09:33:26,138.0,No,0,0,,-1.0,,0.0,9,0
459314******4977,2015-05-06 08:08:05,138.0,No,0,0,,-1.0,,0.0,8,0
459314******5862,2015-05-19 12:04:35,70.0,No,0,0,,-1.0,,0.0,12,0
459314******6099,2015-05-09 08:30:53,33.0,No,0,0,,-1.0,,0.0,8,0
459314******6127,2015-05-03 20:34:56,134.4,No,0,0,,-1.0,,0.0,20,0
459314******6700,2015-05-10 22:59:13,148.5,No,0,0,,-1.0,,0.0,22,0
459314******6813,2015-05-13 22:58:33,34.5,No,0,0,,-1.0,,0.0,22,0
459314******8640,2015-05-06 13:25:32,46.0,No,0,0,,-1.0,,0.0,13,0
459314******9146,2015-05-27 22:40:07,36.66,No,0,0,,-1.0,,0.0,22,0
459314******9479,2015-05-29 10:49:24,99.0,No,0,0,,-1.0,,0.0,10,0
459315******0068,2015-05-09 14:36:26,69.0,No,0,0,,-1.0,,0.0,14,0
459315******0556,2015-05-25 10:24:59,1460.0,No,0,0,,-1.0,,0.0,10,0
459315******1275,2015-05-11 17:34:01,67.2,No,0,0,,-1.0,,0.0,17,0
459315******2234,2015-05-08 18:51:17,92.0,No,0,0,,-1.0,,0.0,18,0
459315******2236,2015-05-15 15:16:03,308.0,No,0,0,,-1.0,,0.0,15,0
459315******2428,2015-05-05 20:23:08,121.0,No,0,0,,-1.0,,0.0,20,0
459315******2620,2015-05-13 22:25:34,154.0,No,0,0,,-1.0,,0.0,22,0
459315******2672,2015-05-13 23:09:36,345.5,No,0,0,,-1.0,,0.0,23,1
459315******2769,2015-05-03 13:35:15,143.0,No,0,0,,-1.0,,0.0,13,0
459315******3065,2015-05-08 02:55:51,110.0,No,0,0,,-1.0,,0.0,2,1
459315******3242,2015-05-04 19:12:32,515.2,No,0,0,,-1.0,,0.0,19,0
459315******3329,2015-05-11 12:54:32,224.0,No,0,0,,-1.0,,0.0,12,0
459315******4274,2015-05-17 22:21:37,89.6,No,0,0,,-1.0,,0.0,22,0
459315******4274,2015-05-23 11:41:11,112.0,No,0,0,2015-05-17 22:21:37,7999.566666666667,89.6,0.25,11,0
459315******4596,2015-05-05 15:54:53,143.0,No,0,0,,-1.0,,0.0,15,0
459315******4596,2015-05-28 02:15:52,99.0,No,0,0,2015-05-05 15:54:53,32300.983333333334,143.0,-0.3076923076923077,2,1
459315******4614,2015-05-15 18:15:20,99.0,No,0,0,,-1.0,,0.0,18,0
459315******4632,2015-05-29 15:26:12,138.0,No,0,0,,-1.0,,0.0,15,0
459315******4861,2015-05-28 14:40:52,67.2,No,0,0,,-1.0,,0.0,14,0
459315******4868,2015-05-14 13:29:32,230.0,No,0,0,,-1.0,,0.0,13,0
459315******4924,2015-05-12 15:41:11,69.0,No,0,0,,-1.0,,0.0,15,0
459315******5640,2015-05-27 18:10:13,172.5,No,0,0,,-1.0,,0.0,18,0
459315******5892,2015-05-14 03:52:42,145.6,No,0,0,,-1.0,,0.0,3,1
459315******5894,2015-05-11 16:35:28,154.0,No,0,0,,-1.0,,0.0,16,0
459315******5957,2015-05-15 20:32:39,112.0,No,0,0,,-1.0,,0.0,20,0
459315******5957,2015-05-19 13:39:17,89.6,No,0,0,2015-05-15 20:32:39,5346.633333333333,112.0,-0.20000000000000007,13,0
459315******6815,2015-05-12 15:42:59,46.0,No,0,0,,-1.0,,0.0,15,0
459315******7716,2015-05-13 11:02:48,145.6,No,0,0,,-1.0,,0.0,11,0
459315******7908,2015-05-22 12:26:35,46.0,No,0,0,,-1.0,,0.0,12,0
459315******8159,2015-05-26 08:10:58,280.0,No,0,0,,-1.0,,0.0,8,0
459315******8500,2015-05-05 21:49:54,143.0,No,0,0,,-1.0,,0.0,21,0
459315******9531,2015-05-01 11:06:34,110.0,No,0,0,,-1.0,,0.0,11,0
459315******9531,2015-05-21 23:12:00,132.0,No,0,0,2015-05-01 11:06:34,29525.433333333334,110.0,0.19999999999999996,23,1
459315******9794,2015-05-07 17:44:18,31.59,No,0,0,,-1.0,,0.0,17,0
459316******1113,2015-05-18 12:37:48,73.07,No,0,0,,-1.0,,0.0,12,0
459316******1354,2015-05-28 09:39:32,121.0,No,0,0,,-1.0,,0.0,9,0
459316******1725,2015-05-06 17:00:58,110.0,No,0,0,,-1.0,,0.0,17,0
459316******2594,2015-05-01 22:41:20,23.0,No,0,0,,-1.0,,0.0,22,0
459316******3091,2015-05-13 12:47:56,33.0,No,0,0,,-1.0,,0.0,12,0
459316******7537,2015-05-14 11:38:37,77.0,No,0,0,,-1.0,,0.0,11,0
459316******8964,2015-05-18 13:10:32,15.0,No,0,0,,-1.0,,0.0,13,0
459316******9189,2015-05-28 16:58:26,140.0,No,0,0,,-1.0,,0.0,16,0
459316******9438,2015-05-12 15:19:07,49.5,No,0,0,,-1.0,,0.0,15,0
459360******0442,2015-05-13 19:34:47,88.0,No,0,0,,-1.0,,0.0,19,0
459360******0451,2015-05-18 10:53:27,88.0,No,0,0,,-1.0,,0.0,10,0
459360******1443,2015-05-24 18:45:50,330.0,No,0,0,,-1.0,,0.0,18,0
459360******1815,2015-05-09 18:37:46,49.5,No,0,0,,-1.0,,0.0,18,0
459360******1908,2015-05-16 11:50:02,16.5,No,0,0,,-1.0,,0.0,11,0
459360******2115,2015-05-06 11:45:39,88.0,No,0,0,,-1.0,,0.0,11,0
459360******2115,2015-05-11 19:43:41,132.25,No,0,0,2015-05-06 11:45:39,7678.033333333334,88.0,0.5028409090909092,19,0
459360******2661,2015-05-12 22:16:26,34.5,No,0,0,,-1.0,,0.0,22,0
459360******2807,2015-05-14 15:50:04,176.0,No,0,0,,-1.0,,0.0,15,0
459360******2807,2015-05-21 14:10:09,83.0,No,0,0,2015-05-14 15:50:04,9980.083333333334,176.0,-0.5284090909090908,14,0
459360******3417,2015-05-19 14:14:40,138.0,No,0,0,,-1.0,,0.0,14,0
459360******5856,2015-05-14 14:12:35,110.0,No,0,0,,-1.0,,0.0,14,0
459360******6161,2015-05-15 20:54:42,23.0,No,0,0,,-1.0,,0.0,20,0
459360******6283,2015-05-25 13:12:35,37.8,No,0,0,,-1.0,,0.0,13,0
459360******6774,2015-05-14 11:27:13,115.0,No,0,0,,-1.0,,0.0,11,0
459360******8124,2015-05-07 20:26:55,16.5,No,0,0,,-1.0,,0.0,20,0
459360******9212,2015-05-26 13:29:56,99.0,No,0,0,,-1.0,,0.0,13,0
459360******9415,2015-05-11 22:59:40,165.0,No,0,0,,-1.0,,0.0,22,0
459380******4008,2015-05-08 17:16:01,66.0,Yes,1,0,,-1.0,,0.0,17,0
459380******4008,2015-05-08 17:17:19,132.0,Yes,1,1,2015-05-08 17:16:01,1.3,66.0,1.0,17,0
459380******4008,2015-05-08 17:18:17,132.0,Yes,1,2,2015-05-08 17:17:19,0.9666666666666667,99.0,0.33333333333333326,17,0
459385******2554,2015-05-02 23:31:54,92.0,No,0,0,,-1.0,,0.0,23,1
459450******2021,2015-05-28 22:36:46,46.0,No,0,0,,-1.0,,0.0,22,0
459450******2291,2015-05-15 15:02:56,99.0,No,0,0,,-1.0,,0.0,15,0
459450******2291,2015-05-15 15:31:08,99.0,No,0,1,2015-05-15 15:02:56,28.2,99.0,0.0,15,0
459450******2671,2015-05-05 20:57:49,230.0,No,0,0,,-1.0,,0.0,20,0
459450******2752,2015-05-11 22:12:10,220.0,No,0,0,,-1.0,,0.0,22,0
459450******2996,2015-05-21 00:09:48,165.0,No,0,0,,-1.0,,0.0,0,1
459450******4722,2015-05-09 12:42:03,33.0,No,0,0,,-1.0,,0.0,12,0
459450******6121,2015-05-15 22:44:32,120.0,No,0,0,,-1.0,,0.0,22,0
459450******6121,2015-05-15 22:45:51,60.89,No,0,1,2015-05-15 22:44:32,1.3166666666666667,120.0,-0.4925833333333334,22,0
459450******6121,2015-05-16 13:21:41,180.0,No,0,2,2015-05-15 22:45:51,875.8333333333334,90.445,0.9901597656034056,13,0
459450******6121,2015-05-16 13:23:10,180.0,No,0,3,2015-05-16 13:21:41,1.4833333333333334,120.29666666666667,0.4963008118817369,13,0
459450******6121,2015-05-16 13:24:29,182.69,No,0,4,2015-05-16 13:23:10,1.3166666666666667,135.2225,0.35103255745160755,13,0
459450******6121,2015-05-16 13:27:15,91.35,No,0,5,2015-05-16 13:24:29,2.7666666666666666,144.71599999999998,-0.36876364741977385,13,0
459450******9748,2015-05-09 19:37:21,69.0,No,0,0,,-1.0,,0.0,19,0
459450******9748,2015-05-29 21:29:58,88.0,No,0,0,2015-05-09 19:37:21,28912.616666666665,69.0,0.2753623188405796,21,0
459450******9748,2015-05-29 21:33:08,154.0,No,0,1,2015-05-29 21:29:58,3.1666666666666665,78.5,0.9617834394904459,21,0
459946******5241,2015-05-11 13:12:24,44.8,No,0,0,,-1.0,,0.0,13,0
459946******6602,2015-05-11 14:26:09,154.0,No,0,0,,-1.0,,0.0,14,0
459946******7295,2015-05-15 13:51:55,154.0,No,0,0,,-1.0,,0.0,13,0
460034******0116,2015-05-04 14:13:10,31.59,No,0,0,,-1.0,,0.0,14,0
460034******1623,2015-05-18 08:26:19,112.86,No,0,0,,-1.0,,0.0,8,0
463312******4279,2015-05-18 19:56:00,67.5,No,0,0,,-1.0,,0.0,19,0
463312******4855,2015-05-14 14:38:38,198.0,No,0,0,,-1.0,,0.0,14,0
463312******6048,2015-05-29 00:31:40,20.0,No,0,0,,-1.0,,0.0,0,1
463312******8986,2015-05-04 16:19:31,66.0,No,0,0,,-1.0,,0.0,16,0
463312******8986,2015-05-04 16:30:24,77.0,No,0,1,2015-05-04 16:19:31,10.883333333333333,66.0,0.16666666666666674,16,0
463312******9278,2015-05-07 17:31:06,78.4,No,0,0,,-1.0,,0.0,17,0
463312******9338,2015-05-18 17:20:49,26.5,No,0,0,,-1.0,,0.0,17,0
464294******4224,2015-05-11 18:48:11,201.25,No,0,0,,-1.0,,0.0,18,0
464294******5849,2015-05-29 10:43:57,46.0,No,0,0,,-1.0,,0.0,10,0
464296******3107,2015-05-28 19:46:59,172.5,Yes,1,0,,-1.0,,0.0,19,0
464296******3107,2015-05-28 19:48:00,172.5,Yes,1,1,2015-05-28 19:46:59,1.0166666666666666,172.5,0.0,19,0
464296******3107,2015-05-28 19:48:57,172.5,Yes,1,2,2015-05-28 19:48:00,0.95,172.5,0.0,19,0
464296******3107,2015-05-28 19:50:24,172.5,Yes,1,3,2015-05-28 19:48:57,1.45,172.5,0.0,19,0
464296******3107,2015-05-28 19:51:33,172.5,Yes,1,4,2015-05-28 19:50:24,1.15,172.5,0.0,19,0
465763******3714,2015-05-23 19:05:38,10.0,No,0,0,,-1.0,,0.0,19,0
466079******4422,2015-05-01 15:49:29,143.0,No,0,0,,-1.0,,0.0,15,0
467112******3615,2015-05-08 22:13:33,143.0,No,0,0,,-1.0,,0.0,22,0
467112******3615,2015-05-11 15:02:48,78.4,No,0,0,2015-05-08 22:13:33,3889.25,143.0,-0.45174825174825173,15,0
467112******5173,2015-05-12 18:40:39,154.0,No,0,0,,-1.0,,0.0,18,0
467112******5173,2015-05-15 13:55:06,154.0,No,0,0,2015-05-12 18:40:39,4034.45,154.0,0.0,13,0
467112******8554,2015-05-12 12:02:59,156.8,No,0,0,,-1.0,,0.0,12,0
467148******6284,2015-05-13 09:26:03,49.63,No,0,0,,-1.0,,0.0,9,0
467149******0347,2015-05-06 17:24:47,57.5,No,0,0,,-1.0,,0.0,17,0
467149******2160,2015-05-19 21:00:03,138.0,No,0,0,,-1.0,,0.0,21,0
467149******9361,2015-05-20 10:29:24,69.0,No,0,0,,-1.0,,0.0,10,0
467793******0978,2015-05-19 12:15:45,23.0,No,0,0,,-1.0,,0.0,12,0
467793******2373,2015-05-07 12:45:34,286.0,No,0,0,,-1.0,,0.0,12,0
467793******2998,2015-05-19 11:46:52,30.0,No,0,0,,-1.0,,0.0,11,0
467793******6620,2015-05-19 18:54:53,110.0,No,0,0,,-1.0,,0.0,18,0
467793******7334,2015-05-04 21:18:10,154.0,No,0,0,,-1.0,,0.0,21,0
469893******4526,2015-05-12 12:07:57,154.0,No,0,0,,-1.0,,0.0,12,0
469893******5652,2015-05-18 17:29:46,69.0,No,0,0,,-1.0,,0.0,17,0
469893******5652,2015-05-21 12:30:49,34.5,No,0,0,2015-05-18 17:29:46,4021.05,69.0,-0.5,12,0
470598******0083,2015-05-13 20:47:49,154.0,No,0,0,,-1.0,,0.0,20,0
470598******0092,2015-05-12 17:43:23,145.6,No,0,0,,-1.0,,0.0,17,0
470598******0216,2015-05-06 21:30:34,55.0,No,0,0,,-1.0,,0.0,21,0
470598******0339,2015-05-16 19:03:13,91.35,No,0,0,,-1.0,,0.0,19,0
470598******0493,2015-05-05 23:09:05,24.0,No,0,0,,-1.0,,0.0,23,1
470598******0538,2015-05-15 17:25:03,100.0,No,0,0,,-1.0,,0.0,17,0
470598******0546,2015-05-29 15:12:59,20.0,No,0,0,,-1.0,,0.0,15,0
470598******0969,2015-05-12 10:52:59,184.0,No,0,0,,-1.0,,0.0,10,0
470598******1001,2015-05-07 18:50:35,495.0,No,0,0,,-1.0,,0.0,18,0
470598******1101,2015-05-20 18:38:28,83.0,No,0,0,,-1.0,,0.0,18,0
470598******1181,2015-05-06 09:42:16,132.0,No,0,0,,-1.0,,0.0,9,0
470598******1181,2015-05-06 09:44:14,132.0,No,0,1,2015-05-06 09:42:16,1.9666666666666666,132.0,0.0,9,0
470598******1238,2015-05-02 16:09:21,143.0,No,0,0,,-1.0,,0.0,16,0
470598******1264,2015-05-13 13:57:55,154.0,No,0,0,,-1.0,,0.0,13,0
470598******1313,2015-05-15 22:23:42,132.0,No,0,0,,-1.0,,0.0,22,0
470598******1507,2015-05-18 15:46:03,132.0,No,0,0,,-1.0,,0.0,15,0
470598******1714,2015-05-07 14:20:27,484.0,No,0,0,,-1.0,,0.0,14,0
470598******1876,2015-05-12 13:20:38,132.0,No,0,0,,-1.0,,0.0,13,0
470598******1950,2015-05-20 15:29:40,15.0,No,0,0,,-1.0,,0.0,15,0
470598******2060,2015-05-09 13:43:38,34.5,No,0,0,,-1.0,,0.0,13,0
470598******2108,2015-05-20 13:20:26,198.0,No,0,0,,-1.0,,0.0,13,0
470598******2108,2015-05-21 11:42:05,77.0,No,0,1,2015-05-20 13:20:26,1341.65,198.0,-0.6111111111111112,11,0
470598******3054,2015-05-09 22:23:55,273.0,No,0,0,,-1.0,,0.0,22,0
470598******3054,2015-05-16 12:22:11,136.5,No,0,0,2015-05-09 22:23:55,9478.266666666666,273.0,-0.5,12,0
470598******3163,2015-05-26 08:41:55,92.0,No,0,0,,-1.0,,0.0,8,0
470598******3294,2015-05-13 16:13:11,27.5,No,0,0,,-1.0,,0.0,16,0
470598******3477,2015-05-28 13:02:21,30.0,No,0,0,,-1.0,,0.0,13,0
470598******3646,2015-05-15 11:53:31,145.6,No,0,0,,-1.0,,0.0,11,0
470598******3707,2015-05-13 22:09:16,172.75,No,0,0,,-1.0,,0.0,22,0
470598******3751,2015-05-22 15:40:59,34.5,No,0,0,,-1.0,,0.0,15,0
470598******3797,2015-05-11 22:12:25,45.2,No,0,0,,-1.0,,0.0,22,0
470598******3797,2015-05-28 21:48:08,67.2,No,0,0,2015-05-11 22:12:25,24455.716666666667,45.2,0.486725663716814,21,0
470598******3800,2015-05-19 11:07:09,179.2,No,0,0,,-1.0,,0.0,11,0
470598******3821,2015-05-13 13:30:19,16.5,No,0,0,,-1.0,,0.0,13,0
470598******3910,2015-05-25 18:17:30,20.0,No,0,0,,-1.0,,0.0,18,0
470598******4026,2015-05-14 10:18:03,145.6,No,0,0,,-1.0,,0.0,10,0
470598******4174,2015-05-16 19:41:51,275.0,No,0,0,,-1.0,,0.0,19,0
470598******4692,2015-05-24 08:48:43,10.0,No,0,0,,-1.0,,0.0,8,0
470598******4701,2015-05-13 20:28:31,145.6,No,0,0,,-1.0,,0.0,20,0
470598******4897,2015-05-25 14:03:40,630.0,No,0,0,,-1.0,,0.0,14,0
470598******4897,2015-05-25 14:42:46,630.0,No,0,1,2015-05-25 14:03:40,39.1,630.0,0.0,14,0
470598******5077,2015-05-19 08:18:20,64.19,No,0,0,,-1.0,,0.0,8,0
470598******5149,2015-05-25 10:10:16,630.0,No,0,0,,-1.0,,0.0,10,0
470598******5268,2015-05-29 14:57:32,110.0,No,0,0,,-1.0,,0.0,14,0
470598******5297,2015-05-29 18:53:30,110.0,No,0,0,,-1.0,,0.0,18,0
470598******5306,2015-05-15 18:55:20,154.0,No,0,0,,-1.0,,0.0,18,0
470598******5574,2015-05-11 21:09:47,77.0,No,0,0,,-1.0,,0.0,21,0
470598******5624,2015-05-07 10:36:22,115.5,No,0,0,,-1.0,,0.0,10,0
470598******6220,2015-05-19 18:00:03,63.25,No,0,0,,-1.0,,0.0,18,0
470598******6272,2015-05-24 20:16:31,161.0,No,0,0,,-1.0,,0.0,20,0
470598******6301,2015-05-01 19:43:59,159.5,No,0,0,,-1.0,,0.0,19,0
470598******6301,2015-05-19 13:43:01,165.0,No,0,0,2015-05-01 19:43:59,25559.033333333333,159.5,0.034482758620689724,13,0
470598******6359,2015-05-29 20:40:33,88.0,No,0,0,,-1.0,,0.0,20,0
470598******6465,2015-05-16 18:18:20,46.0,No,0,0,,-1.0,,0.0,18,0
470598******6590,2015-05-11 22:10:53,89.6,No,0,0,,-1.0,,0.0,22,0
470598******6615,2015-05-04 23:24:22,23.0,No,0,0,,-1.0,,0.0,23,1
470598******7046,2015-05-11 14:00:06,308.0,No,0,0,,-1.0,,0.0,14,0
470598******7132,2015-05-13 22:49:36,124.2,No,0,0,,-1.0,,0.0,22,0
470598******7351,2015-05-29 12:09:50,10.0,No,0,0,,-1.0,,0.0,12,0
470598******7419,2015-05-15 12:54:37,104.5,No,0,0,,-1.0,,0.0,12,0
470598******7598,2015-05-12 13:32:02,89.6,No,0,0,,-1.0,,0.0,13,0
470598******7812,2015-05-08 11:43:16,451.0,No,0,0,,-1.0,,0.0,11,0
470598******7930,2015-05-25 15:08:32,92.0,No,0,0,,-1.0,,0.0,15,0
470598******7930,2015-05-25 15:24:35,92.0,No,0,1,2015-05-25 15:08:32,16.05,92.0,0.0,15,0
470598******7975,2015-05-30 10:16:03,360.0,No,0,0,,-1.0,,0.0,10,0
470598******8025,2015-05-08 11:07:56,55.0,No,0,0,,-1.0,,0.0,11,0
470598******8057,2015-05-04 09:33:38,168.0,No,0,0,,-1.0,,0.0,9,0
470598******8279,2015-05-25 19:38:46,176.0,No,0,0,,-1.0,,0.0,19,0
470598******8297,2015-05-29 16:17:51,345.0,No,0,0,,-1.0,,0.0,16,0
470598******8303,2015-05-22 17:48:58,10.0,No,0,0,,-1.0,,0.0,17,0
470598******8360,2015-05-29 13:28:13,132.0,No,0,0,,-1.0,,0.0,13,0
470598******8442,2015-05-12 09:32:55,104.5,No,0,0,,-1.0,,0.0,9,0
470598******8597,2015-05-29 08:49:27,34.5,No,0,0,,-1.0,,0.0,8,0
470598******8652,2015-05-01 14:51:10,286.0,No,0,0,,-1.0,,0.0,14,0
470598******8813,2015-05-13 19:37:36,134.4,No,0,0,,-1.0,,0.0,19,0
470598******8906,2015-05-13 17:24:23,77.0,No,0,0,,-1.0,,0.0,17,0
470598******9360,2015-05-12 11:56:00,92.0,No,0,0,,-1.0,,0.0,11,0
470598******9453,2015-05-14 21:29:17,70.0,No,0,0,,-1.0,,0.0,21,0
470598******9596,2015-05-27 22:08:33,121.0,No,0,0,,-1.0,,0.0,22,0
470598******9596,2015-05-27 22:24:22,132.0,No,0,1,2015-05-27 22:08:33,15.816666666666666,121.0,0.09090909090909083,22,0
470598******9843,2015-05-14 15:51:15,132.0,No,0,0,,-1.0,,0.0,15,0
471746******1003,2015-05-07 10:12:55,60.0,No,0,0,,-1.0,,0.0,10,0
474512******2972,2015-05-13 13:12:44,133.21,No,0,0,,-1.0,,0.0,13,0
474512******5031,2015-05-27 23:48:56,134.4,No,0,0,,-1.0,,0.0,23,1
474512******6723,2015-05-08 01:43:04,77.0,No,0,0,,-1.0,,0.0,1,1
474512******9815,2015-05-20 09:46:35,13.5,No,0,0,,-1.0,,0.0,9,0
474525******1198,2015-05-19 11:41:26,153.0,No,0,0,,-1.0,,0.0,11,0
474525******3523,2015-05-19 13:31:07,103.5,No,0,0,,-1.0,,0.0,13,0
474525******8842,2015-05-07 11:05:52,291.5,No,0,0,,-1.0,,0.0,11,0
474538******6674,2015-05-25 13:00:24,207.0,No,0,0,,-1.0,,0.0,13,0
474539******0260,2015-05-23 23:14:11,154.0,No,0,0,,-1.0,,0.0,23,1
474539******0466,2015-05-12 23:04:17,154.0,No,0,0,,-1.0,,0.0,23,1
474539******2288,2015-05-21 19:24:04,23.0,No,0,0,,-1.0,,0.0,19,0
474539******2548,2015-05-20 16:01:07,10.0,No,0,0,,-1.0,,0.0,16,0
474539******3552,2015-05-11 12:01:17,44.8,No,0,0,,-1.0,,0.0,12,0
474539******3742,2015-05-30 19:42:44,140.0,No,0,0,,-1.0,,0.0,19,0
474539******3742,2015-05-30 19:42:44,140.0,No,0,0,2015-05-30 19:42:44,0.0,140.0,0.0,19,0
474539******4216,2015-05-08 22:33:47,201.6,No,0,0,,-1.0,,0.0,22,0
474539******4257,2015-05-14 21:57:41,154.0,No,0,0,,-1.0,,0.0,21,0
474539******5150,2015-05-07 11:42:08,184.0,No,0,0,,-1.0,,0.0,11,0
474539******5340,2015-05-11 14:29:07,258.5,No,0,0,,-1.0,,0.0,14,0
474539******6063,2015-05-07 09:50:02,201.6,No,0,0,,-1.0,,0.0,9,0
474539******6089,2015-05-21 07:42:52,25.0,No,0,0,,-1.0,,0.0,7,0
474539******6256,2015-05-12 00:13:04,78.4,No,0,0,,-1.0,,0.0,0,1
474539******6256,2015-05-12 11:16:54,78.4,No,0,1,2015-05-12 00:13:04,663.8333333333334,78.4,0.0,11,0
474539******6420,2015-05-05 22:48:03,46.0,No,0,0,,-1.0,,0.0,22,0
474539******8720,2015-05-23 14:22:42,235.2,No,0,0,,-1.0,,0.0,14,0
474539******9476,2015-05-08 00:58:39,55.0,No,0,0,,-1.0,,0.0,0,1
474539******9806,2015-05-23 17:34:24,10.0,No,0,0,,-1.0,,0.0,17,0
474539******9859,2015-05-07 21:22:56,59.99,No,0,0,,-1.0,,0.0,21,0
476331******0140,2015-05-25 15:51:00,630.0,No,0,0,,-1.0,,0.0,15,0
476331******4223,2015-05-19 19:04:05,187.0,No,0,0,,-1.0,,0.0,19,0
476331******7128,2015-05-19 21:20:13,66.0,No,0,0,,-1.0,,0.0,21,0
476331******7134,2015-05-30 16:18:01,280.0,No,0,0,,-1.0,,0.0,16,0
476331******7134,2015-05-30 16:18:01,280.0,No,0,0,2015-05-30 16:18:01,0.0,280.0,0.0,16,0
476331******8114,2015-05-14 02:53:43,154.0,No,0,0,,-1.0,,0.0,2,1
476331******9219,2015-05-13 15:48:05,35.2,No,0,0,,-1.0,,0.0,15,0
476506******2119,2015-05-11 21:57:57,179.2,No,0,0,,-1.0,,0.0,21,0
476506******5138,2015-05-04 13:11:54,27.63,No,0,0,,-1.0,,0.0,13,0
476508******1112,2015-05-19 23:06:23,143.0,No,0,0,,-1.0,,0.0,23,1
476508******1196,2015-05-28 22:00:22,88.0,No,0,0,,-1.0,,0.0,22,0
476508******9320,2015-05-28 17:23:29,34.5,No,0,0,,-1.0,,0.0,17,0
476608******0102,2015-05-21 01:16:52,20.0,No,0,0,,-1.0,,0.0,1,1
476608******0106,2015-05-11 11:34:56,165.0,No,0,0,,-1.0,,0.0,11,0
476608******0200,2015-05-06 15:02:43,34.5,No,0,0,,-1.0,,0.0,15,0
476608******0203,2015-05-11 17:46:44,275.0,No,0,0,,-1.0,,0.0,17,0
476608******0203,2015-05-30 12:02:28,201.6,No,0,0,2015-05-11 17:46:44,27015.733333333334,275.0,-0.266909090909091,12,0
476608******1105,2015-05-23 11:09:19,10.0,No,0,0,,-1.0,,0.0,11,0
476608******1107,2015-05-21 20:43:29,5.0,No,0,0,,-1.0,,0.0,20,0
476608******1107,2015-05-21 20:55:50,5.0,No,0,1,2015-05-21 20:43:29,12.35,5.0,0.0,20,0
476608******1401,2015-05-29 14:41:39,35.53,No,0,0,,-1.0,,0.0,14,0
476608******2103,2015-05-20 08:38:22,13.5,No,0,0,,-1.0,,0.0,8,0
476608******2107,2015-05-15 14:01:27,77.0,No,0,0,,-1.0,,0.0,14,0
476608******2201,2015-05-21 23:32:15,69.0,No,0,0,,-1.0,,0.0,23,1
476608******2239,2015-05-09 16:30:12,123.2,No,0,0,,-1.0,,0.0,16,0
476608******3101,2015-05-21 11:47:31,110.0,No,0,0,,-1.0,,0.0,11,0
476608******3107,2015-05-15 10:34:20,99.0,No,0,0,,-1.0,,0.0,10,0
476608******3204,2015-05-11 12:13:22,336.0,No,0,0,,-1.0,,0.0,12,0
476608******5103,2015-05-09 11:30:28,268.8,No,0,0,,-1.0,,0.0,11,0
476608******5128,2015-05-10 21:46:27,148.5,No,0,0,,-1.0,,0.0,21,0
476608******6102,2015-05-26 18:21:04,92.0,No,0,0,,-1.0,,0.0,18,0
476608******8107,2015-05-23 21:18:40,15.0,No,0,0,,-1.0,,0.0,21,0
476608******8107,2015-05-23 21:30:28,10.0,No,0,1,2015-05-23 21:18:40,11.8,15.0,-0.33333333333333337,21,0
476608******8204,2015-05-23 22:00:39,20.0,No,0,0,,-1.0,,0.0,22,0
476608******8204,2015-05-30 12:54:58,848.0,No,0,0,2015-05-23 22:00:39,9534.316666666668,20.0,41.4,12,0
476608******8207,2015-05-12 17:01:17,34.5,No,0,0,,-1.0,,0.0,17,0
476608******8305,2015-05-23 20:20:43,134.4,No,0,0,,-1.0,,0.0,20,0
476608******9304,2015-05-16 14:46:57,275.0,No,0,0,,-1.0,,0.0,14,0
477128******0323,2015-05-15 14:18:02,104.5,No,0,0,,-1.0,,0.0,14,0
477128******0380,2015-05-04 21:57:03,209.0,No,0,0,,-1.0,,0.0,21,0
477128******0683,2015-05-15 14:27:05,121.0,No,0,0,,-1.0,,0.0,14,0
477128******1858,2015-05-12 00:11:12,104.5,No,0,0,,-1.0,,0.0,0,1
477128******3324,2015-05-06 09:54:51,462.0,No,0,0,,-1.0,,0.0,9,0
477128******4391,2015-05-05 18:28:55,34.5,No,0,0,,-1.0,,0.0,18,0
477128******4829,2015-05-25 12:12:28,112.0,No,0,0,,-1.0,,0.0,12,0
477128******5486,2015-05-06 17:15:08,34.5,No,0,0,,-1.0,,0.0,17,0
477128******5486,2015-05-08 16:14:04,34.5,No,0,0,2015-05-06 17:15:08,2818.9333333333334,34.5,0.0,16,0
477128******5567,2015-05-13 19:37:06,134.4,No,0,0,,-1.0,,0.0,19,0
477128******7796,2015-05-07 11:40:36,176.0,No,0,0,,-1.0,,0.0,11,0
477128******7796,2015-05-25 21:45:02,69.0,No,0,0,2015-05-07 11:40:36,26524.433333333334,176.0,-0.6079545454545454,21,0
477128******8659,2015-05-09 02:53:22,143.0,No,0,0,,-1.0,,0.0,2,1
477129******1859,2015-05-02 14:40:33,220.0,No,0,0,,-1.0,,0.0,14,0
477129******4513,2015-05-09 18:19:19,224.0,No,0,0,,-1.0,,0.0,18,0
477129******5707,2015-05-22 21:04:03,33.0,No,0,0,,-1.0,,0.0,21,0
477129******8286,2015-05-12 13:04:41,156.8,No,0,0,,-1.0,,0.0,13,0
477129******8286,2015-05-21 22:18:38,67.2,No,0,0,2015-05-12 13:04:41,13513.95,156.8,-0.5714285714285714,22,0
477176******0015,2015-05-29 12:22:15,121.0,No,0,0,,-1.0,,0.0,12,0
477176******4530,2015-05-19 17:21:27,89.6,No,0,0,,-1.0,,0.0,17,0
477176******8874,2015-05-30 09:17:22,132.0,No,0,0,,-1.0,,0.0,9,0
477250******6517,2015-05-16 17:25:01,16.5,No,0,0,,-1.0,,0.0,17,0
477272******0979,2015-05-12 23:18:37,145.6,No,0,0,,-1.0,,0.0,23,1
477272******1560,2015-05-23 15:30:29,95.2,No,0,0,,-1.0,,0.0,15,0
477272******2302,2015-05-18 21:24:37,52.07,No,0,0,,-1.0,,0.0,21,0
477272******3701,2015-05-08 17:17:36,201.6,No,0,0,,-1.0,,0.0,17,0
477272******5312,2015-05-12 21:32:03,123.3,No,0,0,,-1.0,,0.0,21,0
477272******5872,2015-05-10 14:52:42,143.0,No,0,0,,-1.0,,0.0,14,0
479395******0249,2015-05-05 16:37:59,143.0,No,0,0,,-1.0,,0.0,16,0
479395******1175,2015-05-21 14:48:04,55.0,No,0,0,,-1.0,,0.0,14,0
479395******1945,2015-05-22 00:55:31,34.5,No,0,0,,-1.0,,0.0,0,1
479395******3229,2015-05-11 17:33:49,414.4,No,0,0,,-1.0,,0.0,17,0
479395******3907,2015-05-30 14:59:19,190.4,No,0,0,,-1.0,,0.0,14,0
479395******3907,2015-05-30 14:59:19,190.4,No,0,0,2015-05-30 14:59:19,0.0,190.4,0.0,14,0
479395******4366,2015-05-28 11:36:17,121.0,No,0,0,,-1.0,,0.0,11,0
479395******4531,2015-05-17 14:35:13,92.0,No,0,0,,-1.0,,0.0,14,0
479395******4710,2015-05-23 13:52:56,20.0,No,0,0,,-1.0,,0.0,13,0
479395******4742,2015-05-29 11:59:18,280.0,No,0,0,,-1.0,,0.0,11,0
479395******4885,2015-05-06 20:22:52,143.0,No,0,0,,-1.0,,0.0,20,0
479395******4926,2015-05-18 10:46:45,69.0,No,0,0,,-1.0,,0.0,10,0
479395******5357,2015-05-10 19:38:21,36.54,No,0,0,,-1.0,,0.0,19,0
479395******6091,2015-05-20 16:54:04,15.0,No,0,0,,-1.0,,0.0,16,0
479395******6133,2015-05-08 18:25:07,216.0,No,0,0,,-1.0,,0.0,18,0
479395******6133,2015-05-12 21:02:01,60.0,No,0,0,2015-05-08 18:25:07,5916.9,216.0,-0.7222222222222222,21,0
479395******6133,2015-05-27 23:09:54,77.0,No,0,0,2015-05-12 21:02:01,21727.883333333335,138.0,-0.44202898550724634,23,1
479395******6177,2015-05-09 18:50:13,66.0,No,0,0,,-1.0,,0.0,18,0
479395******7193,2015-05-18 19:04:18,80.5,No,0,0,,-1.0,,0.0,19,0
479395******8759,2015-05-12 23:01:51,46.0,No,0,0,,-1.0,,0.0,23,1
479395******9250,2015-05-25 18:53:30,20.0,No,0,0,,-1.0,,0.0,18,0
479395******9292,2015-05-12 13:58:34,99.0,No,0,0,,-1.0,,0.0,13,0
479395******9404,2015-05-12 17:41:00,154.0,No,0,0,,-1.0,,0.0,17,0
479395******9889,2015-05-13 13:40:26,62.1,No,0,0,,-1.0,,0.0,13,0
482108******6016,2015-05-30 22:55:35,33.0,No,0,0,,-1.0,,0.0,22,0
482108******6016,2015-05-30 22:55:35,33.0,No,0,0,2015-05-30 22:55:35,0.0,33.0,0.0,22,0
482425******0103,2015-05-05 19:00:56,23.0,No,0,0,,-1.0,,0.0,19,0
482425******2104,2015-05-15 19:27:13,16.5,No,0,0,,-1.0,,0.0,19,0
482425******3103,2015-05-01 19:21:34,64.51,No,0,0,,-1.0,,0.0,19,0
482425******3104,2015-05-07 10:32:10,115.5,No,0,0,,-1.0,,0.0,10,0
482425******3109,2015-05-07 16:28:17,88.0,No,0,0,,-1.0,,0.0,16,0
482425******3109,2015-05-15 10:12:46,60.0,No,0,0,2015-05-07 16:28:17,11144.483333333334,88.0,-0.31818181818181823,10,0
482425******3109,2015-05-19 13:09:29,166.0,No,0,0,2015-05-15 10:12:46,5936.716666666666,74.0,1.2432432432432434,13,0
482425******4120,2015-05-06 14:18:25,132.0,No,0,0,,-1.0,,0.0,14,0
482425******6108,2015-05-16 20:29:32,274.38,No,0,0,,-1.0,,0.0,20,0
482425******7103,2015-05-04 23:48:48,179.2,No,0,0,,-1.0,,0.0,23,1
482425******9102,2015-05-13 13:31:47,49.43,No,0,0,,-1.0,,0.0,13,0
482425******9104,2015-05-07 16:45:24,73.34,No,0,0,,-1.0,,0.0,16,0
482425******9108,2015-05-28 19:34:51,156.8,No,0,0,,-1.0,,0.0,19,0
482447******1887,2015-05-06 00:06:40,143.0,No,0,0,,-1.0,,0.0,0,1
482447******2067,2015-05-25 21:26:06,112.0,No,0,0,,-1.0,,0.0,21,0
482447******2695,2015-05-29 14:55:21,30.0,No,0,0,,-1.0,,0.0,14,0
482447******7676,2015-05-12 17:15:57,308.0,No,0,0,,-1.0,,0.0,17,0
483042******0208,2015-05-28 16:27:37,99.0,No,0,0,,-1.0,,0.0,16,0
483042******1222,2015-05-22 22:40:47,242.0,No,0,0,,-1.0,,0.0,22,0
483042******2109,2015-05-11 22:35:10,78.4,No,0,0,,-1.0,,0.0,22,0
483042******2109,2015-05-21 22:04:52,121.0,No,0,0,2015-05-11 22:35:10,14369.7,78.4,0.5433673469387754,22,0
483042******3105,2015-05-11 16:31:36,44.8,No,0,0,,-1.0,,0.0,16,0
483042******3109,2015-05-15 17:56:04,154.0,No,0,0,,-1.0,,0.0,17,0
483042******3136,2015-05-04 18:14:35,66.0,No,0,0,,-1.0,,0.0,18,0
483042******4104,2015-05-15 21:52:57,582.4,No,0,0,,-1.0,,0.0,21,0
483042******4104,2015-05-15 22:00:41,145.6,No,0,1,2015-05-15 21:52:57,7.733333333333333,582.4,-0.75,22,0
483042******4107,2015-05-11 15:26:13,224.0,No,0,0,,-1.0,,0.0,15,0
483042******4107,2015-05-12 22:39:48,104.5,No,0,0,2015-05-11 15:26:13,1873.5833333333333,224.0,-0.5334821428571428,22,0
483042******4203,2015-05-08 11:54:31,198.0,No,0,0,,-1.0,,0.0,11,0
483042******4306,2015-05-18 22:34:55,121.0,No,0,0,,-1.0,,0.0,22,0
483042******5105,2015-05-12 14:17:04,154.0,No,0,0,,-1.0,,0.0,14,0
483042******5105,2015-05-29 16:38:27,132.0,No,0,0,2015-05-12 14:17:04,24621.383333333335,154.0,-0.1428571428571429,16,0
483042******6207,2015-05-29 14:38:46,46.0,No,0,0,,-1.0,,0.0,14,0
483042******7201,2015-05-13 08:38:46,77.0,No,0,0,,-1.0,,0.0,8,0
483042******8201,2015-05-12 11:12:39,78.4,No,0,0,,-1.0,,0.0,11,0
483042******9104,2015-05-06 22:52:51,90.4,No,0,0,,-1.0,,0.0,22,0
483042******9104,2015-05-30 19:48:35,89.6,No,0,0,2015-05-06 22:52:51,34375.73333333333,90.4,-0.008849557522124019,19,0
483042******9104,2015-05-30 19:48:35,89.6,No,0,0,2015-05-30 19:48:35,0.0,90.0,-0.004444444444444473,19,0
483066******3055,2015-05-28 14:09:25,23.0,No,0,0,,-1.0,,0.0,14,0
484132******2119,2015-05-08 21:11:04,23.0,No,0,0,,-1.0,,0.0,21,0
484132******6128,2015-05-22 13:34:01,51.9,No,0,0,,-1.0,,0.0,13,0
484132******8129,2015-05-17 14:50:32,115.09,No,0,0,,-1.0,,0.0,14,0
484132******9112,2015-05-18 09:38:14,75.6,No,0,0,,-1.0,,0.0,9,0
484132******9113,2015-05-20 17:28:43,151.2,No,0,0,,-1.0,,0.0,17,0
489391******0245,2015-05-07 22:36:40,99.0,No,0,0,,-1.0,,0.0,22,0
489391******0269,2015-05-06 23:10:07,313.6,No,0,0,,-1.0,,0.0,23,1
489391******0812,2015-05-05 17:01:46,253.0,No,0,0,,-1.0,,0.0,17,0
489391******0975,2015-05-11 13:43:42,156.8,No,0,0,,-1.0,,0.0,13,0
489391******1533,2015-05-24 12:46:30,112.0,No,0,0,,-1.0,,0.0,12,0
489391******1579,2015-05-15 22:09:59,123.3,No,0,0,,-1.0,,0.0,22,0
489391******1774,2015-05-08 22:14:39,45.2,No,0,0,,-1.0,,0.0,22,0
489391******1919,2015-05-15 14:35:44,77.0,No,0,0,,-1.0,,0.0,14,0
489391******2028,2015-05-04 07:34:56,322.0,No,0,0,,-1.0,,0.0,7,0
489391******2149,2015-05-28 16:49:51,88.0,No,0,0,,-1.0,,0.0,16,0
489391******2188,2015-05-20 22:24:12,112.0,No,0,0,,-1.0,,0.0,22,0
489391******2733,2015-05-13 19:57:19,275.0,No,0,0,,-1.0,,0.0,19,0
489391******3475,2015-05-25 14:53:17,70.03,No,0,0,,-1.0,,0.0,14,0
489391******3906,2015-05-13 13:51:26,134.4,No,0,0,,-1.0,,0.0,13,0
489391******4237,2015-05-13 16:41:17,176.0,No,0,0,,-1.0,,0.0,16,0
489391******4252,2015-05-17 17:43:02,67.2,No,0,0,,-1.0,,0.0,17,0
489391******4408,2015-05-19 14:33:50,95.91,No,0,0,,-1.0,,0.0,14,0
489391******4621,2015-05-07 22:45:50,88.0,No,0,0,,-1.0,,0.0,22,0
489391******4641,2015-05-07 10:03:08,352.0,No,0,0,,-1.0,,0.0,10,0
489391******4761,2015-05-17 14:31:52,34.5,No,0,0,,-1.0,,0.0,14,0
489391******4761,2015-05-21 11:40:55,69.0,No,0,0,2015-05-17 14:31:52,5589.05,34.5,1.0,11,0
489391******4895,2015-05-28 23:36:59,34.5,No,0,0,,-1.0,,0.0,23,1
489391******5093,2015-05-11 16:17:08,156.8,No,0,0,,-1.0,,0.0,16,0
489391******5199,2015-05-06 15:10:33,103.5,No,0,0,,-1.0,,0.0,15,0
489391******5442,2015-05-25 21:02:08,20.0,No,0,0,,-1.0,,0.0,21,0
489391******5659,2015-05-23 21:47:30,40.0,No,0,0,,-1.0,,0.0,21,0
489391******5809,2015-05-20 18:51:45,20.0,No,0,0,,-1.0,,0.0,18,0
489391******5843,2015-05-15 20:09:57,184.0,No,0,0,,-1.0,,0.0,20,0
489391******6305,2015-05-25 21:18:48,134.4,No,0,0,,-1.0,,0.0,21,0
489391******6599,2015-05-08 19:27:24,231.0,No,0,0,,-1.0,,0.0,19,0
489391******6626,2015-05-20 23:29:01,69.0,No,0,0,,-1.0,,0.0,23,1
489391******6765,2015-05-18 15:38:52,46.0,No,0,0,,-1.0,,0.0,15,0
489391******6858,2015-05-07 22:06:25,34.5,No,0,0,,-1.0,,0.0,22,0
489391******6993,2015-05-12 07:30:57,156.8,No,0,0,,-1.0,,0.0,7,0
489391******7497,2015-05-29 09:23:08,126.5,No,0,0,,-1.0,,0.0,9,0
489391******7838,2015-05-29 13:49:14,132.0,No,0,0,,-1.0,,0.0,13,0
489391******8133,2015-05-14 11:59:47,156.8,No,0,0,,-1.0,,0.0,11,0
489391******8351,2015-05-28 19:02:48,99.0,No,0,0,,-1.0,,0.0,19,0
489391******8538,2015-05-11 11:57:24,134.4,No,0,0,,-1.0,,0.0,11,0
489391******8540,2015-05-23 22:57:08,20.0,No,0,0,,-1.0,,0.0,22,0
489391******8821,2015-05-06 09:39:49,297.0,No,0,0,,-1.0,,0.0,9,0
489391******9453,2015-05-05 22:01:48,220.0,No,0,0,,-1.0,,0.0,22,0
489391******9453,2015-05-07 23:09:46,220.0,No,0,0,2015-05-05 22:01:48,2947.9666666666667,220.0,0.0,23,1
489391******9612,2015-05-06 19:47:48,70.0,No,0,0,,-1.0,,0.0,19,0
489391******9643,2015-05-04 11:53:50,92.0,No,0,0,,-1.0,,0.0,11,0
489391******9656,2015-05-09 15:40:16,34.5,No,0,0,,-1.0,,0.0,15,0
489391******9682,2015-05-29 17:45:34,20.0,No,0,0,,-1.0,,0.0,17,0
489489******4730,2015-05-08 11:50:48,143.0,No,0,0,,-1.0,,0.0,11,0
490172******0009,2015-05-15 16:24:34,154.0,No,0,0,,-1.0,,0.0,16,0
490172******0018,2015-05-02 00:20:25,187.0,No,0,0,,-1.0,,0.0,0,1
490172******0053,2015-05-22 17:08:09,99.0,No,0,0,,-1.0,,0.0,17,0
490172******0058,2015-05-14 20:46:21,77.0,No,0,0,,-1.0,,0.0,20,0
490172******0058,2015-05-29 18:09:42,34.5,No,0,0,2015-05-14 20:46:21,21443.35,77.0,-0.551948051948052,18,0
490172******0068,2015-05-14 20:35:56,154.0,No,0,0,,-1.0,,0.0,20,0
490172******0079,2015-05-05 22:54:34,308.0,No,0,0,,-1.0,,0.0,22,0
490172******0079,2015-05-09 14:48:06,123.2,No,0,0,2015-05-05 22:54:34,5273.533333333334,308.0,-0.6,14,0
490172******0137,2015-05-22 18:37:21,132.0,No,0,0,,-1.0,,0.0,18,0
490172******0152,2015-05-11 11:53:38,78.4,No,0,0,,-1.0,,0.0,11,0
490172******0161,2015-05-19 10:28:50,15.0,No,0,0,,-1.0,,0.0,10,0
490172******0164,2015-05-01 11:07:01,440.0,No,0,0,,-1.0,,0.0,11,0
490172******0164,2015-05-11 13:52:25,219.8,No,0,0,2015-05-01 11:07:01,14565.4,440.0,-0.5004545454545455,13,0
490172******0180,2015-05-08 13:28:49,143.0,No,0,0,,-1.0,,0.0,13,0
490172******0208,2015-05-10 21:48:20,297.0,No,0,0,,-1.0,,0.0,21,0
490172******0222,2015-05-24 11:24:32,20.0,No,0,0,,-1.0,,0.0,11,0
490172******0232,2015-05-15 18:28:52,154.0,No,0,0,,-1.0,,0.0,18,0
490172******0232,2015-05-29 20:44:48,99.0,No,0,0,2015-05-15 18:28:52,20295.933333333334,154.0,-0.3571428571428571,20,0
490172******0264,2015-05-08 17:30:23,110.0,No,0,0,,-1.0,,0.0,17,0
490172******0298,2015-05-06 13:14:04,55.0,No,0,0,,-1.0,,0.0,13,0
490172******0301,2015-05-06 22:58:28,352.0,No,0,0,,-1.0,,0.0,22,0
490172******0340,2015-05-21 09:14:09,70.0,No,0,0,,-1.0,,0.0,9,0
490172******0381,2015-05-20 10:13:18,241.5,No,0,0,,-1.0,,0.0,10,0
490172******0390,2015-05-25 13:21:46,20.0,No,0,0,,-1.0,,0.0,13,0
490172******0408,2015-05-07 22:41:54,115.0,No,0,0,,-1.0,,0.0,22,0
490172******0464,2015-05-06 16:54:16,207.0,No,0,0,,-1.0,,0.0,16,0
490172******0481,2015-05-30 13:27:33,140.0,No,0,0,,-1.0,,0.0,13,0
490172******0499,2015-05-05 11:23:55,92.0,No,0,0,,-1.0,,0.0,11,0
490172******0501,2015-05-29 21:51:14,172.5,No,0,0,,-1.0,,0.0,21,0
490172******0523,2015-05-16 01:19:10,198.0,No,0,0,,-1.0,,0.0,1,1
490172******0531,2015-05-15 08:57:55,115.0,No,0,0,,-1.0,,0.0,8,0
490172******0557,2015-05-13 20:50:55,902.0,No,0,0,,-1.0,,0.0,20,0
490172******0575,2015-05-15 18:43:45,440.0,No,0,0,,-1.0,,0.0,18,0
490172******0640,2015-05-04 14:54:03,104.5,No,0,0,,-1.0,,0.0,14,0
490172******0649,2015-05-29 16:26:57,88.0,No,0,0,,-1.0,,0.0,16,0
490172******0650,2015-05-28 17:38:11,121.0,No,0,0,,-1.0,,0.0,17,0
490172******0664,2015-05-29 14:52:29,121.0,No,0,0,,-1.0,,0.0,14,0
490172******0696,2015-05-22 13:41:37,179.2,No,0,0,,-1.0,,0.0,13,0
490172******0705,2015-05-20 16:02:21,121.0,No,0,0,,-1.0,,0.0,16,0
490172******0727,2015-05-06 23:14:27,143.0,No,0,0,,-1.0,,0.0,23,1
490172******0730,2015-05-11 12:06:06,77.0,No,0,0,,-1.0,,0.0,12,0
490172******0751,2015-05-25 10:06:17,630.0,No,0,0,,-1.0,,0.0,10,0
490172******0769,2015-05-07 13:13:30,77.0,No,0,0,,-1.0,,0.0,13,0
490172******0771,2015-05-07 00:13:52,104.5,No,0,0,,-1.0,,0.0,0,1
490172******0790,2015-05-10 23:27:50,45.2,No,0,0,,-1.0,,0.0,23,1
490172******0792,2015-05-30 10:00:09,121.0,No,0,0,,-1.0,,0.0,10,0
490172******0851,2015-05-22 22:14:35,15.0,No,0,0,,-1.0,,0.0,22,0
490172******0866,2015-05-07 14:25:07,392.0,No,0,0,,-1.0,,0.0,14,0
490172******0882,2015-05-23 15:37:42,10.0,No,0,0,,-1.0,,0.0,15,0
490172******0894,2015-05-26 10:57:55,100.8,No,0,0,,-1.0,,0.0,10,0
490172******0904,2015-05-02 17:06:58,44.0,No,0,0,,-1.0,,0.0,17,0
490172******0909,2015-05-07 09:15:23,88.0,No,0,0,,-1.0,,0.0,9,0
490172******0920,2015-05-14 19:01:07,154.0,No,0,0,,-1.0,,0.0,19,0
490172******0930,2015-05-04 19:45:41,66.0,No,0,0,,-1.0,,0.0,19,0
490172******0934,2015-05-10 22:02:49,148.5,No,0,0,,-1.0,,0.0,22,0
490172******0934,2015-05-29 11:23:18,168.0,No,0,0,2015-05-10 22:02:49,26720.483333333334,148.5,0.13131313131313127,11,0
490172******0958,2015-05-09 12:43:42,143.0,No,0,0,,-1.0,,0.0,12,0
490172******0960,2015-05-27 18:48:53,121.0,No,0,0,,-1.0,,0.0,18,0
490172******0961,2015-05-28 20:21:58,121.0,No,0,0,,-1.0,,0.0,20,0
490172******0962,2015-05-18 15:54:25,112.0,No,0,0,,-1.0,,0.0,15,0
490172******0973,2015-05-15 18:49:18,104.5,No,0,0,,-1.0,,0.0,18,0
490172******0978,2015-05-13 10:36:48,184.0,No,0,0,,-1.0,,0.0,10,0
490172******1003,2015-05-29 13:34:15,92.0,No,0,0,,-1.0,,0.0,13,0
490172******1010,2015-05-03 16:45:32,112.0,No,0,0,,-1.0,,0.0,16,0
490172******1017,2015-05-21 12:29:27,115.0,No,0,0,,-1.0,,0.0,12,0
490172******1043,2015-05-27 18:08:57,40.0,No,0,0,,-1.0,,0.0,18,0
490172******1044,2015-05-14 20:31:03,99.0,No,0,0,,-1.0,,0.0,20,0
490172******1052,2015-05-11 17:24:39,104.5,No,0,0,,-1.0,,0.0,17,0
490172******1062,2015-05-29 17:08:17,34.5,No,0,0,,-1.0,,0.0,17,0
490172******1084,2015-05-28 21:42:08,176.0,No,0,0,,-1.0,,0.0,21,0
490172******1111,2015-05-13 09:13:47,145.6,No,0,0,,-1.0,,0.0,9,0
490172******1111,2015-05-28 19:23:56,280.0,No,0,0,2015-05-13 09:13:47,22210.15,145.6,0.9230769230769231,19,0
490172******1132,2015-05-05 18:05:14,352.0,No,0,0,,-1.0,,0.0,18,0
490172******1132,2015-05-05 22:34:48,352.0,No,0,1,2015-05-05 18:05:14,269.56666666666666,352.0,0.0,22,0
490172******1132,2015-05-25 12:04:50,1260.0,No,0,0,2015-05-05 22:34:48,28170.033333333333,352.0,2.5795454545454546,12,0
490172******1137,2015-05-13 14:17:26,184.0,No,0,0,,-1.0,,0.0,14,0
490172******1139,2015-05-18 07:03:23,67.2,No,0,0,,-1.0,,0.0,7,0
490172******1154,2015-05-11 21:25:04,132.25,No,0,0,,-1.0,,0.0,21,0
490172******1163,2015-05-18 19:18:20,99.0,No,0,0,,-1.0,,0.0,19,0
490172******1165,2015-05-25 10:33:18,830.0,No,0,0,,-1.0,,0.0,10,0
490172******1175,2015-05-29 17:19:02,88.0,No,0,0,,-1.0,,0.0,17,0
490172******1176,2015-05-29 22:10:45,99.0,No,0,0,,-1.0,,0.0,22,0
490172******1180,2015-05-13 10:37:00,104.5,No,0,0,,-1.0,,0.0,10,0
490172******1189,2015-05-22 11:46:52,138.0,No,0,0,,-1.0,,0.0,11,0
490172******1190,2015-05-29 20:10:09,99.0,No,0,0,,-1.0,,0.0,20,0
490172******1202,2015-05-26 08:59:47,20.0,No,0,0,,-1.0,,0.0,8,0
490172******1213,2015-05-06 17:59:18,207.0,No,0,0,,-1.0,,0.0,17,0
490172******1235,2015-05-11 11:50:03,78.4,No,0,0,,-1.0,,0.0,11,0
490172******1235,2015-05-28 00:04:44,172.5,No,0,0,2015-05-11 11:50:03,23774.683333333334,78.4,1.200255102040816,0,1
490172******1269,2015-05-18 18:49:24,201.6,No,0,0,,-1.0,,0.0,18,0
490172******1285,2015-05-21 18:08:07,38.5,No,0,0,,-1.0,,0.0,18,0
490172******1290,2015-05-04 21:00:15,77.0,No,0,0,,-1.0,,0.0,21,0
490172******1326,2015-05-19 22:33:02,40.0,No,0,0,,-1.0,,0.0,22,0
490172******1344,2015-05-15 14:54:14,104.5,No,0,0,,-1.0,,0.0,14,0
490172******1344,2015-05-15 16:08:10,104.5,No,0,1,2015-05-15 14:54:14,73.93333333333334,104.5,0.0,16,0
490172******1344,2015-05-29 18:03:55,99.0,No,0,0,2015-05-15 16:08:10,20275.75,104.5,-0.052631578947368474,18,0
490172******1347,2015-05-29 12:11:14,132.0,No,0,0,,-1.0,,0.0,12,0
490172******1348,2015-05-16 16:47:48,100.0,No,0,0,,-1.0,,0.0,16,0
490172******1410,2015-05-20 13:35:13,15.0,No,0,0,,-1.0,,0.0,13,0
490172******1429,2015-05-25 13:47:59,15.0,No,0,0,,-1.0,,0.0,13,0
490172******1464,2015-05-15 01:34:10,224.0,No,0,0,,-1.0,,0.0,1,1
490172******1466,2015-05-08 19:47:00,336.0,No,0,0,,-1.0,,0.0,19,0
490172******1486,2015-05-07 13:17:50,209.0,No,0,0,,-1.0,,0.0,13,0
490172******1496,2015-05-19 11:32:59,448.0,No,0,0,,-1.0,,0.0,11,0
490172******1506,2015-05-24 15:57:33,56.0,No,0,0,,-1.0,,0.0,15,0
490172******1508,2015-05-01 16:32:40,69.0,No,0,0,,-1.0,,0.0,16,0
490172******1544,2015-05-06 10:41:09,99.0,No,0,0,,-1.0,,0.0,10,0
490172******1553,2015-05-12 23:23:49,134.4,No,0,0,,-1.0,,0.0,23,1
490172******1582,2015-05-07 09:43:00,69.0,No,0,0,,-1.0,,0.0,9,0
490172******1587,2015-05-14 09:27:15,78.4,No,0,0,,-1.0,,0.0,9,0
490172******1599,2015-05-30 04:27:43,110.0,No,0,0,,-1.0,,0.0,4,1
490172******1605,2015-05-22 17:31:57,132.0,No,0,0,,-1.0,,0.0,17,0
490172******1633,2015-05-14 14:11:40,440.0,No,0,0,,-1.0,,0.0,14,0
490172******1633,2015-05-29 16:19:12,345.0,No,0,0,2015-05-14 14:11:40,21727.533333333333,440.0,-0.21590909090909094,16,0
490172******1636,2015-05-30 12:53:38,99.0,No,0,0,,-1.0,,0.0,12,0
490172******1672,2015-05-02 11:00:23,336.0,No,0,0,,-1.0,,0.0,11,0
490172******1682,2015-05-29 17:37:55,92.0,No,0,0,,-1.0,,0.0,17,0
490172******1703,2015-05-05 19:21:53,112.0,No,0,0,,-1.0,,0.0,19,0
490172******1703,2015-05-13 17:28:10,145.6,No,0,0,2015-05-05 19:21:53,11406.283333333333,112.0,0.30000000000000004,17,0
490172******1757,2015-05-07 20:21:46,121.0,No,0,0,,-1.0,,0.0,20,0
490172******1760,2015-05-25 10:24:25,630.0,No,0,0,,-1.0,,0.0,10,0
490172******1762,2015-05-12 19:20:29,55.0,No,0,0,,-1.0,,0.0,19,0
490172******1762,2015-05-14 20:49:07,77.0,No,0,0,2015-05-12 19:20:29,2968.633333333333,55.0,0.3999999999999999,20,0
490172******1846,2015-05-08 16:01:25,99.0,No,0,0,,-1.0,,0.0,16,0
490172******1869,2015-05-12 21:55:10,224.0,No,0,0,,-1.0,,0.0,21,0
490172******1887,2015-05-04 23:01:17,330.0,No,0,0,,-1.0,,0.0,23,1
490172******1891,2015-05-28 22:45:19,88.0,No,0,0,,-1.0,,0.0,22,0
490172******1896,2015-05-19 20:53:16,23.0,No,0,0,,-1.0,,0.0,20,0
490172******1956,2015-05-14 20:55:49,99.0,No,0,0,,-1.0,,0.0,20,0
490172******1968,2015-05-11 17:39:33,156.8,No,0,0,,-1.0,,0.0,17,0
490172******2023,2015-05-30 09:45:57,88.0,No,0,0,,-1.0,,0.0,9,0
490172******2024,2015-05-24 18:33:20,10.0,No,0,0,,-1.0,,0.0,18,0
490172******2027,2015-05-08 13:33:20,88.0,No,0,0,,-1.0,,0.0,13,0
490172******2056,2015-05-25 16:01:22,830.0,No,0,0,,-1.0,,0.0,16,0
490172******2072,2015-05-27 18:25:29,132.0,No,0,0,,-1.0,,0.0,18,0
490172******2110,2015-05-25 11:52:59,630.0,No,0,0,,-1.0,,0.0,11,0
490172******2115,2015-05-18 14:18:54,201.6,No,0,0,,-1.0,,0.0,14,0
490172******2121,2015-05-28 10:01:03,10.0,No,0,0,,-1.0,,0.0,10,0
490172******2156,2015-05-30 00:41:38,20.0,No,0,0,,-1.0,,0.0,0,1
490172******2171,2015-05-03 20:13:38,286.0,No,0,0,,-1.0,,0.0,20,0
490172******2182,2015-05-12 22:53:40,156.8,No,0,0,,-1.0,,0.0,22,0
490172******2182,2015-05-25 12:26:12,103.5,No,0,0,2015-05-12 22:53:40,18092.533333333333,156.8,-0.3399234693877552,12,0
490172******2186,2015-05-29 18:03:34,190.4,No,0,0,,-1.0,,0.0,18,0
490172******2193,2015-05-14 20:10:48,308.0,No,0,0,,-1.0,,0.0,20,0
490172******2197,2015-05-15 18:32:57,308.0,No,0,0,,-1.0,,0.0,18,0
490172******2225,2015-05-08 10:37:16,55.0,Yes,1,0,,-1.0,,0.0,10,0
490172******2286,2015-05-13 20:25:15,154.0,No,0,0,,-1.0,,0.0,20,0
490172******2297,2015-05-14 23:41:04,84.0,No,0,0,,-1.0,,0.0,23,1
490172******2304,2015-05-05 21:38:37,24.0,No,0,0,,-1.0,,0.0,21,0
490172******2306,2015-05-22 01:15:06,23.0,No,0,0,,-1.0,,0.0,1,1
490172******2322,2015-05-29 08:16:37,132.0,No,0,0,,-1.0,,0.0,8,0
490172******2324,2015-05-06 15:16:34,207.0,No,0,0,,-1.0,,0.0,15,0
490172******2331,2015-05-05 11:38:07,143.0,No,0,0,,-1.0,,0.0,11,0
490172******2344,2015-05-29 19:58:22,92.0,No,0,0,,-1.0,,0.0,19,0
490172******2371,2015-05-21 20:48:11,10.0,No,0,0,,-1.0,,0.0,20,0
490172******2371,2015-05-30 16:10:45,5.0,No,0,0,2015-05-21 20:48:11,12682.566666666668,10.0,-0.5,16,0
490172******2371,2015-05-30 16:10:45,5.0,No,0,0,2015-05-30 16:10:45,0.0,7.5,-0.33333333333333337,16,0
490172******2383,2015-05-12 17:51:10,77.0,No,0,0,,-1.0,,0.0,17,0
490172******2383,2015-05-16 01:07:11,198.0,No,0,0,2015-05-12 17:51:10,4756.016666666666,77.0,1.5714285714285716,1,1
490172******2398,2015-05-12 20:37:23,78.4,No,0,0,,-1.0,,0.0,20,0
490172******2434,2015-05-11 19:00:26,402.5,No,0,0,,-1.0,,0.0,19,0
490172******2434,2015-05-29 22:49:25,345.0,No,0,0,2015-05-11 19:00:26,26148.983333333334,402.5,-0.1428571428571429,22,0
490172******2435,2015-05-11 14:14:54,78.4,No,0,0,,-1.0,,0.0,14,0
490172******2479,2015-05-14 22:26:41,154.0,No,0,0,,-1.0,,0.0,22,0
490172******2503,2015-05-07 16:58:44,110.0,No,0,0,,-1.0,,0.0,16,0
490172******2520,2015-05-22 16:25:46,84.0,No,0,0,,-1.0,,0.0,16,0
490172******2549,2015-05-19 10:02:21,224.0,No,0,0,,-1.0,,0.0,10,0
490172******2597,2015-05-25 13:38:59,161.0,No,0,0,,-1.0,,0.0,13,0
490172******2607,2015-05-06 16:02:15,103.5,No,0,0,,-1.0,,0.0,16,0
490172******2629,2015-05-12 18:39:46,104.5,Yes,1,0,,-1.0,,0.0,18,0
490172******2673,2015-05-27 17:46:31,264.0,No,0,0,,-1.0,,0.0,17,0
490172******2690,2015-05-20 20:23:42,10.0,No,0,0,,-1.0,,0.0,20,0
490172******2692,2015-05-12 10:26:35,172.75,No,0,0,,-1.0,,0.0,10,0
490172******2726,2015-05-11 11:39:11,156.8,No,0,0,,-1.0,,0.0,11,0
490172******2741,2015-05-28 11:46:21,15.0,No,0,0,,-1.0,,0.0,11,0
490172******2745,2015-05-29 22:26:28,89.6,No,0,0,,-1.0,,0.0,22,0
490172******2772,2015-05-06 19:45:17,143.0,No,0,0,,-1.0,,0.0,19,0
490172******2802,2015-05-08 21:04:29,88.0,No,0,0,,-1.0,,0.0,21,0
490172******2829,2015-05-11 23:09:00,132.25,No,0,0,,-1.0,,0.0,23,1
490172******2846,2015-05-08 14:43:39,104.5,No,0,0,,-1.0,,0.0,14,0
490172******2854,2015-05-22 15:30:54,115.0,No,0,0,,-1.0,,0.0,15,0
490172******2860,2015-05-18 14:14:29,134.4,No,0,0,,-1.0,,0.0,14,0
490172******2860,2015-05-29 09:54:38,99.0,No,0,0,2015-05-18 14:14:29,15580.15,134.4,-0.2633928571428572,9,0
490172******2880,2015-05-14 10:55:00,123.3,No,0,0,,-1.0,,0.0,10,0
490172******2884,2015-05-28 22:48:39,172.5,No,0,0,,-1.0,,0.0,22,0
490172******2896,2015-05-30 14:11:14,15.0,No,0,0,,-1.0,,0.0,14,0
490172******2921,2015-05-07 22:13:46,88.0,No,0,0,,-1.0,,0.0,22,0
490172******2925,2015-05-15 16:04:36,154.0,No,0,0,,-1.0,,0.0,16,0
490172******2925,2015-05-15 16:24:08,154.0,No,0,1,2015-05-15 16:04:36,19.533333333333335,154.0,0.0,16,0
490172******2976,2015-05-07 12:40:30,46.0,No,0,0,,-1.0,,0.0,12,0
490172******2995,2015-05-09 11:57:26,92.0,No,0,0,,-1.0,,0.0,11,0
490172******3021,2015-05-15 13:56:25,99.0,No,0,0,,-1.0,,0.0,13,0
490172******3028,2015-05-06 12:47:11,112.4,No,0,0,,-1.0,,0.0,12,0
490172******3064,2015-05-12 04:28:46,156.8,No,0,0,,-1.0,,0.0,4,1
490172******3074,2015-05-19 17:27:11,30.0,No,0,0,,-1.0,,0.0,17,0
490172******3077,2015-05-14 15:26:30,99.0,No,0,0,,-1.0,,0.0,15,0
490172******3113,2015-05-15 15:27:43,154.0,No,0,0,,-1.0,,0.0,15,0
490172******3119,2015-05-14 19:53:01,154.0,No,0,0,,-1.0,,0.0,19,0
490172******3123,2015-05-20 14:26:25,92.0,No,0,0,,-1.0,,0.0,14,0
490172******3123,2015-05-20 22:08:57,115.0,No,0,1,2015-05-20 14:26:25,462.53333333333336,92.0,0.25,22,0
490172******3140,2015-05-15 10:06:00,429.0,No,0,0,,-1.0,,0.0,10,0
490172******3140,2015-05-15 16:12:20,198.0,No,0,1,2015-05-15 10:06:00,366.3333333333333,429.0,-0.5384615384615384,16,0
490172******3140,2015-05-29 20:31:13,352.0,No,0,0,2015-05-15 16:12:20,20418.883333333335,313.5,0.12280701754385959,20,0
490172******3157,2015-05-15 11:55:29,154.0,No,0,0,,-1.0,,0.0,11,0
490172******3163,2015-05-01 15:09:22,286.0,No,0,0,,-1.0,,0.0,15,0
490172******3166,2015-05-09 22:47:09,104.5,No,0,0,,-1.0,,0.0,22,0
490172******3212,2015-05-19 22:03:54,20.0,No,0,0,,-1.0,,0.0,22,0
490172******3302,2015-05-15 21:02:02,145.6,No,0,0,,-1.0,,0.0,21,0
490172******3323,2015-05-25 22:34:42,67.2,No,0,0,,-1.0,,0.0,22,0
490172******3324,2015-05-15 23:43:15,231.0,No,0,0,,-1.0,,0.0,23,1
490172******3338,2015-05-19 15:20:40,5.0,No,0,0,,-1.0,,0.0,15,0
490172******3349,2015-05-09 19:38:42,172.5,No,0,0,,-1.0,,0.0,19,0
490172******3350,2015-05-17 22:57:42,67.2,No,0,0,,-1.0,,0.0,22,0
490172******3389,2015-05-09 16:17:16,143.0,No,0,0,,-1.0,,0.0,16,0
490172******3407,2015-05-27 21:59:21,560.0,No,0,0,,-1.0,,0.0,21,0
490172******3426,2015-05-12 11:50:48,156.8,No,0,0,,-1.0,,0.0,11,0
490172******3439,2015-05-12 09:33:31,154.0,No,0,0,,-1.0,,0.0,9,0
490172******3468,2015-05-13 16:42:16,104.5,No,0,0,,-1.0,,0.0,16,0
490172******3469,2015-05-17 19:33:06,280.0,No,0,0,,-1.0,,0.0,19,0
490172******3481,2015-05-18 11:58:04,112.0,No,0,0,,-1.0,,0.0,11,0
490172******3501,2015-05-06 22:36:02,46.69,No,0,0,,-1.0,,0.0,22,0
490172******3555,2015-05-18 20:00:45,179.2,No,0,0,,-1.0,,0.0,20,0
490172******3615,2015-05-22 20:33:31,264.0,No,0,0,,-1.0,,0.0,20,0
490172******3649,2015-05-13 14:08:03,134.4,No,0,0,,-1.0,,0.0,14,0
490172******3649,2015-05-13 14:11:52,134.4,No,0,1,2015-05-13 14:08:03,3.816666666666667,134.4,0.0,14,0
490172******3652,2015-05-01 15:07:19,143.0,No,0,0,,-1.0,,0.0,15,0
490172******3665,2015-05-06 10:07:58,198.0,No,0,0,,-1.0,,0.0,10,0
490172******3674,2015-05-11 12:03:00,89.6,No,0,0,,-1.0,,0.0,12,0
490172******3674,2015-05-11 19:02:03,132.25,No,0,1,2015-05-11 12:03:00,419.05,89.6,0.4760044642857144,19,0
490172******3681,2015-05-28 21:59:39,112.0,No,0,0,,-1.0,,0.0,21,0
490172******3701,2015-05-07 10:03:25,176.0,No,0,0,,-1.0,,0.0,10,0
490172******3724,2015-05-24 20:49:33,60.0,No,0,0,,-1.0,,0.0,20,0
490172******3749,2015-05-15 09:16:05,89.6,No,0,0,,-1.0,,0.0,9,0
490172******3760,2015-05-28 08:18:14,121.0,No,0,0,,-1.0,,0.0,8,0
490172******3760,2015-05-28 10:24:52,132.0,No,0,1,2015-05-28 08:18:14,126.63333333333334,121.0,0.09090909090909083,10,0
490172******3760,2015-05-29 20:01:30,99.0,No,0,0,2015-05-28 10:24:52,2016.6333333333334,126.5,-0.21739130434782605,20,0
490172******3803,2015-05-14 22:00:05,132.0,No,0,0,,-1.0,,0.0,22,0
490172******3803,2015-05-16 11:31:20,33.0,No,0,0,2015-05-14 22:00:05,2251.25,132.0,-0.75,11,0
490172******3847,2015-05-27 18:05:20,154.0,No,0,0,,-1.0,,0.0,18,0
490172******3850,2015-05-10 23:29:13,148.5,No,0,0,,-1.0,,0.0,23,1
490172******3855,2015-05-10 21:08:33,148.5,No,0,0,,-1.0,,0.0,21,0
490172******3887,2015-05-19 19:56:00,112.0,No,0,0,,-1.0,,0.0,19,0
490172******3893,2015-05-15 22:13:47,112.0,No,0,0,,-1.0,,0.0,22,0
490172******3917,2015-05-27 18:46:02,55.0,No,0,0,,-1.0,,0.0,18,0
490172******3917,2015-05-27 18:56:29,55.0,No,0,1,2015-05-27 18:46:02,10.45,55.0,0.0,18,0
490172******3920,2015-05-09 19:37:28,34.5,No,0,0,,-1.0,,0.0,19,0
490172******3927,2015-05-06 16:45:29,121.0,No,0,0,,-1.0,,0.0,16,0
490172******3932,2015-05-01 18:25:05,330.0,No,0,0,,-1.0,,0.0,18,0
490172******3944,2015-05-28 20:22:07,77.0,No,0,0,,-1.0,,0.0,20,0
490172******3970,2015-05-15 20:12:54,154.0,No,0,0,,-1.0,,0.0,20,0
490172******3975,2015-05-12 11:06:55,104.5,No,0,0,,-1.0,,0.0,11,0
490172******3991,2015-05-15 15:20:06,89.6,No,0,0,,-1.0,,0.0,15,0
490172******4007,2015-05-20 22:29:33,112.0,No,0,0,,-1.0,,0.0,22,0
490172******4007,2015-05-28 17:01:41,77.0,No,0,0,2015-05-20 22:29:33,11192.133333333333,112.0,-0.3125,17,0
490172******4039,2015-05-28 15:16:35,49.5,No,0,0,,-1.0,,0.0,15,0
490172******4052,2015-05-19 12:30:21,134.4,No,0,0,,-1.0,,0.0,12,0
490172******4052,2015-05-30 13:25:19,110.0,No,0,0,2015-05-19 12:30:21,15894.966666666667,134.4,-0.18154761904761907,13,0
490172******4052,2015-05-30 13:33:17,110.0,No,0,1,2015-05-30 13:25:19,7.966666666666667,122.2,-0.09983633387888713,13,0
490172******4071,2015-05-09 14:05:32,302.4,No,0,0,,-1.0,,0.0,14,0
490172******4098,2015-05-15 18:04:45,154.0,No,0,0,,-1.0,,0.0,18,0
490172******4104,2015-05-09 19:28:26,143.0,No,0,0,,-1.0,,0.0,19,0
490172******4128,2015-05-11 23:12:11,77.0,No,0,0,,-1.0,,0.0,23,1
490172******4128,2015-05-28 22:56:59,110.0,No,0,0,2015-05-11 23:12:11,24464.8,77.0,0.4285714285714286,22,0
490172******4146,2015-05-28 12:26:33,34.5,No,0,0,,-1.0,,0.0,12,0
490172******4148,2015-05-12 13:24:58,176.0,No,0,0,,-1.0,,0.0,13,0
490172******4157,2015-05-09 19:34:51,138.0,No,0,0,,-1.0,,0.0,19,0
490172******4171,2015-05-15 20:17:05,176.0,No,0,0,,-1.0,,0.0,20,0
490172******4173,2015-05-29 12:52:29,121.0,No,0,0,,-1.0,,0.0,12,0
490172******4176,2015-05-25 19:25:34,1460.0,No,0,0,,-1.0,,0.0,19,0
490172******4191,2015-05-12 00:28:31,66.0,No,0,0,,-1.0,,0.0,0,1
490172******4228,2015-05-29 20:58:36,88.0,No,0,0,,-1.0,,0.0,20,0
490172******4229,2015-05-01 21:43:08,40.85,No,0,0,,-1.0,,0.0,21,0
490172******4231,2015-05-15 19:57:49,23.0,No,0,0,,-1.0,,0.0,19,0
490172******4233,2015-05-03 12:29:00,143.0,No,0,0,,-1.0,,0.0,12,0
490172******4256,2015-05-06 22:39:26,352.0,No,0,0,,-1.0,,0.0,22,0
490172******4263,2015-05-12 17:33:08,55.0,No,0,0,,-1.0,,0.0,17,0
490172******4263,2015-05-12 17:44:50,78.4,No,0,1,2015-05-12 17:33:08,11.7,55.0,0.42545454545454553,17,0
490172******4263,2015-05-12 19:13:39,78.4,No,0,2,2015-05-12 17:44:50,88.81666666666666,66.7,0.17541229385307355,19,0
490172******4263,2015-05-12 19:20:52,55.0,No,0,3,2015-05-12 19:13:39,7.216666666666667,70.60000000000001,-0.2209631728045327,19,0
490172******4308,2015-05-05 23:34:41,55.0,No,0,0,,-1.0,,0.0,23,1
490172******4314,2015-05-23 11:21:14,102.6,No,0,0,,-1.0,,0.0,11,0
490172******4373,2015-05-08 14:08:57,88.0,No,0,0,,-1.0,,0.0,14,0
490172******4373,2015-05-29 18:30:08,88.0,No,0,0,2015-05-08 14:08:57,30501.183333333334,88.0,0.0,18,0
490172******4377,2015-05-25 18:59:13,5.0,No,0,0,,-1.0,,0.0,18,0
490172******4416,2015-05-15 22:20:38,275.0,No,0,0,,-1.0,,0.0,22,0
490172******4416,2015-05-29 19:44:31,172.5,No,0,0,2015-05-15 22:20:38,20003.883333333335,275.0,-0.3727272727272727,19,0
490172******4429,2015-05-30 07:51:40,15.0,No,0,0,,-1.0,,0.0,7,0
490172******4436,2015-05-21 13:25:21,20.0,No,0,0,,-1.0,,0.0,13,0
490172******4452,2015-05-22 16:14:42,112.0,No,0,0,,-1.0,,0.0,16,0
490172******4462,2015-05-08 14:26:31,46.0,No,0,0,,-1.0,,0.0,14,0
490172******4485,2015-05-27 23:13:29,99.0,No,0,0,,-1.0,,0.0,23,1
490172******4504,2015-05-12 12:10:19,55.0,No,0,0,,-1.0,,0.0,12,0
490172******4512,2015-05-15 18:35:48,99.0,No,0,0,,-1.0,,0.0,18,0
490172******4514,2015-05-16 01:38:12,168.0,No,0,0,,-1.0,,0.0,1,1
490172******4516,2015-05-24 18:23:14,102.6,No,0,0,,-1.0,,0.0,18,0
490172******4547,2015-05-19 18:55:51,20.0,No,0,0,,-1.0,,0.0,18,0
490172******4571,2015-05-09 11:21:39,161.0,No,0,0,,-1.0,,0.0,11,0
490172******4584,2015-05-23 12:35:24,308.0,No,0,0,,-1.0,,0.0,12,0
490172******4678,2015-05-08 21:13:16,103.5,No,0,0,,-1.0,,0.0,21,0
490172******4684,2015-05-06 09:45:38,145.6,No,0,0,,-1.0,,0.0,9,0
490172******4744,2015-05-16 19:03:42,140.0,No,0,0,,-1.0,,0.0,19,0
490172******4751,2015-05-30 11:40:28,15.0,No,0,0,,-1.0,,0.0,11,0
490172******4752,2015-05-27 22:25:58,53.0,No,0,0,,-1.0,,0.0,22,0
490172******4753,2015-05-24 22:34:57,112.0,No,0,0,,-1.0,,0.0,22,0
490172******4753,2015-05-24 22:45:15,179.2,No,0,1,2015-05-24 22:34:57,10.3,112.0,0.5999999999999999,22,0
490172******4760,2015-05-13 11:11:31,154.0,No,0,0,,-1.0,,0.0,11,0
490172******4766,2015-05-07 00:28:19,313.6,No,0,0,,-1.0,,0.0,0,1
490172******4792,2015-05-15 14:56:08,308.0,No,0,0,,-1.0,,0.0,14,0
490172******4813,2015-05-21 19:02:15,70.0,No,0,0,,-1.0,,0.0,19,0
490172******4815,2015-05-22 13:59:04,121.0,No,0,0,,-1.0,,0.0,13,0
490172******4840,2015-05-17 16:04:15,67.2,No,0,0,,-1.0,,0.0,16,0
490172******4841,2015-05-29 10:22:35,15.0,No,0,0,,-1.0,,0.0,10,0
490172******4843,2015-05-03 21:31:30,220.0,No,0,0,,-1.0,,0.0,21,0
490172******4869,2015-05-07 10:02:06,231.0,No,0,0,,-1.0,,0.0,10,0
490172******4877,2015-05-12 15:10:27,201.25,No,0,0,,-1.0,,0.0,15,0
490172******4877,2015-05-14 14:56:27,172.75,No,0,0,2015-05-12 15:10:27,2866.0,201.25,-0.14161490683229816,14,0
490172******4889,2015-05-29 20:25:47,264.0,No,0,0,,-1.0,,0.0,20,0
490172******4915,2015-05-08 08:19:44,143.0,No,0,0,,-1.0,,0.0,8,0
490172******4966,2015-05-07 09:08:50,99.0,No,0,0,,-1.0,,0.0,9,0
490172******5000,2015-05-13 21:52:29,154.0,No,0,0,,-1.0,,0.0,21,0
490172******5048,2015-05-14 17:04:53,132.0,No,0,0,,-1.0,,0.0,17,0
490172******5084,2015-05-09 12:46:05,69.0,No,0,0,,-1.0,,0.0,12,0
490172******5086,2015-05-08 08:41:37,110.0,No,0,0,,-1.0,,0.0,8,0
490172******5093,2015-05-15 15:00:01,154.0,No,0,0,,-1.0,,0.0,15,0
490172******5094,2015-05-11 12:29:20,616.0,No,0,0,,-1.0,,0.0,12,0
490172******5106,2015-05-12 18:52:43,16.5,No,0,0,,-1.0,,0.0,18,0
490172******5113,2015-05-09 11:59:13,184.0,No,0,0,,-1.0,,0.0,11,0
490172******5114,2015-05-24 18:04:18,50.0,No,0,0,,-1.0,,0.0,18,0
490172******5146,2015-05-15 12:42:01,297.0,No,0,0,,-1.0,,0.0,12,0
490172******5161,2015-05-07 13:11:20,118.44,No,0,0,,-1.0,,0.0,13,0
490172******5176,2015-05-17 23:06:22,112.0,No,0,0,,-1.0,,0.0,23,1
490172******5199,2015-05-23 10:53:37,25.0,No,0,0,,-1.0,,0.0,10,0
490172******5202,2015-05-28 12:13:42,99.0,No,0,0,,-1.0,,0.0,12,0
490172******5205,2015-05-29 14:32:33,100.8,No,0,0,,-1.0,,0.0,14,0
490172******5207,2015-05-17 22:05:05,67.2,No,0,0,,-1.0,,0.0,22,0
490172******5238,2015-05-08 15:35:57,55.0,No,0,0,,-1.0,,0.0,15,0
490172******5285,2015-05-07 00:45:11,69.0,No,0,0,,-1.0,,0.0,0,1
490172******5295,2015-05-15 18:53:14,154.0,No,0,0,,-1.0,,0.0,18,0
490172******5303,2015-05-12 19:15:50,104.5,No,0,0,,-1.0,,0.0,19,0
490172******5311,2015-05-24 12:05:05,15.0,No,0,0,,-1.0,,0.0,12,0
490172******5343,2015-05-08 18:52:22,34.5,No,0,0,,-1.0,,0.0,18,0
490172******5346,2015-05-12 21:47:49,154.0,No,0,0,,-1.0,,0.0,21,0
490172******5350,2015-05-11 10:12:04,134.4,No,0,0,,-1.0,,0.0,10,0
490172******5363,2015-05-11 12:20:25,132.0,No,0,0,,-1.0,,0.0,12,0
490172******5373,2015-05-13 22:35:56,77.0,No,0,0,,-1.0,,0.0,22,0
490172******5377,2015-05-10 15:47:20,286.0,No,0,0,,-1.0,,0.0,15,0
490172******5384,2015-05-20 17:52:52,45.0,No,0,0,,-1.0,,0.0,17,0
490172******5384,2015-05-20 17:56:19,10.0,No,0,1,2015-05-20 17:52:52,3.45,45.0,-0.7777777777777778,17,0
490172******5402,2015-05-12 18:55:44,78.4,No,0,0,,-1.0,,0.0,18,0
490172******5416,2015-05-04 16:08:22,80.5,No,0,0,,-1.0,,0.0,16,0
490172******5424,2015-05-06 12:00:32,44.0,No,0,0,,-1.0,,0.0,12,0
490172******5456,2015-05-22 18:53:40,103.5,No,0,0,,-1.0,,0.0,18,0
490172******5473,2015-05-17 19:14:20,69.0,No,0,0,,-1.0,,0.0,19,0
490172******5492,2015-05-07 10:13:06,176.0,No,0,0,,-1.0,,0.0,10,0
490172******5506,2015-05-30 17:55:42,280.0,No,0,0,,-1.0,,0.0,17,0
490172******5506,2015-05-30 17:55:42,280.0,No,0,0,2015-05-30 17:55:42,0.0,280.0,0.0,17,0
490172******5521,2015-05-08 21:04:33,672.0,No,0,0,,-1.0,,0.0,21,0
490172******5521,2015-05-16 01:44:03,132.0,No,0,0,2015-05-08 21:04:33,10359.5,672.0,-0.8035714285714286,1,1
490172******5554,2015-05-27 22:25:28,80.5,No,0,0,,-1.0,,0.0,22,0
490172******5566,2015-05-20 14:15:14,161.0,No,0,0,,-1.0,,0.0,14,0
490172******5579,2015-05-11 16:36:37,224.0,No,0,0,,-1.0,,0.0,16,0
490172******5579,2015-05-11 20:08:39,145.6,No,0,1,2015-05-11 16:36:37,212.03333333333333,224.0,-0.35,20,0
490172******5591,2015-05-16 18:34:31,275.0,No,0,0,,-1.0,,0.0,18,0
490172******5597,2015-05-11 20:59:31,78.4,No,0,0,,-1.0,,0.0,20,0
490172******5597,2015-05-29 15:59:18,35.0,No,0,0,2015-05-11 20:59:31,25619.783333333333,78.4,-0.5535714285714286,15,0
490172******5598,2015-05-12 15:30:53,46.0,No,0,0,,-1.0,,0.0,15,0
490172******5598,2015-05-21 21:20:49,23.0,No,0,0,2015-05-12 15:30:53,13309.933333333332,46.0,-0.5,21,0
490172******5606,2015-05-18 19:37:23,53.0,No,0,0,,-1.0,,0.0,19,0
490172******5630,2015-05-24 19:31:36,15.0,No,0,0,,-1.0,,0.0,19,0
490172******5642,2015-05-08 19:23:15,99.0,No,0,0,,-1.0,,0.0,19,0
490172******5642,2015-05-29 14:27:55,99.0,No,0,0,2015-05-08 19:23:15,29944.666666666668,99.0,0.0,14,0
490172******5664,2015-05-15 20:13:28,184.0,No,0,0,,-1.0,,0.0,20,0
490172******5674,2015-05-15 02:46:36,145.6,No,0,0,,-1.0,,0.0,2,1
490172******5693,2015-05-21 14:58:11,345.0,No,0,0,,-1.0,,0.0,14,0
490172******5708,2015-05-27 23:34:18,67.2,No,0,0,,-1.0,,0.0,23,1
490172******5743,2015-05-14 12:10:05,77.0,No,0,0,,-1.0,,0.0,12,0
490172******5752,2015-05-14 13:24:36,78.4,No,0,0,,-1.0,,0.0,13,0
490172******5763,2015-05-12 01:41:31,258.5,No,0,0,,-1.0,,0.0,1,1
490172******5782,2015-05-25 08:29:52,20.0,No,0,0,,-1.0,,0.0,8,0
490172******5788,2015-05-10 20:05:17,253.0,No,0,0,,-1.0,,0.0,20,0
490172******5789,2015-05-04 19:05:08,143.0,No,0,0,,-1.0,,0.0,19,0
490172******5789,2015-05-28 15:18:37,268.8,No,0,0,2015-05-04 19:05:08,34333.48333333333,143.0,0.8797202797202799,15,0
490172******5812,2015-05-19 17:13:11,280.0,No,0,0,,-1.0,,0.0,17,0
490172******5812,2015-05-19 17:19:35,280.0,No,0,1,2015-05-19 17:13:11,6.4,280.0,0.0,17,0
490172******5823,2015-05-20 16:31:48,30.0,No,0,0,,-1.0,,0.0,16,0
490172******5833,2015-05-17 17:44:38,145.6,No,0,0,,-1.0,,0.0,17,0
490172******5833,2015-05-17 23:01:19,172.5,No,0,1,2015-05-17 17:44:38,316.68333333333334,145.6,0.18475274725274726,23,1
490172******5836,2015-05-29 18:43:23,121.0,No,0,0,,-1.0,,0.0,18,0
490172******5836,2015-05-29 18:45:50,121.0,No,0,1,2015-05-29 18:43:23,2.45,121.0,0.0,18,0
490172******5863,2015-05-07 22:37:59,451.0,No,0,0,,-1.0,,0.0,22,0
490172******5891,2015-05-07 14:31:34,120.75,No,0,0,,-1.0,,0.0,14,0
490172******5891,2015-05-24 20:18:38,67.2,No,0,0,2015-05-07 14:31:34,24827.066666666666,120.75,-0.4434782608695652,20,0
490172******5891,2015-05-27 17:51:49,121.0,No,0,0,2015-05-24 20:18:38,4173.183333333333,93.975,0.2875764831072094,17,0
490172******5892,2015-05-29 19:05:03,345.0,No,0,0,,-1.0,,0.0,19,0
490172******5893,2015-05-19 14:09:10,302.4,No,0,0,,-1.0,,0.0,14,0
490172******5897,2015-05-07 01:05:07,352.0,No,0,0,,-1.0,,0.0,1,1
490172******5931,2015-05-15 09:40:10,99.0,No,0,0,,-1.0,,0.0,9,0
490172******5935,2015-05-03 15:30:53,80.5,No,0,0,,-1.0,,0.0,15,0
490172******5970,2015-05-11 14:36:54,268.8,No,0,0,,-1.0,,0.0,14,0
490172******5989,2015-05-24 19:07:54,15.0,No,0,0,,-1.0,,0.0,19,0
490172******5989,2015-05-25 15:36:59,1460.0,No,0,1,2015-05-24 19:07:54,1229.0833333333333,15.0,96.33333333333333,15,0
490172******5995,2015-05-17 20:45:07,224.0,No,0,0,,-1.0,,0.0,20,0
490172******6016,2015-05-11 19:31:08,78.4,No,0,0,,-1.0,,0.0,19,0
490172******6041,2015-05-11 21:10:58,89.6,No,0,0,,-1.0,,0.0,21,0
490172******6041,2015-05-28 17:37:37,77.0,No,0,0,2015-05-11 21:10:58,24266.65,89.6,-0.140625,17,0
490172******6055,2015-05-13 13:49:15,313.6,No,0,0,,-1.0,,0.0,13,0
490172******6068,2015-05-06 20:25:16,201.6,No,0,0,,-1.0,,0.0,20,0
490172******6072,2015-05-08 16:53:47,100.8,No,0,0,,-1.0,,0.0,16,0
490172******6089,2015-05-11 11:05:12,224.0,No,0,0,,-1.0,,0.0,11,0
490172******6113,2015-05-30 21:30:34,100.8,No,0,0,,-1.0,,0.0,21,0
490172******6113,2015-05-30 21:30:34,100.8,No,0,0,2015-05-30 21:30:34,0.0,100.8,0.0,21,0
490172******6117,2015-05-28 07:47:31,121.0,No,0,0,,-1.0,,0.0,7,0
490172******6119,2015-05-14 14:42:22,154.0,No,0,0,,-1.0,,0.0,14,0
490172******6122,2015-05-15 15:21:51,110.0,No,0,0,,-1.0,,0.0,15,0
490172******6129,2015-05-15 18:39:45,176.0,No,0,0,,-1.0,,0.0,18,0
490172******6141,2015-05-05 18:24:07,143.0,No,0,0,,-1.0,,0.0,18,0
490172******6173,2015-05-06 16:05:23,138.0,No,0,0,,-1.0,,0.0,16,0
490172******6182,2015-05-06 13:28:18,143.0,No,0,0,,-1.0,,0.0,13,0
490172******6182,2015-05-15 17:59:15,154.0,No,0,0,2015-05-06 13:28:18,13230.95,143.0,0.07692307692307687,17,0
490172******6184,2015-05-08 23:23:11,198.0,No,0,0,,-1.0,,0.0,23,1
490172******6208,2015-05-12 20:27:34,132.0,No,0,0,,-1.0,,0.0,20,0
490172******6214,2015-05-12 18:49:18,77.0,No,0,0,,-1.0,,0.0,18,0
490172******6223,2015-05-13 17:16:01,154.0,No,0,0,,-1.0,,0.0,17,0
490172******6228,2015-05-06 12:52:08,67.2,No,0,0,,-1.0,,0.0,12,0
490172******6249,2015-05-08 21:05:13,336.0,No,0,0,,-1.0,,0.0,21,0
490172******6265,2015-05-24 12:46:32,15.0,No,0,0,,-1.0,,0.0,12,0
490172******6274,2015-05-08 00:09:05,352.0,No,0,0,,-1.0,,0.0,0,1
490172******6275,2015-05-12 20:12:37,352.0,No,0,0,,-1.0,,0.0,20,0
490172******6328,2015-05-10 20:50:37,148.5,No,0,0,,-1.0,,0.0,20,0
490172******6328,2015-05-10 21:01:44,148.5,No,0,1,2015-05-10 20:50:37,11.116666666666667,148.5,0.0,21,0
490172******6342,2015-05-15 07:26:31,198.0,No,0,0,,-1.0,,0.0,7,0
490172******6342,2015-05-22 17:46:06,179.2,No,0,0,2015-05-15 07:26:31,10699.583333333334,198.0,-0.094949494949495,17,0
490172******6353,2015-05-11 12:23:07,78.4,No,0,0,,-1.0,,0.0,12,0
490172******6353,2015-05-15 10:26:04,77.0,No,0,0,2015-05-11 12:23:07,5642.95,78.4,-0.017857142857142905,10,0
490172******6353,2015-05-18 22:19:19,280.0,No,0,0,2015-05-15 10:26:04,5033.25,77.7,2.6036036036036037,22,0
490172******6366,2015-05-25 12:58:24,112.0,No,0,0,,-1.0,,0.0,12,0
490172******6375,2015-05-06 15:03:18,414.0,No,0,0,,-1.0,,0.0,15,0
490172******6419,2015-05-24 10:20:15,20.0,No,0,0,,-1.0,,0.0,10,0
490172******6420,2015-05-29 16:40:24,132.0,No,0,0,,-1.0,,0.0,16,0
490172******6444,2015-05-08 08:04:33,104.5,No,0,0,,-1.0,,0.0,8,0
490172******6459,2015-05-25 22:05:28,5.0,No,0,0,,-1.0,,0.0,22,0
490172******6478,2015-05-15 20:52:23,123.3,No,0,0,,-1.0,,0.0,20,0
490172******6481,2015-05-13 17:16:53,78.4,No,0,0,,-1.0,,0.0,17,0
490172******6494,2015-05-12 18:10:12,104.5,No,0,0,,-1.0,,0.0,18,0
490172******6514,2015-05-06 08:00:05,172.5,No,0,0,,-1.0,,0.0,8,0
490172******6519,2015-05-29 15:02:56,172.5,No,0,0,,-1.0,,0.0,15,0
490172******6523,2015-05-15 12:44:51,154.0,No,0,0,,-1.0,,0.0,12,0
490172******6523,2015-05-15 12:46:34,154.0,No,0,1,2015-05-15 12:44:51,1.7166666666666666,154.0,0.0,12,0
490172******6523,2015-05-28 18:26:20,187.0,No,0,0,2015-05-15 12:46:34,19059.766666666666,154.0,0.2142857142857142,18,0
490172******6525,2015-05-16 19:41:38,1320.0,No,0,0,,-1.0,,0.0,19,0
490172******6529,2015-05-29 17:56:44,46.0,No,0,0,,-1.0,,0.0,17,0
490172******6543,2015-05-11 08:42:07,112.0,No,0,0,,-1.0,,0.0,8,0
490172******6571,2015-05-27 18:25:40,242.0,No,0,0,,-1.0,,0.0,18,0
490172******6574,2015-05-08 09:10:06,88.0,No,0,0,,-1.0,,0.0,9,0
490172******6580,2015-05-04 22:42:10,112.0,No,0,0,,-1.0,,0.0,22,0
490172******6582,2015-05-11 12:19:27,78.4,No,0,0,,-1.0,,0.0,12,0
490172******6586,2015-05-06 09:35:14,132.0,No,0,0,,-1.0,,0.0,9,0
490172******6609,2015-05-15 13:02:26,258.5,No,0,0,,-1.0,,0.0,13,0
490172******6646,2015-05-09 14:54:52,121.0,No,0,0,,-1.0,,0.0,14,0
490172******6651,2015-05-11 22:03:15,154.0,No,0,0,,-1.0,,0.0,22,0
490172******6656,2015-05-30 20:43:38,10.0,No,0,0,,-1.0,,0.0,20,0
490172******6656,2015-05-30 20:43:38,10.0,No,0,0,2015-05-30 20:43:38,0.0,10.0,0.0,20,0
490172******6657,2015-05-07 18:53:56,88.0,No,0,0,,-1.0,,0.0,18,0
490172******6658,2015-05-28 20:06:13,88.0,No,0,0,,-1.0,,0.0,20,0
490172******6662,2015-05-18 14:34:30,110.0,No,0,0,,-1.0,,0.0,14,0
490172******6666,2015-05-12 22:26:19,55.0,No,0,0,,-1.0,,0.0,22,0
490172******6667,2015-05-01 16:10:28,143.0,No,0,0,,-1.0,,0.0,16,0
490172******6677,2015-05-03 21:16:18,115.0,No,0,0,,-1.0,,0.0,21,0
490172******6707,2015-05-11 11:42:20,235.2,No,0,0,,-1.0,,0.0,11,0
490172******6729,2015-05-28 23:19:08,132.0,No,0,0,,-1.0,,0.0,23,1
490172******6770,2015-05-03 23:35:00,286.0,No,0,0,,-1.0,,0.0,23,1
490172******6770,2015-05-04 21:35:14,143.0,No,0,1,2015-05-03 23:35:00,1320.2333333333333,286.0,-0.5,21,0
490172******6770,2015-05-06 17:11:27,138.0,No,0,0,2015-05-04 21:35:14,2616.2166666666667,214.5,-0.35664335664335667,17,0
490172******6784,2015-05-07 21:20:01,88.0,No,0,0,,-1.0,,0.0,21,0
490172******6784,2015-05-29 09:25:27,88.0,No,0,0,2015-05-07 21:20:01,30965.433333333334,88.0,0.0,9,0
490172******6795,2015-05-16 12:42:50,16.5,No,0,0,,-1.0,,0.0,12,0
490172******6823,2015-05-24 15:43:06,15.0,No,0,0,,-1.0,,0.0,15,0
490172******6831,2015-05-08 22:58:26,100.8,No,0,0,,-1.0,,0.0,22,0
490172******6853,2015-05-11 13:20:46,78.4,No,0,0,,-1.0,,0.0,13,0
490172******6857,2015-05-28 09:22:46,88.0,No,0,0,,-1.0,,0.0,9,0
490172******6865,2015-05-24 23:33:02,100.8,No,0,0,,-1.0,,0.0,23,1
490172******6900,2015-05-15 17:56:34,154.0,No,0,0,,-1.0,,0.0,17,0
490172******6909,2015-05-22 18:31:12,15.0,No,0,0,,-1.0,,0.0,18,0
490172******6913,2015-05-15 13:59:22,38.5,No,0,0,,-1.0,,0.0,13,0
490172******6943,2015-05-09 18:55:12,143.0,No,0,0,,-1.0,,0.0,18,0
490172******6947,2015-05-08 15:32:13,336.0,No,0,0,,-1.0,,0.0,15,0
490172******6960,2015-05-01 18:38:31,104.5,No,0,0,,-1.0,,0.0,18,0
490172******6967,2015-05-15 23:53:03,132.0,No,0,0,,-1.0,,0.0,23,1
490172******7009,2015-05-11 12:16:12,78.4,No,0,0,,-1.0,,0.0,12,0
490172******7031,2015-05-07 22:07:20,176.0,No,0,0,,-1.0,,0.0,22,0
490172******7031,2015-05-12 20:58:02,55.0,No,0,0,2015-05-07 22:07:20,7130.7,176.0,-0.6875,20,0
490172******7032,2015-05-15 18:41:31,154.0,No,0,0,,-1.0,,0.0,18,0
490172******7083,2015-05-03 21:36:26,143.0,No,0,0,,-1.0,,0.0,21,0
490172******7088,2015-05-12 14:24:06,333.5,No,0,0,,-1.0,,0.0,14,0
490172******7094,2015-05-20 00:16:26,132.0,No,0,0,,-1.0,,0.0,0,1
490172******7137,2015-05-02 19:18:38,70.0,No,0,0,,-1.0,,0.0,19,0
490172******7143,2015-05-13 18:08:14,44.8,No,0,0,,-1.0,,0.0,18,0
490172******7143,2015-05-27 21:11:50,88.0,No,0,0,2015-05-13 18:08:14,20343.6,44.8,0.9642857142857144,21,0
490172******7143,2015-05-30 01:27:54,168.0,No,0,0,2015-05-27 21:11:50,3136.0666666666666,66.4,1.5301204819277108,1,1
490172******7147,2015-05-11 15:20:27,154.0,No,0,0,,-1.0,,0.0,15,0
490172******7152,2015-05-21 21:38:10,38.5,No,0,0,,-1.0,,0.0,21,0
490172******7210,2015-05-15 12:57:21,154.0,No,0,0,,-1.0,,0.0,12,0
490172******7211,2015-05-11 21:53:45,154.0,No,0,0,,-1.0,,0.0,21,0
490172******7211,2015-05-11 21:54:40,154.0,No,0,1,2015-05-11 21:53:45,0.9166666666666666,154.0,0.0,21,0
490172******7211,2015-05-29 22:28:08,121.0,No,0,0,2015-05-11 21:54:40,25953.466666666667,154.0,-0.2142857142857143,22,0
490172******7212,2015-05-06 20:21:28,123.3,No,0,0,,-1.0,,0.0,20,0
490172******7223,2015-05-19 14:39:36,103.5,No,0,0,,-1.0,,0.0,14,0
490172******7227,2015-05-10 17:54:41,104.5,No,0,0,,-1.0,,0.0,17,0
490172******7245,2015-05-14 10:12:59,104.5,No,0,0,,-1.0,,0.0,10,0
490172******7249,2015-05-25 10:14:38,1260.0,No,0,0,,-1.0,,0.0,10,0
490172******7263,2015-05-22 19:51:39,112.0,No,0,0,,-1.0,,0.0,19,0
490172******7264,2015-05-28 10:29:35,15.0,No,0,0,,-1.0,,0.0,10,0
490172******7277,2015-05-12 13:38:43,154.0,No,0,0,,-1.0,,0.0,13,0
490172******7285,2015-05-11 22:30:42,123.3,No,0,0,,-1.0,,0.0,22,0
490172******7295,2015-05-11 12:51:16,154.0,No,0,0,,-1.0,,0.0,12,0
490172******7319,2015-05-29 20:32:13,5.0,No,0,0,,-1.0,,0.0,20,0
490172******7324,2015-05-22 20:24:32,52.5,No,0,0,,-1.0,,0.0,20,0
490172******7331,2015-05-04 19:51:54,161.0,No,0,0,,-1.0,,0.0,19,0
490172******7369,2015-05-30 18:36:48,89.6,No,0,0,,-1.0,,0.0,18,0
490172******7369,2015-05-30 18:36:48,89.6,No,0,0,2015-05-30 18:36:48,0.0,89.6,0.0,18,0
490172******7369,2015-05-30 18:39:14,77.0,No,0,2,2015-05-30 18:36:48,2.433333333333333,89.6,-0.140625,18,0
490172******7369,2015-05-30 18:39:14,77.0,No,0,2,2015-05-30 18:39:14,0.0,85.39999999999999,-0.0983606557377048,18,0
490172******7384,2015-05-30 19:21:52,25.0,No,0,0,,-1.0,,0.0,19,0
490172******7384,2015-05-30 19:21:52,25.0,No,0,0,2015-05-30 19:21:52,0.0,25.0,0.0,19,0
490172******7386,2015-05-13 17:46:45,77.0,No,0,0,,-1.0,,0.0,17,0
490172******7400,2015-05-18 15:06:44,67.2,No,0,0,,-1.0,,0.0,15,0
490172******7400,2015-05-21 18:38:42,112.0,No,0,0,2015-05-18 15:06:44,4531.966666666666,67.2,0.6666666666666665,18,0
490172******7410,2015-05-12 11:37:35,132.0,No,0,0,,-1.0,,0.0,11,0
490172******7415,2015-05-13 15:04:20,352.0,No,0,0,,-1.0,,0.0,15,0
490172******7425,2015-05-29 18:50:43,46.0,No,0,0,,-1.0,,0.0,18,0
490172******7427,2015-05-03 23:43:04,66.0,No,0,0,,-1.0,,0.0,23,1
490172******7430,2015-05-27 19:39:07,198.0,No,0,0,,-1.0,,0.0,19,0
490172******7493,2015-05-14 21:59:21,154.0,No,0,0,,-1.0,,0.0,21,0
490172******7493,2015-05-15 18:05:44,77.0,No,0,1,2015-05-14 21:59:21,1206.3833333333334,154.0,-0.5,18,0
490172******7496,2015-05-09 17:08:49,70.0,No,0,0,,-1.0,,0.0,17,0
490172******7506,2015-05-06 15:23:59,310.5,No,0,0,,-1.0,,0.0,15,0
490172******7527,2015-05-27 18:54:54,121.0,No,0,0,,-1.0,,0.0,18,0
490172******7538,2015-05-20 10:49:33,79.5,No,0,0,,-1.0,,0.0,10,0
490172******7538,2015-05-30 18:13:55,26.5,No,0,0,2015-05-20 10:49:33,14844.366666666667,79.5,-0.6666666666666667,18,0
490172******7538,2015-05-30 18:13:55,26.5,No,0,0,2015-05-30 18:13:55,0.0,53.0,-0.5,18,0
490172******7553,2015-05-29 14:43:05,20.0,No,0,0,,-1.0,,0.0,14,0
490172******7572,2015-05-22 13:24:56,179.2,No,0,0,,-1.0,,0.0,13,0
490172******7580,2015-05-29 23:27:30,88.0,No,0,0,,-1.0,,0.0,23,1
490172******7589,2015-05-19 08:50:12,100.8,No,0,0,,-1.0,,0.0,8,0
490172******7589,2015-05-19 14:18:49,100.8,No,0,1,2015-05-19 08:50:12,328.6166666666667,100.8,0.0,14,0
490172******7595,2015-05-04 10:45:15,48.0,No,0,0,,-1.0,,0.0,10,0
490172******7605,2015-05-11 16:59:17,154.0,No,0,0,,-1.0,,0.0,16,0
490172******7622,2015-05-05 17:12:47,132.0,No,0,0,,-1.0,,0.0,17,0
490172******7639,2015-05-15 21:49:06,77.0,No,0,0,,-1.0,,0.0,21,0
490172******7639,2015-05-18 14:15:46,89.6,No,0,0,2015-05-15 21:49:06,3866.6666666666665,77.0,0.16363636363636358,14,0
490172******7684,2015-05-13 09:33:25,77.0,No,0,0,,-1.0,,0.0,9,0
490172******7701,2015-05-15 18:26:55,154.0,No,0,0,,-1.0,,0.0,18,0
490172******7705,2015-05-13 18:35:46,78.4,No,0,0,,-1.0,,0.0,18,0
490172******7732,2015-05-01 09:48:03,69.0,No,0,0,,-1.0,,0.0,9,0
490172******7766,2015-05-10 12:24:42,143.0,No,0,0,,-1.0,,0.0,12,0
490172******7840,2015-05-06 22:26:16,121.0,No,0,0,,-1.0,,0.0,22,0
490172******7847,2015-05-29 08:56:30,15.0,No,0,0,,-1.0,,0.0,8,0
490172******7863,2015-05-11 20:28:43,132.25,No,0,0,,-1.0,,0.0,20,0
490172******7867,2015-05-28 20:32:45,132.0,No,0,0,,-1.0,,0.0,20,0
490172******7880,2015-05-28 19:51:35,77.0,No,0,0,,-1.0,,0.0,19,0
490172******7904,2015-05-12 07:06:15,154.0,No,0,0,,-1.0,,0.0,7,0
490172******7913,2015-05-12 21:52:26,304.75,No,0,0,,-1.0,,0.0,21,0
490172******7917,2015-05-25 19:38:05,504.0,No,0,0,,-1.0,,0.0,19,0
490172******7924,2015-05-19 21:07:48,67.2,No,0,0,,-1.0,,0.0,21,0
490172******7929,2015-05-15 17:45:48,308.0,No,0,0,,-1.0,,0.0,17,0
490172******7943,2015-05-29 09:47:35,25.0,No,0,0,,-1.0,,0.0,9,0
490172******7962,2015-05-13 01:21:37,44.8,No,0,0,,-1.0,,0.0,1,1
490172******7962,2015-05-13 14:34:40,78.4,No,0,1,2015-05-13 01:21:37,793.05,44.8,0.7500000000000002,14,0
490172******8065,2015-05-10 16:38:27,143.0,No,0,0,,-1.0,,0.0,16,0
490172******8069,2015-05-23 19:45:59,179.2,No,0,0,,-1.0,,0.0,19,0
490172******8117,2015-05-11 14:46:40,104.5,No,0,0,,-1.0,,0.0,14,0
490172******8122,2015-05-11 14:30:12,154.0,No,0,0,,-1.0,,0.0,14,0
490172******8122,2015-05-18 21:30:17,44.8,No,0,0,2015-05-11 14:30:12,10500.083333333334,154.0,-0.7090909090909091,21,0
490172******8140,2015-05-13 13:26:59,77.0,No,0,0,,-1.0,,0.0,13,0
490172******8144,2015-05-18 21:29:13,44.0,No,0,0,,-1.0,,0.0,21,0
490172******8147,2015-05-26 10:14:46,80.5,No,0,0,,-1.0,,0.0,10,0
490172******8168,2015-05-28 23:35:04,20.0,No,0,0,,-1.0,,0.0,23,1
490172******8178,2015-05-11 12:04:19,224.0,No,0,0,,-1.0,,0.0,12,0
490172******8204,2015-05-11 14:11:46,89.6,No,0,0,,-1.0,,0.0,14,0
490172******8219,2015-05-25 11:03:02,1660.0,No,0,0,,-1.0,,0.0,11,0
490172******8221,2015-05-30 09:22:39,121.0,No,0,0,,-1.0,,0.0,9,0
490172******8236,2015-05-15 18:23:47,123.3,No,0,0,,-1.0,,0.0,18,0
490172******8238,2015-05-15 07:48:38,123.3,No,0,0,,-1.0,,0.0,7,0
490172******8268,2015-05-13 20:47:37,230.0,No,0,0,,-1.0,,0.0,20,0
490172******8291,2015-05-25 07:46:43,89.6,No,0,0,,-1.0,,0.0,7,0
490172******8301,2015-05-07 20:26:06,34.5,No,0,0,,-1.0,,0.0,20,0
490172******8321,2015-05-06 14:14:45,257.6,No,0,0,,-1.0,,0.0,14,0
490172******8322,2015-05-06 09:56:33,154.0,No,0,0,,-1.0,,0.0,9,0
490172******8324,2015-05-06 17:14:59,138.0,No,0,0,,-1.0,,0.0,17,0
490172******8362,2015-05-06 19:32:00,70.0,No,0,0,,-1.0,,0.0,19,0
490172******8433,2015-05-06 13:34:48,92.0,No,0,0,,-1.0,,0.0,13,0
490172******8442,2015-05-20 11:50:55,126.5,No,0,0,,-1.0,,0.0,11,0
490172******8454,2015-05-12 01:12:27,154.0,No,0,0,,-1.0,,0.0,1,1
490172******8464,2015-05-13 15:21:41,352.0,No,0,0,,-1.0,,0.0,15,0
490172******8477,2015-05-22 12:10:53,172.5,No,0,0,,-1.0,,0.0,12,0
490172******8494,2015-05-11 18:21:37,145.6,No,0,0,,-1.0,,0.0,18,0
490172******8494,2015-05-19 15:50:14,280.0,No,0,0,2015-05-11 18:21:37,11368.616666666667,145.6,0.9230769230769231,15,0
490172******8496,2015-05-29 17:45:32,92.0,No,0,0,,-1.0,,0.0,17,0
490172******8503,2015-05-11 17:38:29,67.2,No,0,0,,-1.0,,0.0,17,0
490172******8516,2015-05-11 12:18:59,112.0,No,0,0,,-1.0,,0.0,12,0
490172******8529,2015-05-22 13:56:51,20.0,No,0,0,,-1.0,,0.0,13,0
490172******8538,2015-05-06 18:38:15,89.6,No,0,0,,-1.0,,0.0,18,0
490172******8538,2015-05-11 12:01:16,89.6,No,0,0,2015-05-06 18:38:15,6803.016666666666,89.6,0.0,12,0
490172******8538,2015-05-19 19:52:36,20.0,No,0,0,2015-05-11 12:01:16,11991.333333333334,89.6,-0.7767857142857143,19,0
490172******8540,2015-05-12 23:50:12,110.0,No,0,0,,-1.0,,0.0,23,1
490172******8555,2015-05-13 15:09:10,231.15,No,0,0,,-1.0,,0.0,15,0
490172******8619,2015-05-06 14:58:17,134.4,No,0,0,,-1.0,,0.0,14,0
490172******8619,2015-05-07 10:02:51,88.0,No,0,1,2015-05-06 14:58:17,1144.5666666666666,134.4,-0.34523809523809523,10,0
490172******8621,2015-05-07 17:04:54,17.51,No,0,0,,-1.0,,0.0,17,0
490172******8621,2015-05-11 11:38:03,78.4,No,0,0,2015-05-07 17:04:54,5433.15,17.51,3.4774414620217016,11,0
490172******8621,2015-05-11 12:02:22,89.6,No,0,1,2015-05-11 11:38:03,24.316666666666666,47.955000000000005,0.8684183088311956,12,0
490172******8623,2015-05-14 21:53:03,184.0,No,0,0,,-1.0,,0.0,21,0
490172******8623,2015-05-15 18:53:24,448.0,No,0,1,2015-05-14 21:53:03,1260.35,184.0,1.4347826086956523,18,0
490172******8633,2015-05-29 13:13:19,20.0,No,0,0,,-1.0,,0.0,13,0
490172******8638,2015-05-07 14:55:37,110.0,No,0,0,,-1.0,,0.0,14,0
490172******8642,2015-05-15 12:41:39,104.5,No,0,0,,-1.0,,0.0,12,0
490172******8642,2015-05-30 18:11:07,40.0,No,0,0,2015-05-15 12:41:39,21929.466666666667,104.5,-0.6172248803827751,18,0
490172******8642,2015-05-30 18:11:07,40.0,No,0,0,2015-05-30 18:11:07,0.0,72.25,-0.44636678200692037,18,0
490172******8713,2015-05-15 09:47:22,89.6,No,0,0,,-1.0,,0.0,9,0
490172******8738,2015-05-12 19:23:25,154.0,No,0,0,,-1.0,,0.0,19,0
490172******8738,2015-05-14 10:37:16,104.5,No,0,0,2015-05-12 19:23:25,2353.85,154.0,-0.3214285714285714,10,0
490172******8768,2015-05-15 18:02:41,176.0,No,0,0,,-1.0,,0.0,18,0
490172******8773,2015-05-07 00:22:48,104.5,No,0,0,,-1.0,,0.0,0,1
490172******8797,2015-05-12 10:22:20,78.4,No,0,0,,-1.0,,0.0,10,0
490172******8797,2015-05-24 14:35:01,280.0,No,0,0,2015-05-12 10:22:20,17532.683333333334,78.4,2.571428571428571,14,0
490172******8806,2015-05-11 13:31:16,134.4,No,0,0,,-1.0,,0.0,13,0
490172******8807,2015-05-25 10:18:32,830.0,No,0,0,,-1.0,,0.0,10,0
490172******8857,2015-05-12 12:50:50,78.4,No,0,0,,-1.0,,0.0,12,0
490172******8875,2015-05-02 16:07:50,143.0,No,0,0,,-1.0,,0.0,16,0
490172******8883,2015-05-11 12:13:27,154.0,No,0,0,,-1.0,,0.0,12,0
490172******8888,2015-05-28 14:54:48,89.6,No,0,0,,-1.0,,0.0,14,0
490172******8898,2015-05-12 19:40:56,352.0,No,0,0,,-1.0,,0.0,19,0
490172******8903,2015-05-05 14:05:08,143.0,No,0,0,,-1.0,,0.0,14,0
490172******8903,2015-05-21 09:19:30,121.0,No,0,0,2015-05-05 14:05:08,22754.366666666665,143.0,-0.15384615384615385,9,0
490172******8910,2015-05-28 16:35:45,1060.0,No,0,0,,-1.0,,0.0,16,0
490172******8928,2015-05-06 14:19:07,44.0,No,0,0,,-1.0,,0.0,14,0
490172******8928,2015-05-13 13:35:02,110.0,No,0,0,2015-05-06 14:19:07,10035.916666666666,44.0,1.5,13,0
490172******8928,2015-05-16 23:02:33,89.6,No,0,0,2015-05-13 13:35:02,4887.516666666666,77.0,0.16363636363636358,23,1
490172******8930,2015-05-11 21:18:52,154.0,No,0,0,,-1.0,,0.0,21,0
490172******8934,2015-05-12 09:09:07,264.5,No,0,0,,-1.0,,0.0,9,0
490172******8939,2015-05-11 13:53:36,190.4,No,0,0,,-1.0,,0.0,13,0
490172******8976,2015-05-11 13:18:33,112.0,No,0,0,,-1.0,,0.0,13,0
490172******8976,2015-05-29 19:44:40,121.0,No,0,0,2015-05-11 13:18:33,26306.116666666665,112.0,0.0803571428571428,19,0
490172******8979,2015-05-06 14:58:43,103.5,No,0,0,,-1.0,,0.0,14,0
490172******8990,2015-05-13 15:03:25,209.0,No,0,0,,-1.0,,0.0,15,0
490172******9004,2015-05-13 11:23:19,154.0,No,0,0,,-1.0,,0.0,11,0
490172******9004,2015-05-29 15:59:56,172.5,No,0,0,2015-05-13 11:23:19,23316.616666666665,154.0,0.12012987012987009,15,0
490172******9006,2015-05-12 23:43:56,56.0,No,0,0,,-1.0,,0.0,23,1
490172******9034,2015-05-28 10:10:12,121.0,No,0,0,,-1.0,,0.0,10,0
490172******9042,2015-05-28 16:04:03,99.0,No,0,0,,-1.0,,0.0,16,0
490172******9049,2015-05-29 10:27:24,517.5,No,0,0,,-1.0,,0.0,10,0
490172******9050,2015-05-27 19:12:14,330.0,No,0,0,,-1.0,,0.0,19,0
490172******9064,2015-05-07 14:56:27,132.0,No,0,0,,-1.0,,0.0,14,0
490172******9077,2015-05-25 13:29:46,145.6,No,0,0,,-1.0,,0.0,13,0
490172******9077,2015-05-30 18:31:21,100.8,No,0,0,2015-05-25 13:29:46,7501.583333333333,145.6,-0.3076923076923077,18,0
490172******9077,2015-05-30 18:31:21,100.8,No,0,0,2015-05-30 18:31:21,0.0,123.19999999999999,-0.18181818181818177,18,0
490172******9109,2015-05-22 19:47:47,132.0,No,0,0,,-1.0,,0.0,19,0
490172******9117,2015-05-11 21:04:58,154.0,No,0,0,,-1.0,,0.0,21,0
490172******9142,2015-05-12 15:38:29,44.8,No,0,0,,-1.0,,0.0,15,0
490172******9142,2015-05-12 15:48:21,78.4,No,0,1,2015-05-12 15:38:29,9.866666666666667,44.8,0.7500000000000002,15,0
490172******9143,2015-05-20 15:03:24,100.8,No,0,0,,-1.0,,0.0,15,0
490172******9175,2015-05-09 13:10:02,62.1,No,0,0,,-1.0,,0.0,13,0
490172******9179,2015-05-09 18:34:22,34.5,No,0,0,,-1.0,,0.0,18,0
490172******9201,2015-05-03 16:38:43,92.0,No,0,0,,-1.0,,0.0,16,0
490172******9208,2015-05-18 23:55:25,100.8,No,0,0,,-1.0,,0.0,23,1
490172******9218,2015-05-13 21:50:15,154.0,No,0,0,,-1.0,,0.0,21,0
490172******9218,2015-05-13 21:55:15,154.0,No,0,1,2015-05-13 21:50:15,5.0,154.0,0.0,21,0
490172******9240,2015-05-20 10:07:51,89.6,No,0,0,,-1.0,,0.0,10,0
490172******9325,2015-05-15 17:40:33,154.0,No,0,0,,-1.0,,0.0,17,0
490172******9326,2015-05-13 19:14:24,112.0,No,0,0,,-1.0,,0.0,19,0
490172******9336,2015-05-06 09:13:02,66.0,No,0,0,,-1.0,,0.0,9,0
490172******9346,2015-05-11 22:03:30,264.5,No,0,0,,-1.0,,0.0,22,0
490172******9370,2015-05-09 10:15:15,92.0,No,0,0,,-1.0,,0.0,10,0
490172******9379,2015-05-12 08:11:18,78.4,No,0,0,,-1.0,,0.0,8,0
490172******9421,2015-05-21 21:40:03,224.0,No,0,0,,-1.0,,0.0,21,0
490172******9454,2015-05-10 20:57:51,55.0,No,0,0,,-1.0,,0.0,20,0
490172******9458,2015-05-29 09:55:53,121.0,No,0,0,,-1.0,,0.0,9,0
490172******9459,2015-05-24 14:23:21,30.0,No,0,0,,-1.0,,0.0,14,0
490172******9478,2015-05-23 14:55:17,117.6,No,0,0,,-1.0,,0.0,14,0
490172******9482,2015-05-06 16:11:19,46.0,No,0,0,,-1.0,,0.0,16,0
490172******9495,2015-05-07 19:56:31,77.0,No,0,0,,-1.0,,0.0,19,0
490172******9495,2015-05-11 14:18:15,156.8,No,0,0,2015-05-07 19:56:31,5421.733333333334,77.0,1.0363636363636366,14,0
490172******9495,2015-05-23 20:58:14,100.8,No,0,0,2015-05-11 14:18:15,17679.983333333334,116.9,-0.13772455089820368,20,0
490172******9513,2015-05-14 20:22:17,154.0,No,0,0,,-1.0,,0.0,20,0
490172******9515,2015-05-12 17:54:47,132.25,No,0,0,,-1.0,,0.0,17,0
490172******9559,2015-05-16 18:02:44,440.0,No,0,0,,-1.0,,0.0,18,0
490172******9569,2015-05-12 20:33:11,154.0,No,0,0,,-1.0,,0.0,20,0
490172******9569,2015-05-28 18:21:17,132.0,No,0,0,2015-05-12 20:33:11,22908.1,154.0,-0.1428571428571429,18,0
490172******9572,2015-05-09 19:12:11,104.5,No,0,0,,-1.0,,0.0,19,0
490172******9578,2015-05-20 21:44:28,15.0,No,0,0,,-1.0,,0.0,21,0
490172******9615,2015-05-06 18:40:13,103.5,No,0,0,,-1.0,,0.0,18,0
490172******9649,2015-05-30 19:22:48,70.0,No,0,0,,-1.0,,0.0,19,0
490172******9649,2015-05-30 19:22:48,70.0,No,0,0,2015-05-30 19:22:48,0.0,70.0,0.0,19,0
490172******9650,2015-05-06 23:10:22,89.6,No,0,0,,-1.0,,0.0,23,1
490172******9657,2015-05-17 03:55:03,46.0,No,0,0,,-1.0,,0.0,3,1
490172******9666,2015-05-24 19:44:56,112.0,No,0,0,,-1.0,,0.0,19,0
490172******9669,2015-05-12 00:55:55,78.4,No,0,0,,-1.0,,0.0,0,1
490172******9701,2015-05-22 13:00:52,67.2,No,0,0,,-1.0,,0.0,13,0
490172******9715,2015-05-10 21:28:32,104.5,No,0,0,,-1.0,,0.0,21,0
490172******9723,2015-05-08 14:51:54,143.0,No,0,0,,-1.0,,0.0,14,0
490172******9733,2015-05-05 20:44:48,69.0,No,0,0,,-1.0,,0.0,20,0
490172******9783,2015-05-09 13:01:12,235.2,No,0,0,,-1.0,,0.0,13,0
490172******9790,2015-05-20 14:05:38,56.0,No,0,0,,-1.0,,0.0,14,0
490172******9792,2015-05-04 15:35:30,123.3,No,0,0,,-1.0,,0.0,15,0
490172******9792,2015-05-29 19:31:23,172.5,No,0,0,2015-05-04 15:35:30,36235.88333333333,123.3,0.3990267639902676,19,0
490172******9804,2015-05-29 18:24:07,121.0,No,0,0,,-1.0,,0.0,18,0
490172******9823,2015-05-19 09:25:38,89.6,No,0,0,,-1.0,,0.0,9,0
490172******9826,2015-05-06 19:22:38,336.0,No,0,0,,-1.0,,0.0,19,0
490172******9826,2015-05-14 14:11:23,99.0,No,0,0,2015-05-06 19:22:38,11208.75,336.0,-0.7053571428571428,14,0
490172******9834,2015-05-15 23:24:16,57.5,No,0,0,,-1.0,,0.0,23,1
490172******9834,2015-05-22 17:36:44,330.0,No,0,0,2015-05-15 23:24:16,9732.466666666667,57.5,4.739130434782608,17,0
490172******9836,2015-05-03 13:09:37,143.0,No,0,0,,-1.0,,0.0,13,0
490172******9892,2015-05-10 19:35:23,148.5,No,0,0,,-1.0,,0.0,19,0
490172******9892,2015-05-14 13:38:50,154.0,No,0,0,2015-05-10 19:35:23,5403.45,148.5,0.03703703703703698,13,0
490172******9923,2015-05-22 18:55:10,110.0,No,0,0,,-1.0,,0.0,18,0
490172******9971,2015-05-11 11:10:27,57.5,No,0,0,,-1.0,,0.0,11,0
490172******9971,2015-05-26 13:40:11,145.6,No,0,0,2015-05-11 11:10:27,21749.733333333334,57.5,1.532173913043478,13,0
490172******9995,2015-05-13 16:23:57,154.0,No,0,0,,-1.0,,0.0,16,0
490172******9996,2015-05-28 18:57:56,20.0,No,0,0,,-1.0,,0.0,18,0
491256******3137,2015-05-11 19:30:20,154.0,No,0,0,,-1.0,,0.0,19,0
491256******3137,2015-05-29 18:52:56,110.0,No,0,0,2015-05-11 19:30:20,25882.6,154.0,-0.2857142857142857,18,0
491256******3137,2015-05-30 13:46:37,99.0,No,0,1,2015-05-29 18:52:56,1133.6833333333334,132.0,-0.25,13,0
491412******0114,2015-05-23 16:06:56,20.0,No,0,0,,-1.0,,0.0,16,0
491514******2036,2015-05-15 13:47:24,154.0,No,0,0,,-1.0,,0.0,13,0
491514******3787,2015-05-12 23:14:30,55.0,No,0,0,,-1.0,,0.0,23,1
491674******0004,2015-05-07 08:04:10,138.0,No,0,0,,-1.0,,0.0,8,0
491674******0044,2015-05-10 22:10:38,148.5,No,0,0,,-1.0,,0.0,22,0
491674******0152,2015-05-22 12:22:03,46.0,No,0,0,,-1.0,,0.0,12,0
491674******0340,2015-05-24 13:28:04,161.0,No,0,0,,-1.0,,0.0,13,0
491674******0496,2015-05-14 21:16:21,308.0,No,0,0,,-1.0,,0.0,21,0
491674******0848,2015-05-08 12:50:42,46.69,No,0,0,,-1.0,,0.0,12,0
491674******1253,2015-05-08 15:54:18,69.0,No,0,0,,-1.0,,0.0,15,0
491674******1272,2015-05-27 23:42:36,10.0,No,0,0,,-1.0,,0.0,23,1
491674******1272,2015-05-28 16:35:03,25.0,No,0,1,2015-05-27 23:42:36,1012.45,10.0,1.5,16,0
491674******1673,2015-05-28 21:54:53,15.0,No,0,0,,-1.0,,0.0,21,0
491674******1673,2015-05-29 21:07:44,10.0,No,0,1,2015-05-28 21:54:53,1392.85,15.0,-0.33333333333333337,21,0
491674******2003,2015-05-12 21:58:50,172.75,No,0,0,,-1.0,,0.0,21,0
491674******2163,2015-05-18 13:09:08,186.3,No,0,0,,-1.0,,0.0,13,0
491674******2219,2015-05-11 14:11:24,78.4,No,0,0,,-1.0,,0.0,14,0
491674******2298,2015-05-29 12:54:32,187.0,No,0,0,,-1.0,,0.0,12,0
491674******2306,2015-05-26 09:55:32,100.0,No,0,0,,-1.0,,0.0,9,0
491674******2540,2015-05-02 18:38:27,70.0,No,0,0,,-1.0,,0.0,18,0
491674******2540,2015-05-03 11:32:24,35.0,No,0,1,2015-05-02 18:38:27,1013.95,70.0,-0.5,11,0
491674******2540,2015-05-03 14:23:41,70.0,No,0,2,2015-05-03 11:32:24,171.28333333333333,52.5,0.33333333333333326,14,0
491674******2540,2015-05-07 17:01:34,70.0,No,0,0,2015-05-03 14:23:41,5917.883333333333,58.333333333333336,0.19999999999999996,17,0
491674******2674,2015-05-01 13:05:08,109.61,No,0,0,,-1.0,,0.0,13,0
491674******2831,2015-05-21 09:17:52,103.5,No,0,0,,-1.0,,0.0,9,0
491674******3006,2015-05-07 11:41:34,156.8,No,0,0,,-1.0,,0.0,11,0
491674******3124,2015-05-29 14:26:58,140.0,No,0,0,,-1.0,,0.0,14,0
491674******3380,2015-05-29 16:44:18,46.0,Yes,1,0,,-1.0,,0.0,16,0
491674******3380,2015-05-29 16:45:23,46.0,Yes,1,1,2015-05-29 16:44:18,1.0833333333333333,46.0,0.0,16,0
491674******3380,2015-05-29 16:46:36,46.0,Yes,1,2,2015-05-29 16:45:23,1.2166666666666666,46.0,0.0,16,0
491674******3538,2015-05-23 19:04:38,20.0,No,0,0,,-1.0,,0.0,19,0
491674******3619,2015-05-16 17:20:38,360.0,No,0,0,,-1.0,,0.0,17,0
491674******3778,2015-05-15 16:12:16,154.0,No,0,0,,-1.0,,0.0,16,0
491674******3807,2015-05-16 12:50:14,429.0,No,0,0,,-1.0,,0.0,12,0
491674******3824,2015-05-07 13:03:04,115.0,No,0,0,,-1.0,,0.0,13,0
491674******3824,2015-05-10 11:08:14,112.0,No,0,0,2015-05-07 13:03:04,4205.166666666667,115.0,-0.02608695652173909,11,0
491674******3878,2015-05-04 13:56:14,28.75,No,0,0,,-1.0,,0.0,13,0
491674******3878,2015-05-12 12:40:41,34.5,No,0,0,2015-05-04 13:56:14,11444.45,28.75,0.19999999999999996,12,0
491674******4556,2015-05-12 18:38:59,134.4,No,0,0,,-1.0,,0.0,18,0
491674******4608,2015-05-21 19:46:20,46.0,No,0,0,,-1.0,,0.0,19,0
491674******4618,2015-05-07 20:34:47,138.0,No,0,0,,-1.0,,0.0,20,0
491674******4707,2015-05-26 15:01:30,88.0,No,0,0,,-1.0,,0.0,15,0
491674******4936,2015-05-12 17:21:22,49.5,No,0,0,,-1.0,,0.0,17,0
491674******4936,2015-05-18 23:11:22,114.94,No,0,0,2015-05-12 17:21:22,8990.0,49.5,1.322020202020202,23,1
491674******4998,2015-05-29 14:03:46,46.0,No,0,0,,-1.0,,0.0,14,0
491674******5405,2015-05-26 17:01:33,224.0,No,0,0,,-1.0,,0.0,17,0
491674******5433,2015-05-08 19:36:56,45.2,No,0,0,,-1.0,,0.0,19,0
491674******5760,2015-05-08 21:40:01,34.5,No,0,0,,-1.0,,0.0,21,0
491674******5951,2015-05-08 14:49:34,99.0,No,0,0,,-1.0,,0.0,14,0
491674******5960,2015-05-11 15:27:10,78.4,No,0,0,,-1.0,,0.0,15,0
491674******6022,2015-05-18 19:54:43,110.0,No,0,0,,-1.0,,0.0,19,0
491674******6204,2015-05-09 18:39:31,115.0,No,0,0,,-1.0,,0.0,18,0
491674******6285,2015-05-12 19:07:34,313.6,No,0,0,,-1.0,,0.0,19,0
491674******6337,2015-05-29 13:01:02,70.0,No,0,0,,-1.0,,0.0,13,0
491674******6537,2015-05-28 14:30:38,67.2,No,0,0,,-1.0,,0.0,14,0
491674******7158,2015-05-06 10:22:49,352.0,No,0,0,,-1.0,,0.0,10,0
491674******7158,2015-05-12 11:21:24,440.0,No,0,0,2015-05-06 10:22:49,8698.583333333334,352.0,0.25,11,0
491674******7385,2015-05-07 10:22:43,220.0,No,0,0,,-1.0,,0.0,10,0
491674******7677,2015-05-13 18:31:28,16.5,No,0,0,,-1.0,,0.0,18,0
491674******7764,2015-05-20 15:54:41,100.8,No,0,0,,-1.0,,0.0,15,0
491674******7774,2015-05-17 22:43:15,134.4,No,0,0,,-1.0,,0.0,22,0
491674******8087,2015-05-03 17:31:45,105.0,No,0,0,,-1.0,,0.0,17,0
491674******8285,2015-05-01 17:38:35,402.5,No,0,0,,-1.0,,0.0,17,0
491674******8285,2015-05-01 18:00:08,80.5,No,0,1,2015-05-01 17:38:35,21.55,402.5,-0.8,18,0
491674******8685,2015-05-11 13:21:07,224.0,No,0,0,,-1.0,,0.0,13,0
491674******9123,2015-05-11 13:09:06,78.4,No,0,0,,-1.0,,0.0,13,0
491674******9128,2015-05-29 21:51:14,172.5,No,0,0,,-1.0,,0.0,21,0
491674******9240,2015-05-21 14:28:13,145.6,No,0,0,,-1.0,,0.0,14,0
491674******9276,2015-05-25 18:59:22,100.8,No,0,0,,-1.0,,0.0,18,0
491674******9502,2015-05-30 13:03:43,100.8,No,0,0,,-1.0,,0.0,13,0
491674******9502,2015-05-30 13:04:16,100.8,No,0,1,2015-05-30 13:03:43,0.55,100.8,0.0,13,0
491674******9585,2015-05-15 17:38:47,253.0,No,0,0,,-1.0,,0.0,17,0
491674******9604,2015-05-20 11:03:38,27.0,No,0,0,,-1.0,,0.0,11,0
491674******9604,2015-05-21 13:58:24,13.5,No,0,0,2015-05-20 11:03:38,1614.7666666666667,27.0,-0.5,13,0
491675******0173,2015-05-11 11:54:44,156.8,No,0,0,,-1.0,,0.0,11,0
491675******0411,2015-05-04 17:37:27,425.6,No,0,0,,-1.0,,0.0,17,0
491675******0888,2015-05-09 20:45:13,291.2,No,0,0,,-1.0,,0.0,20,0
491675******0888,2015-05-26 01:42:51,100.8,No,0,0,2015-05-09 20:45:13,23337.633333333335,291.2,-0.6538461538461539,1,1
491675******0888,2015-05-28 12:02:04,89.6,No,0,0,2015-05-26 01:42:51,3499.2166666666667,196.0,-0.5428571428571429,12,0
491675******1133,2015-05-14 19:59:08,308.0,No,0,0,,-1.0,,0.0,19,0
491675******1570,2015-05-14 10:29:07,93.15,No,0,0,,-1.0,,0.0,10,0
491675******1584,2015-05-12 07:23:33,154.0,No,0,0,,-1.0,,0.0,7,0
491675******1597,2015-05-06 10:24:32,69.0,No,0,0,,-1.0,,0.0,10,0
491675******1965,2015-05-16 13:16:13,92.0,No,0,0,,-1.0,,0.0,13,0
491675******2278,2015-05-14 13:56:29,264.0,No,0,0,,-1.0,,0.0,13,0
491675******2357,2015-05-04 10:45:21,143.0,No,0,0,,-1.0,,0.0,10,0
491675******2357,2015-05-17 22:01:31,67.2,No,0,0,2015-05-04 10:45:21,19396.166666666668,143.0,-0.5300699300699301,22,0
491675******3578,2015-05-30 12:15:30,15.0,No,0,0,,-1.0,,0.0,12,0
491675******3798,2015-05-01 14:02:45,72.0,No,0,0,,-1.0,,0.0,14,0
491675******4250,2015-05-03 13:29:19,286.0,No,0,0,,-1.0,,0.0,13,0
491675******4281,2015-05-29 21:45:33,345.0,No,0,0,,-1.0,,0.0,21,0
491675******4971,2015-05-23 22:57:29,30.0,No,0,0,,-1.0,,0.0,22,0
491675******5325,2015-05-06 23:31:26,220.0,No,0,0,,-1.0,,0.0,23,1
491675******5382,2015-05-12 09:50:35,78.4,No,0,0,,-1.0,,0.0,9,0
491675******5382,2015-05-19 11:52:58,70.0,No,0,0,2015-05-12 09:50:35,10202.383333333333,78.4,-0.1071428571428572,11,0
491675******5469,2015-05-25 18:56:44,630.0,No,0,0,,-1.0,,0.0,18,0
491675******6871,2015-05-28 15:06:53,1696.0,No,0,0,,-1.0,,0.0,15,0
491675******6901,2015-05-08 13:58:30,99.0,No,0,0,,-1.0,,0.0,13,0
491675******6901,2015-05-27 21:01:44,99.0,No,0,0,2015-05-08 13:58:30,27783.233333333334,99.0,0.0,21,0
491675******7693,2015-05-03 17:37:13,143.0,No,0,0,,-1.0,,0.0,17,0
491675******8081,2015-05-27 20:06:45,34.5,No,0,0,,-1.0,,0.0,20,0
491675******8092,2015-05-06 00:46:17,110.0,No,0,0,,-1.0,,0.0,0,1
491675******8558,2015-05-08 13:26:38,345.0,No,0,0,,-1.0,,0.0,13,0
491675******8613,2015-05-25 11:01:23,35.0,No,0,0,,-1.0,,0.0,11,0
491675******8878,2015-05-09 21:11:27,104.5,No,0,0,,-1.0,,0.0,21,0
491675******9380,2015-05-18 15:01:13,134.4,No,0,0,,-1.0,,0.0,15,0
491675******9827,2015-05-11 23:27:45,154.0,No,0,0,,-1.0,,0.0,23,1
491675******9946,2015-05-29 14:30:22,121.0,No,0,0,,-1.0,,0.0,14,0
492052******1694,2015-05-01 19:53:38,35.0,No,0,0,,-1.0,,0.0,19,0
492052******2508,2015-05-05 20:29:01,154.0,No,0,0,,-1.0,,0.0,20,0
492052******2816,2015-05-12 23:28:51,49.5,No,0,0,,-1.0,,0.0,23,1
493100******0356,2015-05-28 14:52:18,172.5,No,0,0,,-1.0,,0.0,14,0
493100******0715,2015-05-23 15:37:26,190.4,No,0,0,,-1.0,,0.0,15,0
493100******2727,2015-05-05 14:21:49,57.5,No,0,0,,-1.0,,0.0,14,0
493100******2727,2015-05-05 14:23:11,57.5,No,0,1,2015-05-05 14:21:49,1.3666666666666667,57.5,0.0,14,0
493100******2727,2015-05-05 14:24:18,57.5,No,0,2,2015-05-05 14:23:11,1.1166666666666667,57.5,0.0,14,0
493100******2727,2015-05-05 14:25:25,57.5,No,0,3,2015-05-05 14:24:18,1.1166666666666667,57.5,0.0,14,0
493100******6686,2015-05-16 23:12:43,66.0,No,0,0,,-1.0,,0.0,23,1
493100******7025,2015-05-05 17:14:52,57.5,No,0,0,,-1.0,,0.0,17,0
493101******1105,2015-05-25 20:05:31,112.0,No,0,0,,-1.0,,0.0,20,0
493101******1105,2015-05-28 21:57:09,88.0,No,0,0,2015-05-25 20:05:31,4431.633333333333,112.0,-0.2142857142857143,21,0
493101******4830,2015-05-13 03:19:44,77.0,No,0,0,,-1.0,,0.0,3,1
493101******4830,2015-05-15 18:21:58,99.0,No,0,0,2015-05-13 03:19:44,3782.233333333333,77.0,0.2857142857142858,18,0
493101******9091,2015-05-19 10:56:34,10.0,No,0,0,,-1.0,,0.0,10,0
493101******9329,2015-05-29 20:01:03,88.0,No,0,0,,-1.0,,0.0,20,0
493101******9550,2015-05-30 17:19:50,140.0,No,0,0,,-1.0,,0.0,17,0
493101******9550,2015-05-30 17:19:50,140.0,No,0,0,2015-05-30 17:19:50,0.0,140.0,0.0,17,0
493102******3206,2015-05-15 13:04:54,22.0,No,0,0,,-1.0,,0.0,13,0
493102******3373,2015-05-11 22:27:50,77.0,No,0,0,,-1.0,,0.0,22,0
493102******3404,2015-05-14 09:54:57,462.0,No,0,0,,-1.0,,0.0,9,0
493102******8700,2015-05-18 19:39:51,46.0,No,0,0,,-1.0,,0.0,19,0
493102******9598,2015-05-09 15:00:21,143.0,No,0,0,,-1.0,,0.0,15,0
493103******3852,2015-05-20 09:20:04,15.0,No,0,0,,-1.0,,0.0,9,0
493103******8090,2015-05-13 15:23:30,88.0,No,0,0,,-1.0,,0.0,15,0
493103******8689,2015-05-16 19:05:57,540.0,No,0,0,,-1.0,,0.0,19,0
493493******0019,2015-05-21 19:26:24,46.0,No,0,0,,-1.0,,0.0,19,0
493493******0055,2015-05-21 20:48:25,276.0,No,0,0,,-1.0,,0.0,20,0
493493******2016,2015-05-15 18:50:01,36.66,No,0,0,,-1.0,,0.0,18,0
493493******3231,2015-05-06 14:42:49,69.0,No,0,0,,-1.0,,0.0,14,0
493493******7030,2015-05-28 15:24:40,63.16,No,0,0,,-1.0,,0.0,15,0
493494******5057,2015-05-15 14:08:45,154.0,No,0,0,,-1.0,,0.0,14,0
493494******9035,2015-05-07 11:48:46,143.0,No,0,0,,-1.0,,0.0,11,0
498401******0052,2015-05-26 18:40:22,69.0,No,0,0,,-1.0,,0.0,18,0
498401******0223,2015-05-29 22:10:35,172.5,No,0,0,,-1.0,,0.0,22,0
498401******0408,2015-05-17 20:58:02,242.0,No,0,0,,-1.0,,0.0,20,0
498401******0495,2015-05-19 13:43:21,46.0,No,0,0,,-1.0,,0.0,13,0
498401******0585,2015-05-20 16:01:02,46.0,No,0,0,,-1.0,,0.0,16,0
498401******0627,2015-05-20 21:28:47,23.34,No,0,0,,-1.0,,0.0,21,0
498401******0676,2015-05-26 12:20:42,302.4,No,0,0,,-1.0,,0.0,12,0
498401******0908,2015-05-10 22:41:01,62.1,No,0,0,,-1.0,,0.0,22,0
498401******0940,2015-05-29 11:32:32,99.0,No,0,0,,-1.0,,0.0,11,0
498401******1238,2015-05-04 18:28:35,48.0,No,0,0,,-1.0,,0.0,18,0
498401******1256,2015-05-07 11:57:48,121.0,No,0,0,,-1.0,,0.0,11,0
498401******1256,2015-05-22 11:26:23,165.0,No,0,0,2015-05-07 11:57:48,21568.583333333332,121.0,0.36363636363636354,11,0
498401******1287,2015-05-04 12:56:01,66.0,No,0,0,,-1.0,,0.0,12,0
498401******1335,2015-05-09 17:42:47,55.0,No,0,0,,-1.0,,0.0,17,0
498401******1375,2015-05-13 21:24:57,154.0,No,0,0,,-1.0,,0.0,21,0
498401******1398,2015-05-08 14:42:09,140.0,No,0,0,,-1.0,,0.0,14,0
498401******1428,2015-05-13 11:38:29,156.8,No,0,0,,-1.0,,0.0,11,0
498401******1828,2015-05-05 14:41:12,143.0,No,0,0,,-1.0,,0.0,14,0
498401******1852,2015-05-08 18:27:35,201.6,No,0,0,,-1.0,,0.0,18,0
498401******1953,2015-05-07 22:37:51,165.0,No,0,0,,-1.0,,0.0,22,0
498401******2006,2015-05-25 10:46:39,1460.0,No,0,0,,-1.0,,0.0,10,0
498401******2278,2015-05-18 22:45:45,92.0,No,0,0,,-1.0,,0.0,22,0
498401******2436,2015-05-29 10:21:52,172.5,No,0,0,,-1.0,,0.0,10,0
498401******2548,2015-05-28 19:47:03,121.0,No,0,0,,-1.0,,0.0,19,0
498401******2597,2015-05-15 18:28:31,154.0,No,0,0,,-1.0,,0.0,18,0
498401******2600,2015-05-19 18:25:46,20.0,No,0,0,,-1.0,,0.0,18,0
498401******2603,2015-05-12 15:59:58,154.0,No,0,0,,-1.0,,0.0,15,0
498401******2603,2015-05-15 00:11:17,104.5,No,0,0,2015-05-12 15:59:58,3371.3166666666666,154.0,-0.3214285714285714,0,1
498401******2797,2015-05-13 10:26:17,55.0,No,0,0,,-1.0,,0.0,10,0
498401******2798,2015-05-25 12:02:43,10.0,No,0,0,,-1.0,,0.0,12,0
498401******3014,2015-05-06 13:14:40,23.0,No,0,0,,-1.0,,0.0,13,0
498401******3237,2015-05-05 19:51:18,44.0,No,0,0,,-1.0,,0.0,19,0
498401******3334,2015-05-09 15:30:07,78.4,No,0,0,,-1.0,,0.0,15,0
498401******3608,2015-05-02 03:21:12,185.39,Yes,1,0,,-1.0,,0.0,3,1
498401******3677,2015-05-29 19:33:52,55.0,No,0,0,,-1.0,,0.0,19,0
498401******3695,2015-05-05 09:58:38,104.5,No,0,0,,-1.0,,0.0,9,0
498401******3713,2015-05-11 12:02:02,134.4,No,0,0,,-1.0,,0.0,12,0
498401******3749,2015-05-06 09:35:19,187.0,No,0,0,,-1.0,,0.0,9,0
498401******3919,2015-05-06 13:16:44,69.0,No,0,0,,-1.0,,0.0,13,0
498401******3919,2015-05-08 12:36:08,34.5,No,0,0,2015-05-06 13:16:44,2839.4,69.0,-0.5,12,0
498401******4071,2015-05-19 02:24:43,17.24,Yes,1,0,,-1.0,,0.0,2,1
498401******4071,2015-05-19 02:26:07,17.24,Yes,1,1,2015-05-19 02:24:43,1.4,17.24,0.0,2,1
498401******4071,2015-05-19 02:27:22,17.24,Yes,1,2,2015-05-19 02:26:07,1.25,17.24,0.0,2,1
498401******4157,2015-05-24 08:08:09,20.0,No,0,0,,-1.0,,0.0,8,0
498401******4199,2015-05-30 16:59:39,99.0,No,0,0,,-1.0,,0.0,16,0
498401******4199,2015-05-30 16:59:39,99.0,No,0,0,2015-05-30 16:59:39,0.0,99.0,0.0,16,0
498401******4273,2015-05-05 22:33:36,70.0,No,0,0,,-1.0,,0.0,22,0
498401******4623,2015-05-18 12:41:57,34.5,No,0,0,,-1.0,,0.0,12,0
498401******4956,2015-05-09 15:04:00,100.8,No,0,0,,-1.0,,0.0,15,0
498401******5166,2015-05-13 18:30:27,78.4,No,0,0,,-1.0,,0.0,18,0
498401******5189,2015-05-18 14:08:32,89.6,No,0,0,,-1.0,,0.0,14,0
498401******5190,2015-05-16 10:44:52,440.0,No,0,0,,-1.0,,0.0,10,0
498401******5213,2015-05-06 20:39:48,374.0,No,0,0,,-1.0,,0.0,20,0
498401******5393,2015-05-04 18:47:05,143.0,No,0,0,,-1.0,,0.0,18,0
498401******5609,2015-05-22 19:21:58,121.0,No,0,0,,-1.0,,0.0,19,0
498401******5630,2015-05-06 14:48:16,103.5,No,0,0,,-1.0,,0.0,14,0
498401******5670,2015-05-30 11:36:22,26.5,No,0,0,,-1.0,,0.0,11,0
498401******5798,2015-05-28 12:05:24,15.0,No,0,0,,-1.0,,0.0,12,0
498401******5858,2015-05-19 13:50:34,23.0,No,0,0,,-1.0,,0.0,13,0
498401******6093,2015-05-11 12:19:42,112.0,No,0,0,,-1.0,,0.0,12,0
498401******6177,2015-05-26 16:02:13,31.05,No,0,0,,-1.0,,0.0,16,0
498401******6177,2015-05-28 07:17:28,34.5,No,0,0,2015-05-26 16:02:13,2355.25,31.05,0.11111111111111116,7,0
498401******6299,2015-05-19 13:25:08,25.0,No,0,0,,-1.0,,0.0,13,0
498401******6357,2015-05-28 14:11:17,848.0,No,0,0,,-1.0,,0.0,14,0
498401******6567,2015-05-06 18:52:04,132.0,No,0,0,,-1.0,,0.0,18,0
498401******6623,2015-05-27 22:40:38,69.0,No,0,0,,-1.0,,0.0,22,0
498401******6649,2015-05-15 15:22:02,154.0,No,0,0,,-1.0,,0.0,15,0
498401******6681,2015-05-15 16:55:09,62.1,No,0,0,,-1.0,,0.0,16,0
498401******6859,2015-05-30 19:35:32,123.2,No,0,0,,-1.0,,0.0,19,0
498401******6859,2015-05-30 19:35:32,123.2,No,0,0,2015-05-30 19:35:32,0.0,123.2,0.0,19,0
498401******7030,2015-05-25 12:32:34,154.0,No,0,0,,-1.0,,0.0,12,0
498401******7152,2015-05-13 22:38:53,175.0,No,0,0,,-1.0,,0.0,22,0
498401******7290,2015-05-26 19:49:33,40.0,No,0,0,,-1.0,,0.0,19,0
498401******7357,2015-05-25 21:23:01,37.8,No,0,0,,-1.0,,0.0,21,0
498401******7486,2015-05-19 21:50:12,165.0,No,0,0,,-1.0,,0.0,21,0
498401******7658,2015-05-07 09:20:35,88.0,No,0,0,,-1.0,,0.0,9,0
498401******7658,2015-05-07 13:07:02,121.0,No,0,1,2015-05-07 09:20:35,226.45,88.0,0.375,13,0
498401******7658,2015-05-28 22:35:59,88.0,No,0,0,2015-05-07 13:07:02,30808.95,104.5,-0.1578947368421053,22,0
498401******7663,2015-05-30 13:07:55,88.0,No,0,0,,-1.0,,0.0,13,0
498401******7671,2015-05-23 23:48:20,20.0,No,0,0,,-1.0,,0.0,23,1
498401******7729,2015-05-29 20:38:09,20.0,No,0,0,,-1.0,,0.0,20,0
498401******7730,2015-05-24 12:04:40,20.0,No,0,0,,-1.0,,0.0,12,0
498401******8039,2015-05-16 13:31:51,151.2,No,0,0,,-1.0,,0.0,13,0
498401******8102,2015-05-06 23:02:30,352.0,No,0,0,,-1.0,,0.0,23,1
498401******8163,2015-05-07 21:07:00,34.5,No,0,0,,-1.0,,0.0,21,0
498401******8190,2015-05-29 19:45:42,46.0,No,0,0,,-1.0,,0.0,19,0
498401******8499,2015-05-18 23:43:51,92.0,No,0,0,,-1.0,,0.0,23,1
498401******8745,2015-05-25 13:25:10,49.5,No,0,0,,-1.0,,0.0,13,0
498401******8827,2015-05-15 21:15:34,132.0,No,0,0,,-1.0,,0.0,21,0
498401******8994,2015-05-29 01:07:49,150.72,No,0,0,,-1.0,,0.0,1,1
498401******9076,2015-05-14 20:49:03,145.6,No,0,0,,-1.0,,0.0,20,0
498401******9076,2015-05-21 10:04:24,280.0,No,0,0,2015-05-14 20:49:03,9435.35,145.6,0.9230769230769231,10,0
498401******9076,2015-05-22 10:24:35,280.0,No,0,0,2015-05-21 10:04:24,1460.1833333333334,212.8,0.3157894736842104,10,0
498401******9397,2015-05-28 12:45:07,80.5,No,0,0,,-1.0,,0.0,12,0
498401******9572,2015-05-16 15:52:31,16.5,No,0,0,,-1.0,,0.0,15,0
498401******9576,2015-05-22 14:12:53,250.0,No,0,0,,-1.0,,0.0,14,0
498401******9598,2015-05-14 01:30:30,123.3,Yes,1,0,,-1.0,,0.0,1,1
498401******9598,2015-05-14 01:31:42,145.6,Yes,1,1,2015-05-14 01:30:30,1.2,123.3,0.18085969180859696,1,1
498401******9598,2015-05-14 01:32:57,145.6,Yes,1,2,2015-05-14 01:31:42,1.25,134.45,0.08293045741911498,1,1
498401******9598,2015-05-14 01:34:08,145.6,Yes,1,3,2015-05-14 01:32:57,1.1833333333333333,138.16666666666666,0.0537997587454766,1,1
498401******9598,2015-05-14 01:35:22,145.6,Yes,1,4,2015-05-14 01:34:08,1.2333333333333334,140.025,0.039814318871630006,1,1
498401******9694,2015-05-28 18:04:02,10.0,No,0,0,,-1.0,,0.0,18,0
498401******9705,2015-05-08 12:59:12,210.0,No,0,0,,-1.0,,0.0,12,0
498401******9745,2015-05-22 13:29:45,660.0,Yes,1,0,,-1.0,,0.0,13,0
498401******9819,2015-05-01 14:36:01,138.0,No,0,0,,-1.0,,0.0,14,0
498406******0071,2015-05-02 12:04:41,336.0,No,0,0,,-1.0,,0.0,12,0
498406******0083,2015-05-29 21:52:56,172.5,No,0,0,,-1.0,,0.0,21,0
498406******0288,2015-05-21 19:13:35,10.0,No,0,0,,-1.0,,0.0,19,0
498406******0382,2015-05-11 21:19:22,154.0,No,0,0,,-1.0,,0.0,21,0
498406******0463,2015-05-06 11:11:56,143.0,No,0,0,,-1.0,,0.0,11,0
498406******0469,2015-05-23 23:02:07,30.0,No,0,0,,-1.0,,0.0,23,1
498406******0516,2015-05-03 12:06:01,43.7,No,0,0,,-1.0,,0.0,12,0
498406******0574,2015-05-23 13:50:42,31.59,No,0,0,,-1.0,,0.0,13,0
498406******0755,2015-05-29 13:53:01,345.0,No,0,0,,-1.0,,0.0,13,0
498406******0877,2015-05-04 13:57:38,123.3,No,0,0,,-1.0,,0.0,13,0
498406******0936,2015-05-16 02:50:35,715.0,Yes,1,0,,-1.0,,0.0,2,1
498406******0936,2015-05-16 02:54:28,440.0,Yes,1,1,2015-05-16 02:50:35,3.8833333333333333,715.0,-0.3846153846153846,2,1
498406******0980,2015-05-21 20:06:06,66.0,No,0,0,,-1.0,,0.0,20,0
498406******1082,2015-05-28 22:08:18,53.0,No,0,0,,-1.0,,0.0,22,0
498406******1232,2015-05-23 22:31:01,45.0,No,0,0,,-1.0,,0.0,22,0
498406******1331,2015-05-12 18:53:34,308.0,No,0,0,,-1.0,,0.0,18,0
498406******1551,2015-05-06 14:47:28,103.5,No,0,0,,-1.0,,0.0,14,0
498406******1884,2015-05-28 20:29:52,15.0,No,0,0,,-1.0,,0.0,20,0
498406******1949,2015-05-30 12:37:26,88.0,No,0,0,,-1.0,,0.0,12,0
498406******2016,2015-05-29 09:27:22,134.4,No,0,0,,-1.0,,0.0,9,0
498406******2184,2015-05-05 12:47:34,13.0,No,0,0,,-1.0,,0.0,12,0
498406******2205,2015-05-15 06:35:55,154.0,No,0,0,,-1.0,,0.0,6,0
498406******2243,2015-05-05 11:01:04,143.0,No,0,0,,-1.0,,0.0,11,0
498406******2253,2015-05-21 15:30:19,121.0,No,0,0,,-1.0,,0.0,15,0
498406******2313,2015-05-20 09:15:49,184.0,No,0,0,,-1.0,,0.0,9,0
498406******2412,2015-05-28 08:40:56,88.0,No,0,0,,-1.0,,0.0,8,0
498406******2451,2015-05-25 09:28:57,10.0,No,0,0,,-1.0,,0.0,9,0
498406******2519,2015-05-12 22:35:30,97.75,No,0,0,,-1.0,,0.0,22,0
498406******2607,2015-05-25 16:58:18,46.0,No,0,0,,-1.0,,0.0,16,0
498406******3146,2015-05-14 22:03:21,330.0,No,0,0,,-1.0,,0.0,22,0
498406******3164,2015-05-07 11:53:55,104.5,No,0,0,,-1.0,,0.0,11,0
498406******3164,2015-05-07 13:22:02,104.5,No,0,1,2015-05-07 11:53:55,88.11666666666666,104.5,0.0,13,0
498406******3164,2015-05-07 13:29:14,104.5,No,0,2,2015-05-07 13:22:02,7.2,104.5,0.0,13,0
498406******3257,2015-05-22 12:20:34,30.0,No,0,0,,-1.0,,0.0,12,0
498406******3476,2015-05-25 22:00:46,38.5,No,0,0,,-1.0,,0.0,22,0
498406******3585,2015-05-29 09:36:17,10.0,No,0,0,,-1.0,,0.0,9,0
498406******3646,2015-05-07 11:57:07,110.0,No,0,0,,-1.0,,0.0,11,0
498406******3802,2015-05-25 17:36:09,360.0,No,0,0,,-1.0,,0.0,17,0
498406******4290,2015-05-26 18:53:35,62.1,No,0,0,,-1.0,,0.0,18,0
498406******4312,2015-05-29 19:51:17,34.5,No,0,0,,-1.0,,0.0,19,0
498406******4319,2015-05-12 18:48:44,95.2,No,0,0,,-1.0,,0.0,18,0
498406******4319,2015-05-21 12:04:54,117.6,No,0,0,2015-05-12 18:48:44,12556.166666666666,95.2,0.23529411764705865,12,0
498406******4592,2015-05-24 09:20:50,15.0,No,0,0,,-1.0,,0.0,9,0
498406******4723,2015-05-13 20:41:19,198.0,No,0,0,,-1.0,,0.0,20,0
498406******4795,2015-05-29 18:54:25,55.0,No,0,0,,-1.0,,0.0,18,0
498406******4795,2015-05-29 19:20:26,55.0,No,0,1,2015-05-29 18:54:25,26.016666666666666,55.0,0.0,19,0
498406******5201,2015-05-11 18:24:43,156.8,No,0,0,,-1.0,,0.0,18,0
498406******5255,2015-05-04 19:36:00,143.0,No,0,0,,-1.0,,0.0,19,0
498406******5326,2015-05-29 19:29:35,46.0,No,0,0,,-1.0,,0.0,19,0
498406******5357,2015-05-08 10:14:06,138.0,No,0,0,,-1.0,,0.0,10,0
498406******5379,2015-05-04 17:38:50,46.69,No,0,0,,-1.0,,0.0,17,0
498406******5392,2015-05-12 23:43:37,78.4,No,0,0,,-1.0,,0.0,23,1
498406******5446,2015-05-08 22:01:37,220.0,No,0,0,,-1.0,,0.0,22,0
498406******5446,2015-05-08 22:25:16,220.0,No,0,1,2015-05-08 22:01:37,23.65,220.0,0.0,22,0
498406******5477,2015-05-01 16:56:10,138.0,No,0,0,,-1.0,,0.0,16,0
498406******5492,2015-05-07 18:48:37,34.5,No,0,0,,-1.0,,0.0,18,0
498406******5533,2015-05-08 12:55:35,336.0,No,0,0,,-1.0,,0.0,12,0
498406******5602,2015-05-25 12:16:42,15.0,No,0,0,,-1.0,,0.0,12,0
498406******5664,2015-05-11 10:36:37,148.5,No,0,0,,-1.0,,0.0,10,0
498406******5676,2015-05-11 10:14:02,104.5,No,0,0,,-1.0,,0.0,10,0
498406******5705,2015-05-28 17:53:25,10.0,No,0,0,,-1.0,,0.0,17,0
498406******5729,2015-05-16 12:01:04,440.0,Yes,1,0,,-1.0,,0.0,12,0
498406******5729,2015-05-16 12:02:12,440.0,Yes,1,1,2015-05-16 12:01:04,1.1333333333333333,440.0,0.0,12,0
498406******5766,2015-05-04 19:32:07,23.0,No,0,0,,-1.0,,0.0,19,0
498406******5766,2015-05-05 08:38:20,23.0,No,0,1,2015-05-04 19:32:07,786.2166666666667,23.0,0.0,8,0
498406******5832,2015-05-15 17:07:16,154.0,No,0,0,,-1.0,,0.0,17,0
498406******5917,2015-05-15 12:55:46,154.0,No,0,0,,-1.0,,0.0,12,0
498406******6138,2015-05-20 18:27:57,38.5,No,0,0,,-1.0,,0.0,18,0
498406******6151,2015-05-22 22:01:14,245.0,No,0,0,,-1.0,,0.0,22,0
498406******6278,2015-05-23 13:49:35,10.0,No,0,0,,-1.0,,0.0,13,0
498406******6412,2015-05-12 20:53:50,112.0,No,0,0,,-1.0,,0.0,20,0
498406******6424,2015-05-01 09:21:35,126.5,Yes,1,0,,-1.0,,0.0,9,0
498406******6424,2015-05-01 09:23:02,126.5,Yes,1,1,2015-05-01 09:21:35,1.45,126.5,0.0,9,0
498406******6424,2015-05-01 09:24:24,126.5,Yes,1,2,2015-05-01 09:23:02,1.3666666666666667,126.5,0.0,9,0
498406******6424,2015-05-01 09:25:47,126.5,Yes,1,3,2015-05-01 09:24:24,1.3833333333333333,126.5,0.0,9,0
498406******6424,2015-05-01 09:26:56,126.5,Yes,1,4,2015-05-01 09:25:47,1.15,126.5,0.0,9,0
498406******6424,2015-05-01 09:28:27,126.5,Yes,1,5,2015-05-01 09:26:56,1.5166666666666666,126.5,0.0,9,0
498406******6424,2015-05-01 09:29:39,126.5,Yes,1,6,2015-05-01 09:28:27,1.2,126.5,0.0,9,0
498406******6424,2015-05-01 09:30:52,126.5,Yes,1,7,2015-05-01 09:29:39,1.2166666666666666,126.5,0.0,9,0
498406******6430,2015-05-13 09:52:16,220.0,No,0,0,,-1.0,,0.0,9,0
498406******6482,2015-05-03 21:43:58,143.0,No,0,0,,-1.0,,0.0,21,0
498406******6532,2015-05-07 15:25:49,792.0,No,0,0,,-1.0,,0.0,15,0
498406******6581,2015-05-22 16:28:29,250.0,No,0,0,,-1.0,,0.0,16,0
498406******6730,2015-05-12 22:23:24,55.0,No,0,0,,-1.0,,0.0,22,0
498406******6765,2015-05-12 21:39:01,77.0,No,0,0,,-1.0,,0.0,21,0
498406******6844,2015-05-12 21:39:49,609.5,No,0,0,,-1.0,,0.0,21,0
498406******6923,2015-05-09 19:55:30,110.0,No,0,0,,-1.0,,0.0,19,0
498406******6942,2015-05-09 10:19:31,143.0,No,0,0,,-1.0,,0.0,10,0
498406******7200,2015-05-21 11:59:06,112.0,No,0,0,,-1.0,,0.0,11,0
498406******7219,2015-05-11 20:24:36,132.25,No,0,0,,-1.0,,0.0,20,0
498406******7261,2015-05-12 18:13:46,55.0,No,0,0,,-1.0,,0.0,18,0
498406******7319,2015-05-06 23:34:23,352.0,No,0,0,,-1.0,,0.0,23,1
498406******7323,2015-05-11 17:37:48,104.5,No,0,0,,-1.0,,0.0,17,0
498406******7338,2015-05-13 13:26:28,154.0,No,0,0,,-1.0,,0.0,13,0
498406******7338,2015-05-13 13:28:08,154.0,No,0,1,2015-05-13 13:26:28,1.6666666666666667,154.0,0.0,13,0
498406******7338,2015-05-13 13:29:35,154.0,No,0,2,2015-05-13 13:28:08,1.45,154.0,0.0,13,0
498406******7338,2015-05-13 13:30:53,154.0,No,0,3,2015-05-13 13:29:35,1.3,154.0,0.0,13,0
498406******7338,2015-05-13 13:32:31,154.0,No,0,4,2015-05-13 13:30:53,1.6333333333333333,154.0,0.0,13,0
498406******7684,2015-05-06 22:42:14,336.0,No,0,0,,-1.0,,0.0,22,0
498406******7990,2015-05-24 11:33:18,20.0,No,0,0,,-1.0,,0.0,11,0
498406******8038,2015-05-25 18:24:36,75.6,No,0,0,,-1.0,,0.0,18,0
498406******8324,2015-05-20 21:30:19,5.0,No,0,0,,-1.0,,0.0,21,0
498406******8452,2015-05-14 10:24:21,78.4,No,0,0,,-1.0,,0.0,10,0
498406******8631,2015-05-13 22:38:10,112.0,No,0,0,,-1.0,,0.0,22,0
498406******8704,2015-05-29 15:01:38,85.0,No,0,0,,-1.0,,0.0,15,0
498406******8727,2015-05-29 14:47:44,99.0,No,0,0,,-1.0,,0.0,14,0
498406******8759,2015-05-08 16:18:11,34.5,No,0,0,,-1.0,,0.0,16,0
498406******8760,2015-05-22 14:58:41,132.0,Yes,1,0,,-1.0,,0.0,14,0
498406******8760,2015-05-22 15:00:06,132.0,Yes,1,1,2015-05-22 14:58:41,1.4166666666666667,132.0,0.0,15,0
498406******8760,2015-05-22 15:01:27,132.0,Yes,1,2,2015-05-22 15:00:06,1.35,132.0,0.0,15,0
498406******8760,2015-05-22 15:03:01,132.0,Yes,1,3,2015-05-22 15:01:27,1.5666666666666667,132.0,0.0,15,0
498406******8760,2015-05-22 15:04:22,132.0,Yes,1,4,2015-05-22 15:03:01,1.35,132.0,0.0,15,0
498406******8777,2015-05-29 11:40:43,10.0,No,0,0,,-1.0,,0.0,11,0
498406******8888,2015-05-11 14:09:44,112.0,No,0,0,,-1.0,,0.0,14,0
498406******8915,2015-05-29 19:11:00,88.0,No,0,0,,-1.0,,0.0,19,0
498406******8954,2015-05-30 17:38:15,53.0,No,0,0,,-1.0,,0.0,17,0
498406******8954,2015-05-30 17:38:15,53.0,No,0,0,2015-05-30 17:38:15,0.0,53.0,0.0,17,0
498406******9011,2015-05-29 08:30:39,35.0,No,0,0,,-1.0,,0.0,8,0
498406******9040,2015-05-29 12:39:25,44.0,No,0,0,,-1.0,,0.0,12,0
498406******9177,2015-05-29 08:57:41,10.0,No,0,0,,-1.0,,0.0,8,0
498406******9187,2015-05-15 15:15:08,154.0,No,0,0,,-1.0,,0.0,15,0
498406******9221,2015-05-17 20:57:11,112.0,No,0,0,,-1.0,,0.0,20,0
498406******9232,2015-05-19 08:50:38,20.0,No,0,0,,-1.0,,0.0,8,0
498406******9284,2015-05-05 18:14:58,230.0,No,0,0,,-1.0,,0.0,18,0
498406******9354,2015-05-14 19:00:54,99.0,No,0,0,,-1.0,,0.0,19,0
498406******9443,2015-05-16 18:14:20,33.0,No,0,0,,-1.0,,0.0,18,0
498406******9464,2015-05-23 20:20:13,5.0,No,0,0,,-1.0,,0.0,20,0
498406******9634,2015-05-08 13:36:45,69.0,No,0,0,,-1.0,,0.0,13,0
498406******9998,2015-05-11 12:07:42,44.8,No,0,0,,-1.0,,0.0,12,0
498407******0059,2015-05-29 21:08:39,5.0,No,0,0,,-1.0,,0.0,21,0
498407******0535,2015-05-15 12:51:04,154.0,No,0,0,,-1.0,,0.0,12,0
498407******0743,2015-05-11 18:57:52,33.0,No,0,0,,-1.0,,0.0,18,0
498407******0986,2015-05-26 16:47:22,46.69,No,0,0,,-1.0,,0.0,16,0
498407******0986,2015-05-29 14:33:07,23.35,No,0,0,2015-05-26 16:47:22,4185.75,46.69,-0.4998929106875133,14,0
498407******1064,2015-05-15 23:04:00,297.0,No,0,0,,-1.0,,0.0,23,1
498407******1878,2015-05-30 11:11:20,10.0,No,0,0,,-1.0,,0.0,11,0
498407******1909,2015-05-29 10:06:20,170.0,No,0,0,,-1.0,,0.0,10,0
498407******1919,2015-05-28 18:06:59,132.0,No,0,0,,-1.0,,0.0,18,0
498407******1962,2015-05-22 22:38:30,5.0,No,0,0,,-1.0,,0.0,22,0
498407******2077,2015-05-11 23:38:07,201.25,Yes,1,0,,-1.0,,0.0,23,1
498407******2077,2015-05-11 23:39:27,304.75,Yes,1,1,2015-05-11 23:38:07,1.3333333333333333,201.25,0.5142857142857142,23,1
498407******2077,2015-05-11 23:40:43,304.75,Yes,1,2,2015-05-11 23:39:27,1.2666666666666666,253.0,0.20454545454545459,23,1
498407******2077,2015-05-11 23:44:43,440.0,Yes,1,3,2015-05-11 23:40:43,4.0,270.25,0.6281221091581868,23,1
498407******2077,2015-05-11 23:45:56,440.0,Yes,1,4,2015-05-11 23:44:43,1.2166666666666666,312.6875,0.40715570657605427,23,1
498407******2077,2015-05-11 23:47:15,440.0,Yes,1,5,2015-05-11 23:45:56,1.3166666666666667,338.15,0.3011976933313618,23,1
498407******2077,2015-05-23 16:12:58,117.6,Yes,1,0,2015-05-11 23:47:15,16825.716666666667,355.125,-0.6688489968321014,16,0
498407******2077,2015-05-23 16:22:49,117.6,Yes,1,1,2015-05-23 16:12:58,9.85,321.1928571428571,-0.6338648342117552,16,0
498407******2077,2015-05-28 17:56:18,172.5,Yes,1,0,2015-05-23 16:22:49,7293.483333333334,295.74375,-0.4167247828567805,17,0
498407******2077,2015-05-28 17:57:40,172.5,Yes,1,1,2015-05-28 17:56:18,1.3666666666666667,282.04999999999995,-0.3884063109377769,17,0
498407******2077,2015-05-28 17:58:49,172.5,Yes,1,2,2015-05-28 17:57:40,1.15,271.09499999999997,-0.36369169479333807,17,0
498407******2077,2015-05-28 18:00:08,172.5,Yes,1,3,2015-05-28 17:58:49,1.3166666666666667,262.1318181818182,-0.34193414139312284,18,0
498407******2085,2015-05-06 18:15:53,92.0,No,0,0,,-1.0,,0.0,18,0
498407******2085,2015-05-08 15:07:38,46.0,No,0,0,2015-05-06 18:15:53,2691.75,92.0,-0.5,15,0
498407******2119,2015-05-01 15:38:16,168.0,No,0,0,,-1.0,,0.0,15,0
498407******2137,2015-05-12 13:32:21,92.0,No,0,0,,-1.0,,0.0,13,0
498407******2267,2015-05-30 06:25:31,132.0,No,0,0,,-1.0,,0.0,6,0
498407******2320,2015-05-15 18:55:07,308.0,No,0,0,,-1.0,,0.0,18,0
498407******2590,2015-05-15 22:24:53,60.89,No,0,0,,-1.0,,0.0,22,0
498407******2988,2015-05-08 09:18:19,198.0,No,0,0,,-1.0,,0.0,9,0
498407******2992,2015-05-18 18:41:11,62.1,No,0,0,,-1.0,,0.0,18,0
498407******3131,2015-05-26 10:08:12,89.6,No,0,0,,-1.0,,0.0,10,0
498407******3139,2015-05-07 20:12:39,92.0,No,0,0,,-1.0,,0.0,20,0
498407******3226,2015-05-05 15:32:44,138.0,No,0,0,,-1.0,,0.0,15,0
498407******4402,2015-05-15 13:08:42,154.0,No,0,0,,-1.0,,0.0,13,0
498407******4502,2015-05-17 15:10:47,396.0,No,0,0,,-1.0,,0.0,15,0
498407******4552,2015-05-06 09:32:17,187.0,No,0,0,,-1.0,,0.0,9,0
498407******5137,2015-05-18 12:29:10,156.8,No,0,0,,-1.0,,0.0,12,0
498407******5434,2015-05-28 20:03:08,121.0,No,0,0,,-1.0,,0.0,20,0
498407******5946,2015-05-25 17:26:52,34.5,No,0,0,,-1.0,,0.0,17,0
498407******5978,2015-05-02 13:13:07,89.6,No,0,0,,-1.0,,0.0,13,0
498407******6158,2015-05-14 12:02:31,27.5,No,0,0,,-1.0,,0.0,12,0
498407******6158,2015-05-14 13:25:01,27.5,No,0,1,2015-05-14 12:02:31,82.5,27.5,0.0,13,0
498407******6238,2015-05-15 15:36:58,308.0,No,0,0,,-1.0,,0.0,15,0
498407******6553,2015-05-14 20:27:38,77.0,Yes,1,0,,-1.0,,0.0,20,0
498407******6553,2015-05-14 20:29:19,77.0,Yes,1,1,2015-05-14 20:27:38,1.6833333333333333,77.0,0.0,20,0
498407******6717,2015-05-28 15:04:28,480.0,No,0,0,,-1.0,,0.0,15,0
498407******7069,2015-05-28 14:46:52,46.0,Yes,1,0,,-1.0,,0.0,14,0
498407******7069,2015-05-28 14:48:42,46.0,Yes,1,1,2015-05-28 14:46:52,1.8333333333333333,46.0,0.0,14,0
498407******7069,2015-05-28 14:50:12,46.0,Yes,1,2,2015-05-28 14:48:42,1.5,46.0,0.0,14,0
498407******7069,2015-05-28 14:51:26,46.0,Yes,1,3,2015-05-28 14:50:12,1.2333333333333334,46.0,0.0,14,0
498407******7240,2015-05-28 11:32:50,34.5,No,0,0,,-1.0,,0.0,11,0
498407******7521,2015-05-11 19:04:05,49.5,No,0,0,,-1.0,,0.0,19,0
498407******7521,2015-05-15 15:40:51,49.5,No,0,0,2015-05-11 19:04:05,5556.766666666666,49.5,0.0,15,0
498407******7564,2015-05-06 19:15:28,165.0,No,0,0,,-1.0,,0.0,19,0
498407******7640,2015-05-07 11:50:09,143.0,No,0,0,,-1.0,,0.0,11,0
498407******8002,2015-05-29 09:49:47,132.0,No,0,0,,-1.0,,0.0,9,0
498407******8292,2015-05-29 22:54:53,20.0,No,0,0,,-1.0,,0.0,22,0
498407******8493,2015-05-08 14:56:09,440.0,No,0,0,,-1.0,,0.0,14,0
498407******8670,2015-05-09 13:25:57,89.6,No,0,0,,-1.0,,0.0,13,0
498407******8830,2015-05-20 13:05:58,10.0,No,0,0,,-1.0,,0.0,13,0
498407******8974,2015-05-06 10:59:37,103.5,No,0,0,,-1.0,,0.0,10,0
498407******9268,2015-05-26 16:27:54,77.0,Yes,1,0,,-1.0,,0.0,16,0
498407******9268,2015-05-26 16:29:23,39.07,Yes,1,1,2015-05-26 16:27:54,1.4833333333333334,77.0,-0.4925974025974026,16,0
498407******9268,2015-05-26 16:30:27,39.07,Yes,1,2,2015-05-26 16:29:23,1.0666666666666667,58.035,-0.32678556043766693,16,0
498407******9268,2015-05-26 16:31:20,39.07,Yes,1,3,2015-05-26 16:30:27,0.8833333333333333,51.71333333333333,-0.24448884878174548,16,0
498407******9268,2015-05-26 16:32:20,39.07,Yes,1,4,2015-05-26 16:31:20,1.0,48.5525,-0.19530405231450498,16,0
498407******9268,2015-05-26 16:33:15,39.07,Yes,1,5,2015-05-26 16:32:20,0.9166666666666666,46.656,-0.16259430727023316,16,0
498407******9268,2015-05-26 16:34:09,39.07,Yes,1,6,2015-05-26 16:33:15,0.9,45.39166666666667,-0.13926932256287872,16,0
498407******9268,2015-05-26 16:35:09,39.07,Yes,1,7,2015-05-26 16:34:09,1.0,44.48857142857143,-0.12179693019073923,16,0
498407******9881,2015-05-29 15:05:52,46.0,Yes,1,0,,-1.0,,0.0,15,0
498407******9881,2015-05-29 15:06:58,46.0,Yes,1,1,2015-05-29 15:05:52,1.1,46.0,0.0,15,0
498407******9881,2015-05-29 15:07:54,46.0,Yes,1,2,2015-05-29 15:06:58,0.9333333333333333,46.0,0.0,15,0
498407******9881,2015-05-29 15:08:57,46.0,Yes,1,3,2015-05-29 15:07:54,1.05,46.0,0.0,15,0
498407******9887,2015-05-18 18:17:07,80.5,No,0,0,,-1.0,,0.0,18,0
498407******9887,2015-05-25 11:05:26,630.0,No,0,0,2015-05-18 18:17:07,9648.316666666668,80.5,6.826086956521739,11,0
498407******9933,2015-05-22 19:57:43,402.5,Yes,1,0,,-1.0,,0.0,19,0
498408******0012,2015-05-10 20:54:37,132.0,No,0,0,,-1.0,,0.0,20,0
498408******0110,2015-05-07 11:31:22,88.0,No,0,0,,-1.0,,0.0,11,0
498408******0110,2015-05-14 00:45:06,78.4,No,0,0,2015-05-07 11:31:22,9433.733333333334,88.0,-0.10909090909090902,0,1
498408******0254,2015-05-21 14:31:42,46.0,No,0,0,,-1.0,,0.0,14,0
498408******0254,2015-05-21 17:13:27,69.0,No,0,1,2015-05-21 14:31:42,161.75,46.0,0.5,17,0
498408******0304,2015-05-30 11:21:40,88.0,No,0,0,,-1.0,,0.0,11,0
498408******0354,2015-05-11 11:18:34,104.5,No,0,0,,-1.0,,0.0,11,0
498408******0473,2015-05-09 19:40:15,69.0,No,0,0,,-1.0,,0.0,19,0
498408******0590,2015-05-13 16:38:04,88.0,Yes,1,0,,-1.0,,0.0,16,0
498408******0601,2015-05-20 06:08:01,66.0,Yes,1,0,,-1.0,,0.0,6,0
498408******0601,2015-05-20 06:09:42,13.99,Yes,1,1,2015-05-20 06:08:01,1.6833333333333333,66.0,-0.7880303030303031,6,0
498408******0601,2015-05-20 06:10:58,17.24,Yes,1,2,2015-05-20 06:09:42,1.2666666666666666,39.995,-0.568946118264783,6,0
498408******0601,2015-05-20 06:12:19,13.99,Yes,1,3,2015-05-20 06:10:58,1.35,32.41,-0.5683431039802529,6,0
498408******0601,2015-05-20 06:14:02,44.3,Yes,1,4,2015-05-20 06:12:19,1.7166666666666666,27.805,0.5932386261463765,6,0
498408******0601,2015-05-20 06:16:06,153.0,Yes,1,5,2015-05-20 06:14:02,2.066666666666667,31.103999999999996,3.918981481481482,6,0
498408******0601,2015-05-20 06:17:17,153.0,Yes,1,6,2015-05-20 06:16:06,1.1833333333333333,51.419999999999995,1.9754959159859982,6,0
498408******0601,2015-05-20 06:18:37,153.0,Yes,1,7,2015-05-20 06:17:17,1.3333333333333333,65.93142857142857,1.3205928237129485,6,0
498408******0601,2015-05-20 06:19:55,153.0,Yes,1,8,2015-05-20 06:18:37,1.3,76.815,0.9917984768599883,6,0
498408******0601,2015-05-20 06:21:12,153.0,Yes,1,9,2015-05-20 06:19:55,1.2833333333333334,85.28,0.7940900562851783,6,0
498408******0713,2015-05-13 19:54:58,154.0,No,0,0,,-1.0,,0.0,19,0
498408******0773,2015-05-07 00:12:18,88.0,No,0,0,,-1.0,,0.0,0,1
498408******0776,2015-05-10 19:23:24,104.5,No,0,0,,-1.0,,0.0,19,0
498408******0821,2015-05-13 22:11:31,154.0,No,0,0,,-1.0,,0.0,22,0
498408******0835,2015-05-08 08:49:47,99.0,No,0,0,,-1.0,,0.0,8,0
498408******0850,2015-05-18 10:44:02,209.0,No,0,0,,-1.0,,0.0,10,0
498408******0872,2015-05-15 16:21:24,145.6,No,0,0,,-1.0,,0.0,16,0
498408******0888,2015-05-27 21:11:01,88.0,No,0,0,,-1.0,,0.0,21,0
498408******0951,2015-05-04 11:54:35,242.0,No,0,0,,-1.0,,0.0,11,0
498408******0991,2015-05-30 16:19:35,10.0,No,0,0,,-1.0,,0.0,16,0
498408******0991,2015-05-30 16:19:35,10.0,No,0,0,2015-05-30 16:19:35,0.0,10.0,0.0,16,0
498408******1172,2015-05-29 18:27:35,88.0,No,0,0,,-1.0,,0.0,18,0
498408******1249,2015-05-14 00:25:55,78.4,No,0,0,,-1.0,,0.0,0,1
498408******1276,2015-05-29 16:34:15,10.0,No,0,0,,-1.0,,0.0,16,0
498408******1317,2015-05-15 20:28:09,123.3,No,0,0,,-1.0,,0.0,20,0
498408******1373,2015-05-22 13:09:56,165.0,No,0,0,,-1.0,,0.0,13,0
498408******1461,2015-05-15 21:23:52,145.6,No,0,0,,-1.0,,0.0,21,0
498408******1480,2015-05-11 12:13:46,44.8,No,0,0,,-1.0,,0.0,12,0
498408******1520,2015-05-22 19:05:33,330.0,Yes,1,0,,-1.0,,0.0,19,0
498408******1928,2015-05-13 14:56:02,110.0,No,0,0,,-1.0,,0.0,14,0
498408******2119,2015-05-29 15:05:09,15.0,No,0,0,,-1.0,,0.0,15,0
498408******2378,2015-05-12 14:54:40,154.0,No,0,0,,-1.0,,0.0,14,0
498408******2516,2015-05-05 19:15:57,253.0,No,0,0,,-1.0,,0.0,19,0
498408******2666,2015-05-09 20:30:04,35.01,No,0,0,,-1.0,,0.0,20,0
498408******2666,2015-05-09 20:51:23,17.51,No,0,1,2015-05-09 20:30:04,21.316666666666666,35.01,-0.49985718366181087,20,0
498408******2729,2015-05-30 14:32:37,96.42,No,0,0,,-1.0,,0.0,14,0
498408******2729,2015-05-30 14:32:37,96.42,No,0,0,2015-05-30 14:32:37,0.0,96.42,0.0,14,0
498408******2729,2015-05-30 14:35:21,44.42,No,0,2,2015-05-30 14:32:37,2.7333333333333334,96.42,-0.5393071976768304,14,0
498408******2729,2015-05-30 14:35:21,44.42,No,0,2,2015-05-30 14:35:21,0.0,79.08666666666666,-0.43833768861164957,14,0
498408******2742,2015-05-21 14:23:59,112.0,Yes,1,0,,-1.0,,0.0,14,0
498408******2742,2015-05-21 14:25:09,190.4,Yes,1,1,2015-05-21 14:23:59,1.1666666666666667,112.0,0.7,14,0
498408******2808,2015-05-07 09:43:24,403.2,No,0,0,,-1.0,,0.0,9,0
498408******2837,2015-05-09 11:30:14,123.3,No,0,0,,-1.0,,0.0,11,0
498408******2971,2015-05-23 15:01:17,30.0,No,0,0,,-1.0,,0.0,15,0
498408******2972,2015-05-09 19:37:22,35.01,No,0,0,,-1.0,,0.0,19,0
498408******2976,2015-05-24 21:45:22,77.0,No,0,0,,-1.0,,0.0,21,0
498408******2976,2015-05-26 13:00:46,77.0,No,0,0,2015-05-24 21:45:22,2355.4,77.0,0.0,13,0
498408******3093,2015-05-18 19:10:06,70.0,No,0,0,,-1.0,,0.0,19,0
498408******3127,2015-05-08 18:16:25,34.5,No,0,0,,-1.0,,0.0,18,0
498408******3127,2015-05-09 14:00:12,34.5,No,0,1,2015-05-08 18:16:25,1183.7833333333333,34.5,0.0,14,0
498408******3127,2015-05-09 14:39:33,34.5,No,0,2,2015-05-09 14:00:12,39.35,34.5,0.0,14,0
498408******3127,2015-05-09 19:05:57,34.5,No,0,2,2015-05-09 14:39:33,266.4,34.5,0.0,19,0
498408******3127,2015-05-09 19:16:08,34.5,No,0,3,2015-05-09 19:05:57,10.183333333333334,34.5,0.0,19,0
498408******3127,2015-05-09 19:24:09,69.0,No,0,4,2015-05-09 19:16:08,8.016666666666667,34.5,1.0,19,0
498408******3131,2015-05-15 18:25:43,154.0,No,0,0,,-1.0,,0.0,18,0
498408******3384,2015-05-06 22:51:17,341.0,No,0,0,,-1.0,,0.0,22,0
498408******3611,2015-05-09 23:20:11,110.0,No,0,0,,-1.0,,0.0,23,1
498408******4003,2015-05-07 20:13:44,286.0,No,0,0,,-1.0,,0.0,20,0
498408******4013,2015-05-26 13:12:06,630.0,No,0,0,,-1.0,,0.0,13,0
498408******4334,2015-05-05 16:48:09,286.0,No,0,0,,-1.0,,0.0,16,0
498408******4334,2015-05-29 20:44:32,110.0,No,0,0,2015-05-05 16:48:09,34796.38333333333,286.0,-0.6153846153846154,20,0
498408******4380,2015-05-11 20:30:11,201.25,No,0,0,,-1.0,,0.0,20,0
498408******4471,2015-05-11 20:56:14,154.0,No,0,0,,-1.0,,0.0,20,0
498408******4493,2015-05-15 18:08:14,77.0,No,0,0,,-1.0,,0.0,18,0
498408******4505,2015-05-07 13:28:59,89.6,No,0,0,,-1.0,,0.0,13,0
498408******4829,2015-05-15 17:34:27,154.0,No,0,0,,-1.0,,0.0,17,0
498408******4842,2015-05-19 17:23:56,38.5,No,0,0,,-1.0,,0.0,17,0
498408******5255,2015-05-04 10:01:53,104.5,No,0,0,,-1.0,,0.0,10,0
498408******5543,2015-05-22 11:08:05,210.0,No,0,0,,-1.0,,0.0,11,0
498408******5753,2015-05-27 22:32:08,134.4,No,0,0,,-1.0,,0.0,22,0
498408******5903,2015-05-06 20:55:25,220.0,No,0,0,,-1.0,,0.0,20,0
498408******5985,2015-05-29 14:36:05,172.5,No,0,0,,-1.0,,0.0,14,0
498408******6108,2015-05-07 14:38:45,220.0,No,0,0,,-1.0,,0.0,14,0
498408******6246,2015-05-13 22:05:15,77.0,No,0,0,,-1.0,,0.0,22,0
498408******6347,2015-05-14 11:55:19,92.0,No,0,0,,-1.0,,0.0,11,0
498408******6370,2015-05-11 13:51:42,224.0,No,0,0,,-1.0,,0.0,13,0
498408******6427,2015-05-02 14:17:36,148.3,No,0,0,,-1.0,,0.0,14,0
498408******6447,2015-05-25 13:33:42,630.0,No,0,0,,-1.0,,0.0,13,0
498408******6761,2015-05-27 21:23:25,121.0,No,0,0,,-1.0,,0.0,21,0
498408******6907,2015-05-14 11:28:27,123.3,No,0,0,,-1.0,,0.0,11,0
498408******6972,2015-05-29 16:03:41,53.0,No,0,0,,-1.0,,0.0,16,0
498408******6989,2015-05-14 21:22:00,33.0,No,0,0,,-1.0,,0.0,21,0
498408******6989,2015-05-14 21:22:59,33.0,No,0,1,2015-05-14 21:22:00,0.9833333333333333,33.0,0.0,21,0
498408******7064,2015-05-11 21:24:36,154.0,No,0,0,,-1.0,,0.0,21,0
498408******7094,2015-05-08 19:08:15,336.0,No,0,0,,-1.0,,0.0,19,0
498408******7224,2015-05-15 12:26:39,230.0,No,0,0,,-1.0,,0.0,12,0
498408******7315,2015-05-13 15:55:31,154.0,No,0,0,,-1.0,,0.0,15,0
498408******7315,2015-05-20 00:23:40,95.2,No,0,0,2015-05-13 15:55:31,9148.15,154.0,-0.38181818181818183,0,1
498408******7315,2015-05-20 13:13:08,95.2,No,0,1,2015-05-20 00:23:40,769.4666666666667,124.6,-0.2359550561797752,13,0
498408******7378,2015-05-28 19:56:10,132.0,No,0,0,,-1.0,,0.0,19,0
498408******7496,2015-05-04 22:48:24,132.0,No,0,0,,-1.0,,0.0,22,0
498408******7829,2015-05-21 19:49:13,132.0,No,0,0,,-1.0,,0.0,19,0
498408******8122,2015-05-28 10:33:29,121.0,No,0,0,,-1.0,,0.0,10,0
498408******8129,2015-05-13 08:57:27,154.0,No,0,0,,-1.0,,0.0,8,0
498408******8196,2015-05-08 09:47:57,88.0,No,0,0,,-1.0,,0.0,9,0
498408******8205,2015-05-07 18:32:52,88.0,No,0,0,,-1.0,,0.0,18,0
498408******8205,2015-05-08 18:21:18,99.0,No,0,1,2015-05-07 18:32:52,1428.4333333333334,88.0,0.125,18,0
498408******8318,2015-05-07 11:32:14,99.0,No,0,0,,-1.0,,0.0,11,0
498408******8330,2015-05-22 13:58:09,15.0,No,0,0,,-1.0,,0.0,13,0
498408******8407,2015-05-13 21:58:10,154.0,No,0,0,,-1.0,,0.0,21,0
498408******8407,2015-05-27 18:54:45,121.0,No,0,0,2015-05-13 21:58:10,19976.583333333332,154.0,-0.2142857142857143,18,0
498408******8521,2015-05-21 20:39:28,132.0,No,0,0,,-1.0,,0.0,20,0
498408******8603,2015-05-08 17:24:06,69.0,No,0,0,,-1.0,,0.0,17,0
498408******8617,2015-05-12 19:44:42,209.0,No,0,0,,-1.0,,0.0,19,0
498408******8780,2015-05-24 11:08:46,10.0,No,0,0,,-1.0,,0.0,11,0
498408******8881,2015-05-11 11:46:19,78.4,No,0,0,,-1.0,,0.0,11,0
498408******8890,2015-05-25 10:03:14,1660.0,No,0,0,,-1.0,,0.0,10,0
498408******9063,2015-05-06 11:46:48,103.5,No,0,0,,-1.0,,0.0,11,0
498408******9217,2015-05-18 15:50:39,112.0,No,0,0,,-1.0,,0.0,15,0
498408******9308,2015-05-07 17:42:01,100.8,No,0,0,,-1.0,,0.0,17,0
498408******9386,2015-05-23 17:59:08,235.2,No,0,0,,-1.0,,0.0,17,0
498408******9407,2015-05-22 17:09:54,88.0,No,0,0,,-1.0,,0.0,17,0
498408******9580,2015-05-12 13:22:32,55.0,No,0,0,,-1.0,,0.0,13,0
498408******9747,2015-05-06 18:40:25,336.0,No,0,0,,-1.0,,0.0,18,0
498408******9831,2015-05-12 14:05:06,104.5,No,0,0,,-1.0,,0.0,14,0
498423******0027,2015-05-15 15:49:00,308.0,No,0,0,,-1.0,,0.0,15,0
498423******0057,2015-05-21 08:50:18,78.4,No,0,0,,-1.0,,0.0,8,0
498423******0057,2015-05-21 09:21:09,56.0,No,0,1,2015-05-21 08:50:18,30.85,78.4,-0.2857142857142858,9,0
498423******0198,2015-05-19 16:55:12,20.0,No,0,0,,-1.0,,0.0,16,0
498423******0199,2015-05-06 22:56:59,77.0,No,0,0,,-1.0,,0.0,22,0
498423******0217,2015-05-01 18:39:46,126.5,No,0,0,,-1.0,,0.0,18,0
498423******0390,2015-05-06 13:39:18,69.0,No,0,0,,-1.0,,0.0,13,0
498423******0421,2015-05-11 18:48:55,201.25,No,0,0,,-1.0,,0.0,18,0
498423******0427,2015-05-08 10:38:43,121.0,No,0,0,,-1.0,,0.0,10,0
498423******0435,2015-05-22 16:54:46,66.0,No,0,0,,-1.0,,0.0,16,0
498423******0473,2015-05-06 03:45:14,275.0,No,0,0,,-1.0,,0.0,3,1
498423******0473,2015-05-06 03:46:54,275.0,No,0,1,2015-05-06 03:45:14,1.6666666666666667,275.0,0.0,3,1
498423******0473,2015-05-06 03:51:23,55.0,No,0,2,2015-05-06 03:46:54,4.483333333333333,275.0,-0.8,3,1
498423******0491,2015-05-01 18:38:05,159.5,No,0,0,,-1.0,,0.0,18,0
498423******0511,2015-05-04 22:59:20,143.0,No,0,0,,-1.0,,0.0,22,0
498423******0524,2015-05-13 09:33:37,112.0,No,0,0,,-1.0,,0.0,9,0
498423******0530,2015-05-12 12:15:50,104.5,No,0,0,,-1.0,,0.0,12,0
498423******0679,2015-05-29 23:38:41,88.0,No,0,0,,-1.0,,0.0,23,1
498423******0759,2015-05-05 22:32:57,138.0,No,0,0,,-1.0,,0.0,22,0
498423******0762,2015-05-29 20:47:54,55.0,No,0,0,,-1.0,,0.0,20,0
498423******0844,2015-05-20 15:33:21,69.0,No,0,0,,-1.0,,0.0,15,0
498423******0848,2015-05-18 12:57:42,92.0,No,0,0,,-1.0,,0.0,12,0
498423******0848,2015-05-18 13:30:07,92.0,No,0,1,2015-05-18 12:57:42,32.416666666666664,92.0,0.0,13,0
498423******0918,2015-05-15 22:18:06,110.0,No,0,0,,-1.0,,0.0,22,0
498423******0972,2015-05-24 12:43:45,15.0,No,0,0,,-1.0,,0.0,12,0
498423******1015,2015-05-12 17:27:35,33.0,No,0,0,,-1.0,,0.0,17,0
498423******1028,2015-05-02 18:43:57,143.0,No,0,0,,-1.0,,0.0,18,0
498423******1037,2015-05-14 23:44:58,154.0,No,0,0,,-1.0,,0.0,23,1
498423******1490,2015-05-21 15:03:11,121.0,No,0,0,,-1.0,,0.0,15,0
498423******1611,2015-05-15 18:41:29,154.0,No,0,0,,-1.0,,0.0,18,0
498423******1632,2015-05-28 10:44:59,216.0,No,0,0,,-1.0,,0.0,10,0
498423******1714,2015-05-09 13:36:39,89.6,No,0,0,,-1.0,,0.0,13,0
498423******1736,2015-05-07 13:57:46,46.0,No,0,0,,-1.0,,0.0,13,0
498423******1792,2015-05-29 15:22:05,92.0,No,0,0,,-1.0,,0.0,15,0
498423******1853,2015-05-28 19:52:59,69.0,No,0,0,,-1.0,,0.0,19,0
498423******1976,2015-05-17 13:30:23,30.0,No,0,0,,-1.0,,0.0,13,0
498423******1979,2015-05-07 12:37:41,176.0,No,0,0,,-1.0,,0.0,12,0
498423******1984,2015-05-23 17:11:06,15.0,No,0,0,,-1.0,,0.0,17,0
498423******2009,2015-05-11 15:43:09,154.0,No,0,0,,-1.0,,0.0,15,0
498423******2045,2015-05-04 20:51:08,92.0,No,0,0,,-1.0,,0.0,20,0
498423******2082,2015-05-11 12:47:13,537.6,No,0,0,,-1.0,,0.0,12,0
498423******2100,2015-05-08 15:22:08,88.0,No,0,0,,-1.0,,0.0,15,0
498423******2158,2015-05-23 06:24:18,117.6,No,0,0,,-1.0,,0.0,6,0
498423******2186,2015-05-28 23:25:07,46.0,No,0,0,,-1.0,,0.0,23,1
498423******2384,2015-05-11 11:38:00,104.5,No,0,0,,-1.0,,0.0,11,0
498423******2404,2015-05-28 14:31:34,5.0,No,0,0,,-1.0,,0.0,14,0
498423******2407,2015-05-15 09:39:17,89.6,No,0,0,,-1.0,,0.0,9,0
498423******2480,2015-05-14 23:27:45,109.61,No,0,0,,-1.0,,0.0,23,1
498423******2493,2015-05-19 17:07:05,20.0,No,0,0,,-1.0,,0.0,17,0
498423******2559,2015-05-29 17:08:12,100.8,No,0,0,,-1.0,,0.0,17,0
498423******2713,2015-05-06 22:34:30,34.5,No,0,0,,-1.0,,0.0,22,0
498423******2745,2015-05-19 08:09:38,83.0,No,0,0,,-1.0,,0.0,8,0
498423******2940,2015-05-24 20:51:54,43.51,No,0,0,,-1.0,,0.0,20,0
498423******2941,2015-05-22 18:06:27,34.5,No,0,0,,-1.0,,0.0,18,0
498423******2989,2015-05-09 00:14:13,143.0,No,0,0,,-1.0,,0.0,0,1
498423******2989,2015-05-09 14:58:48,143.0,No,0,1,2015-05-09 00:14:13,884.5833333333334,143.0,0.0,14,0
498423******3069,2015-05-28 12:51:48,69.0,No,0,0,,-1.0,,0.0,12,0
498423******3109,2015-05-12 13:32:10,104.5,No,0,0,,-1.0,,0.0,13,0
498423******3159,2015-05-03 22:10:07,368.0,No,0,0,,-1.0,,0.0,22,0
498423******3173,2015-05-08 20:27:36,313.6,No,0,0,,-1.0,,0.0,20,0
498423******3281,2015-05-04 10:12:13,660.0,No,0,0,,-1.0,,0.0,10,0
498423******3312,2015-05-30 13:33:45,176.0,No,0,0,,-1.0,,0.0,13,0
498423******3501,2015-05-10 22:29:10,148.5,No,0,0,,-1.0,,0.0,22,0
498423******3561,2015-05-16 14:31:08,182.69,No,0,0,,-1.0,,0.0,14,0
498423******3566,2015-05-16 00:43:58,70.0,No,0,0,,-1.0,,0.0,0,1
498423******3582,2015-05-09 11:15:12,143.0,No,0,0,,-1.0,,0.0,11,0
498423******3644,2015-05-28 13:49:54,109.61,No,0,0,,-1.0,,0.0,13,0
498423******3703,2015-05-29 12:45:49,20.0,No,0,0,,-1.0,,0.0,12,0
498423******3709,2015-05-19 22:09:51,15.0,No,0,0,,-1.0,,0.0,22,0
498423******3814,2015-05-11 12:22:35,112.0,No,0,0,,-1.0,,0.0,12,0
498423******3814,2015-05-29 19:50:58,172.5,No,0,0,2015-05-11 12:22:35,26368.383333333335,112.0,0.5401785714285714,19,0
498423******3817,2015-05-30 13:42:31,36.0,No,0,0,,-1.0,,0.0,13,0
498423******3817,2015-05-30 20:10:05,34.5,No,0,1,2015-05-30 13:42:31,387.56666666666666,36.0,-0.04166666666666663,20,0
498423******3817,2015-05-30 20:10:05,34.5,No,0,1,2015-05-30 20:10:05,0.0,35.25,-0.021276595744680882,20,0
498423******3837,2015-05-20 12:00:27,10.0,No,0,0,,-1.0,,0.0,12,0
498423******3837,2015-05-23 18:01:06,5.0,No,0,0,2015-05-20 12:00:27,4680.65,10.0,-0.5,18,0
498423******3934,2015-05-11 12:16:06,89.6,No,0,0,,-1.0,,0.0,12,0
498423******3939,2015-05-09 18:06:59,69.0,No,0,0,,-1.0,,0.0,18,0
498423******3954,2015-05-15 14:34:51,92.0,No,0,0,,-1.0,,0.0,14,0
498423******3974,2015-05-09 18:40:29,66.0,No,0,0,,-1.0,,0.0,18,0
498423******4059,2015-05-09 23:55:06,145.6,No,0,0,,-1.0,,0.0,23,1
498423******4110,2015-05-30 08:37:08,20.0,No,0,0,,-1.0,,0.0,8,0
498423******4141,2015-05-30 13:11:22,116.73,No,0,0,,-1.0,,0.0,13,0
498423******4203,2015-05-28 17:34:23,20.0,No,0,0,,-1.0,,0.0,17,0
498423******4216,2015-05-09 00:12:01,28.75,No,0,0,,-1.0,,0.0,0,1
498423******4216,2015-05-10 19:20:36,28.75,No,0,0,2015-05-09 00:12:01,2588.5833333333335,28.75,0.0,19,0
498423******4232,2015-05-29 20:27:28,77.0,No,0,0,,-1.0,,0.0,20,0
498423******4354,2015-05-08 16:11:37,88.0,No,0,0,,-1.0,,0.0,16,0
498423******4354,2015-05-27 21:14:24,88.0,No,0,0,2015-05-08 16:11:37,27662.783333333333,88.0,0.0,21,0
498423******4467,2015-05-25 14:43:57,170.0,No,0,0,,-1.0,,0.0,14,0
498423******4475,2015-05-14 18:42:21,154.0,No,0,0,,-1.0,,0.0,18,0
498423******4499,2015-05-07 18:10:28,34.5,No,0,0,,-1.0,,0.0,18,0
498423******4658,2015-05-12 13:23:58,308.0,No,0,0,,-1.0,,0.0,13,0
498423******4710,2015-05-28 18:59:54,99.0,No,0,0,,-1.0,,0.0,18,0
498423******4850,2015-05-11 16:32:21,165.0,No,0,0,,-1.0,,0.0,16,0
498423******4871,2015-05-19 16:11:06,10.0,No,0,0,,-1.0,,0.0,16,0
498423******4876,2015-05-18 19:46:55,34.5,No,0,0,,-1.0,,0.0,19,0
498423******4933,2015-05-17 00:09:34,23.0,No,0,0,,-1.0,,0.0,0,1
498423******4933,2015-05-17 15:30:09,23.0,No,0,1,2015-05-17 00:09:34,920.5833333333334,23.0,0.0,15,0
498423******5104,2015-05-14 18:23:35,110.0,No,0,0,,-1.0,,0.0,18,0
498423******5134,2015-05-12 10:32:28,462.0,No,0,0,,-1.0,,0.0,10,0
498423******5175,2015-05-15 17:30:48,55.0,No,0,0,,-1.0,,0.0,17,0
498423******5189,2015-05-24 11:37:03,60.0,No,0,0,,-1.0,,0.0,11,0
498423******5200,2015-05-21 09:33:05,115.0,No,0,0,,-1.0,,0.0,9,0
498423******5358,2015-05-04 13:39:48,27.63,No,0,0,,-1.0,,0.0,13,0
498423******5358,2015-05-25 16:44:05,630.0,No,0,0,2015-05-04 13:39:48,30424.283333333333,27.63,21.80130293159609,16,0
498423******5363,2015-05-15 22:33:56,67.2,No,0,0,,-1.0,,0.0,22,0
498423******5374,2015-05-12 11:24:53,132.0,No,0,0,,-1.0,,0.0,11,0
498423******5374,2015-05-19 11:31:35,10.0,No,0,0,2015-05-12 11:24:53,10086.7,132.0,-0.9242424242424242,11,0
498423******5375,2015-05-18 07:59:38,78.4,No,0,0,,-1.0,,0.0,7,0
498423******5375,2015-05-18 14:54:53,67.2,No,0,1,2015-05-18 07:59:38,415.25,78.4,-0.1428571428571429,14,0
498423******5375,2015-05-28 17:06:07,77.0,No,0,0,2015-05-18 14:54:53,14531.233333333334,72.80000000000001,0.05769230769230749,17,0
498423******5387,2015-05-06 16:21:45,138.0,No,0,0,,-1.0,,0.0,16,0
498423******5807,2015-05-18 11:47:11,69.0,No,0,0,,-1.0,,0.0,11,0
498423******5916,2015-05-30 14:42:41,190.0,No,0,0,,-1.0,,0.0,14,0
498423******5916,2015-05-30 14:42:41,190.0,No,0,0,2015-05-30 14:42:41,0.0,190.0,0.0,14,0
498423******6001,2015-05-25 10:48:05,630.0,No,0,0,,-1.0,,0.0,10,0
498423******6105,2015-05-13 12:20:06,77.0,No,0,0,,-1.0,,0.0,12,0
498423******6112,2015-05-27 20:36:16,345.0,No,0,0,,-1.0,,0.0,20,0
498423******6516,2015-05-28 13:15:55,187.0,No,0,0,,-1.0,,0.0,13,0
498423******6572,2015-05-20 13:18:59,20.0,No,0,0,,-1.0,,0.0,13,0
498423******6624,2015-05-08 15:34:22,165.0,No,0,0,,-1.0,,0.0,15,0
498423******6723,2015-05-12 17:47:16,55.0,Yes,1,0,,-1.0,,0.0,17,0
498423******6783,2015-05-13 01:04:22,154.0,No,0,0,,-1.0,,0.0,1,1
498423******6817,2015-05-17 12:46:33,198.0,No,0,0,,-1.0,,0.0,12,0
498423******6838,2015-05-07 15:45:25,103.5,No,0,0,,-1.0,,0.0,15,0
498423******6838,2015-05-09 20:01:17,34.5,No,0,0,2015-05-07 15:45:25,3135.866666666667,103.5,-0.6666666666666667,20,0
498423******6897,2015-05-20 00:13:02,69.0,No,0,0,,-1.0,,0.0,0,1
498423******6944,2015-05-12 18:24:35,77.0,No,0,0,,-1.0,,0.0,18,0
498423******6945,2015-05-05 22:55:06,57.5,No,0,0,,-1.0,,0.0,22,0
498423******6953,2015-05-22 13:45:15,10.0,No,0,0,,-1.0,,0.0,13,0
498423******7003,2015-05-07 13:35:26,23.0,No,0,0,,-1.0,,0.0,13,0
498423******7004,2015-05-28 21:24:51,44.0,No,0,0,,-1.0,,0.0,21,0
498423******7015,2015-05-29 19:12:34,55.0,No,0,0,,-1.0,,0.0,19,0
498423******7079,2015-05-27 19:13:03,100.8,No,0,0,,-1.0,,0.0,19,0
498423******7083,2015-05-12 19:54:24,170.0,No,0,0,,-1.0,,0.0,19,0
498423******7139,2015-05-28 23:46:45,88.0,No,0,0,,-1.0,,0.0,23,1
498423******7178,2015-05-29 12:15:06,99.0,No,0,0,,-1.0,,0.0,12,0
498423******7178,2015-05-29 12:30:00,99.0,No,0,1,2015-05-29 12:15:06,14.9,99.0,0.0,12,0
498423******7267,2015-05-12 19:25:24,154.0,No,0,0,,-1.0,,0.0,19,0
498423******7322,2015-05-19 17:11:08,35.0,No,0,0,,-1.0,,0.0,17,0
498423******7358,2015-05-08 20:54:13,66.0,No,0,0,,-1.0,,0.0,20,0
498423******7436,2015-05-09 20:29:38,69.0,No,0,0,,-1.0,,0.0,20,0
498423******7614,2015-05-12 19:06:44,36.66,No,0,0,,-1.0,,0.0,19,0
498423******7620,2015-05-15 01:23:25,99.0,No,0,0,,-1.0,,0.0,1,1
498423******7624,2015-05-05 20:39:08,99.0,No,0,0,,-1.0,,0.0,20,0
498423******7675,2015-05-13 17:21:55,12.71,No,0,0,,-1.0,,0.0,17,0
498423******7699,2015-05-16 12:50:39,33.0,No,0,0,,-1.0,,0.0,12,0
498423******7704,2015-05-01 12:18:09,143.0,No,0,0,,-1.0,,0.0,12,0
498423******7727,2015-05-04 23:18:54,23.0,No,0,0,,-1.0,,0.0,23,1
498423******7847,2015-05-08 11:22:54,165.0,No,0,0,,-1.0,,0.0,11,0
498423******7847,2015-05-12 13:03:02,264.0,No,0,0,2015-05-08 11:22:54,5860.133333333333,165.0,0.6000000000000001,13,0
498423******7848,2015-05-04 19:17:39,220.0,No,0,0,,-1.0,,0.0,19,0
498423******7867,2015-05-06 12:51:18,276.0,No,0,0,,-1.0,,0.0,12,0
498423******7907,2015-05-28 12:00:20,88.0,No,0,0,,-1.0,,0.0,12,0
498423******7986,2015-05-13 22:58:50,72.8,No,0,0,,-1.0,,0.0,22,0
498423******8047,2015-05-15 16:18:09,46.0,No,0,0,,-1.0,,0.0,16,0
498423******8098,2015-05-21 20:31:05,23.0,No,0,0,,-1.0,,0.0,20,0
498423******8186,2015-05-11 14:13:49,70.0,No,0,0,,-1.0,,0.0,14,0
498423******8197,2015-05-23 22:23:56,44.0,No,0,0,,-1.0,,0.0,22,0
498423******8223,2015-05-24 19:33:57,56.0,No,0,0,,-1.0,,0.0,19,0
498423******8292,2015-05-12 07:31:59,78.4,No,0,0,,-1.0,,0.0,7,0
498423******8292,2015-05-12 14:53:11,78.4,No,0,1,2015-05-12 07:31:59,441.2,78.4,0.0,14,0
498423******8296,2015-05-15 15:04:24,92.0,No,0,0,,-1.0,,0.0,15,0
498423******8306,2015-05-06 09:34:52,154.0,No,0,0,,-1.0,,0.0,9,0
498423******8306,2015-05-06 09:36:44,154.0,No,0,1,2015-05-06 09:34:52,1.8666666666666667,154.0,0.0,9,0
498423******8306,2015-05-06 10:08:11,187.0,No,0,2,2015-05-06 09:36:44,31.45,154.0,0.2142857142857142,10,0
498423******8306,2015-05-06 11:14:24,103.5,No,0,3,2015-05-06 10:08:11,66.21666666666667,165.0,-0.3727272727272727,11,0
498423******8307,2015-05-28 12:52:41,148.5,No,0,0,,-1.0,,0.0,12,0
498423******8420,2015-05-29 13:01:05,69.0,No,0,0,,-1.0,,0.0,13,0
498423******8474,2015-05-12 17:08:25,89.6,No,0,0,,-1.0,,0.0,17,0
498423******8514,2015-05-07 22:50:14,23.0,No,0,0,,-1.0,,0.0,22,0
498423******8514,2015-05-14 23:11:33,23.0,No,0,0,2015-05-07 22:50:14,10101.316666666668,23.0,0.0,23,1
498423******8519,2015-05-08 19:01:33,99.0,No,0,0,,-1.0,,0.0,19,0
498423******8535,2015-05-23 10:06:35,10.0,No,0,0,,-1.0,,0.0,10,0
498423******8589,2015-05-29 13:57:16,121.0,No,0,0,,-1.0,,0.0,13,0
498423******8718,2015-05-14 17:34:05,154.0,No,0,0,,-1.0,,0.0,17,0
498423******8725,2015-05-13 18:45:51,27.5,No,0,0,,-1.0,,0.0,18,0
498423******8725,2015-05-13 21:03:54,27.5,No,0,1,2015-05-13 18:45:51,138.05,27.5,0.0,21,0
498423******8856,2015-05-06 09:36:52,99.0,No,0,0,,-1.0,,0.0,9,0
498423******8924,2015-05-24 17:26:14,10.0,No,0,0,,-1.0,,0.0,17,0
498423******8924,2015-05-29 15:23:04,10.0,No,0,0,2015-05-24 17:26:14,7076.833333333333,10.0,0.0,15,0
498423******8954,2015-05-08 13:06:46,184.0,No,0,0,,-1.0,,0.0,13,0
498423******8969,2015-05-19 20:24:56,138.0,No,0,0,,-1.0,,0.0,20,0
498423******9020,2015-05-14 13:47:48,112.0,No,0,0,,-1.0,,0.0,13,0
498423******9040,2015-05-01 14:31:42,111.65,No,0,0,,-1.0,,0.0,14,0
498423******9054,2015-05-14 13:50:30,154.0,No,0,0,,-1.0,,0.0,13,0
498423******9059,2015-05-07 22:29:54,29.34,No,0,0,,-1.0,,0.0,22,0
498423******9122,2015-05-11 15:35:09,104.5,No,0,0,,-1.0,,0.0,15,0
498423******9162,2015-05-13 22:20:58,49.63,No,0,0,,-1.0,,0.0,22,0
498423******9219,2015-05-13 13:05:28,55.0,No,0,0,,-1.0,,0.0,13,0
498423******9322,2015-05-20 01:37:49,15.0,No,0,0,,-1.0,,0.0,1,1
498423******9364,2015-05-21 17:08:17,25.0,No,0,0,,-1.0,,0.0,17,0
498423******9366,2015-05-20 18:56:12,46.0,No,0,0,,-1.0,,0.0,18,0
498423******9366,2015-05-28 16:44:59,34.5,No,0,0,2015-05-20 18:56:12,11388.783333333333,46.0,-0.25,16,0
498423******9421,2015-05-15 01:20:59,23.0,No,0,0,,-1.0,,0.0,1,1
498423******9497,2015-05-20 17:39:45,75.9,No,0,0,,-1.0,,0.0,17,0
498423******9545,2015-05-11 11:30:00,89.6,No,0,0,,-1.0,,0.0,11,0
498423******9559,2015-05-05 22:11:28,69.0,No,0,0,,-1.0,,0.0,22,0
498423******9656,2015-05-15 19:00:31,123.3,No,0,0,,-1.0,,0.0,19,0
498423******9817,2015-05-06 17:10:52,121.0,No,0,0,,-1.0,,0.0,17,0
498423******9841,2015-05-28 16:17:31,10.0,No,0,0,,-1.0,,0.0,16,0
498423******9917,2015-05-08 16:58:07,198.0,No,0,0,,-1.0,,0.0,16,0
498423******9917,2015-05-08 16:58:43,198.0,No,0,1,2015-05-08 16:58:07,0.6,198.0,0.0,16,0
498423******9993,2015-05-11 21:54:35,104.5,No,0,0,,-1.0,,0.0,21,0
498424******1490,2015-05-14 12:10:37,172.75,No,0,0,,-1.0,,0.0,12,0
498424******6476,2015-05-18 11:55:16,112.0,No,0,0,,-1.0,,0.0,11,0
498424******7849,2015-05-07 18:35:45,55.0,No,0,0,,-1.0,,0.0,18,0
498430******8220,2015-05-21 20:18:18,198.0,No,0,0,,-1.0,,0.0,20,0
498431******0434,2015-05-13 09:50:06,132.0,No,0,0,,-1.0,,0.0,9,0
498431******2834,2015-05-05 19:06:21,168.0,No,0,0,,-1.0,,0.0,19,0
498431******3112,2015-05-04 18:59:31,352.0,No,0,0,,-1.0,,0.0,18,0
498431******4750,2015-05-15 11:41:59,36.66,Yes,1,0,,-1.0,,0.0,11,0
498431******4750,2015-05-15 11:43:52,36.66,Yes,1,1,2015-05-15 11:41:59,1.8833333333333333,36.66,0.0,11,0
498431******4750,2015-05-15 11:46:03,55.0,Yes,1,2,2015-05-15 11:43:52,2.183333333333333,36.66,0.5002727768685218,11,0
498431******4750,2015-05-15 11:49:41,73.34,Yes,1,3,2015-05-15 11:46:03,3.6333333333333333,42.77333333333333,0.7146197007481299,11,0
498431******8087,2015-05-21 11:53:05,220.0,No,0,0,,-1.0,,0.0,11,0
498442******0134,2015-05-26 15:30:44,34.33,No,0,0,,-1.0,,0.0,15,0
498442******0426,2015-05-26 08:38:00,60.0,No,0,0,,-1.0,,0.0,8,0
498442******0527,2015-05-22 12:58:18,121.0,Yes,1,0,,-1.0,,0.0,12,0
498442******0527,2015-05-22 12:59:58,132.0,Yes,1,1,2015-05-22 12:58:18,1.6666666666666667,121.0,0.09090909090909083,12,0
498442******0527,2015-05-22 13:01:40,132.0,Yes,1,2,2015-05-22 12:59:58,1.7,126.5,0.04347826086956519,13,0
498442******0527,2015-05-22 13:03:21,132.0,Yes,1,3,2015-05-22 13:01:40,1.6833333333333333,128.33333333333334,0.02857142857142847,13,0
498442******0527,2015-05-22 13:04:48,132.0,Yes,1,4,2015-05-22 13:03:21,1.45,129.25,0.02127659574468077,13,0
498442******0527,2015-05-22 13:06:18,132.0,Yes,1,5,2015-05-22 13:04:48,1.5,129.8,0.016949152542372836,13,0
498442******0528,2015-05-06 20:43:17,89.6,No,0,0,,-1.0,,0.0,20,0
498442******0528,2015-05-11 15:25:53,112.0,No,0,0,2015-05-06 20:43:17,6882.6,89.6,0.25,15,0
498442******0572,2015-05-07 16:28:45,70.0,No,0,0,,-1.0,,0.0,16,0
498442******0715,2015-05-14 23:31:17,46.0,No,0,0,,-1.0,,0.0,23,1
498442******0912,2015-05-23 12:12:08,100.0,No,0,0,,-1.0,,0.0,12,0
498442******1020,2015-05-03 20:25:13,143.0,No,0,0,,-1.0,,0.0,20,0
498442******1082,2015-05-08 13:22:09,33.0,No,0,0,,-1.0,,0.0,13,0
498442******1082,2015-05-15 14:01:28,33.0,No,0,0,2015-05-08 13:22:09,10119.316666666668,33.0,0.0,14,0
498442******1154,2015-05-07 11:22:38,176.0,No,0,0,,-1.0,,0.0,11,0
498442******1334,2015-05-16 14:12:36,82.4,No,0,0,,-1.0,,0.0,14,0
498442******1384,2015-05-07 19:48:43,23.35,No,0,0,,-1.0,,0.0,19,0
498442******1391,2015-05-12 20:16:50,69.0,No,0,0,,-1.0,,0.0,20,0
498442******1484,2015-05-05 13:43:06,33.0,No,0,0,,-1.0,,0.0,13,0
498442******1508,2015-05-26 12:23:56,49.63,No,0,0,,-1.0,,0.0,12,0
498442******1516,2015-05-23 14:14:55,418.0,Yes,1,0,,-1.0,,0.0,14,0
498442******1516,2015-05-23 14:16:50,418.0,Yes,1,1,2015-05-23 14:14:55,1.9166666666666667,418.0,0.0,14,0
498442******1516,2015-05-23 14:18:41,418.0,Yes,1,2,2015-05-23 14:16:50,1.85,418.0,0.0,14,0
498442******1516,2015-05-23 14:20:55,418.0,Yes,1,3,2015-05-23 14:18:41,2.2333333333333334,418.0,0.0,14,0
498442******1552,2015-05-15 15:31:09,138.0,No,0,0,,-1.0,,0.0,15,0
498442******1617,2015-05-21 13:51:49,62.1,No,0,0,,-1.0,,0.0,13,0
498442******1639,2015-05-27 19:54:56,10.0,No,0,0,,-1.0,,0.0,19,0
498442******1803,2015-05-01 18:45:20,12.01,No,0,0,,-1.0,,0.0,18,0
498442******1862,2015-05-11 22:43:28,120.0,No,0,0,,-1.0,,0.0,22,0
498442******1862,2015-05-15 14:14:50,60.0,No,0,0,2015-05-11 22:43:28,5251.366666666667,120.0,-0.5,14,0
498442******1917,2015-05-22 18:22:38,440.0,No,0,0,,-1.0,,0.0,18,0
498442******2095,2015-05-19 14:41:26,46.0,No,0,0,,-1.0,,0.0,14,0
498442******2099,2015-05-15 11:06:21,46.0,No,0,0,,-1.0,,0.0,11,0
498442******2154,2015-05-14 11:44:30,92.0,No,0,0,,-1.0,,0.0,11,0
498442******2339,2015-05-03 22:11:00,77.0,No,0,0,,-1.0,,0.0,22,0
498442******2518,2015-05-12 16:39:24,78.4,No,0,0,,-1.0,,0.0,16,0
498442******2630,2015-05-13 20:52:45,33.0,No,0,0,,-1.0,,0.0,20,0
498442******2649,2015-05-15 17:12:13,70.0,No,0,0,,-1.0,,0.0,17,0
498442******2666,2015-05-07 15:01:00,132.0,No,0,0,,-1.0,,0.0,15,0
498442******2701,2015-05-15 11:38:19,69.0,No,0,0,,-1.0,,0.0,11,0
498442******2802,2015-05-29 23:26:41,20.0,No,0,0,,-1.0,,0.0,23,1
498442******2831,2015-05-06 13:30:26,33.0,No,0,0,,-1.0,,0.0,13,0
498442******2831,2015-05-07 17:02:57,33.0,No,0,0,2015-05-06 13:30:26,1652.5166666666667,33.0,0.0,17,0
498442******2871,2015-05-21 21:39:00,69.0,No,0,0,,-1.0,,0.0,21,0
498442******2996,2015-05-03 10:08:38,31.59,No,0,0,,-1.0,,0.0,10,0
498442******3010,2015-05-28 00:55:40,34.5,No,0,0,,-1.0,,0.0,0,1
498442******3057,2015-05-16 17:56:31,16.5,No,0,0,,-1.0,,0.0,17,0
498442******3152,2015-05-08 02:24:30,110.0,No,0,0,,-1.0,,0.0,2,1
498442******3416,2015-05-11 18:12:38,201.25,No,0,0,,-1.0,,0.0,18,0
498442******3602,2015-05-21 19:48:48,69.0,No,0,0,,-1.0,,0.0,19,0
498442******3658,2015-05-08 22:59:41,34.5,No,0,0,,-1.0,,0.0,22,0
498442******3919,2015-05-27 18:20:40,220.0,No,0,0,,-1.0,,0.0,18,0
498442******3994,2015-05-22 00:19:23,23.0,No,0,0,,-1.0,,0.0,0,1
498442******4302,2015-05-11 16:32:17,28.75,Yes,1,0,,-1.0,,0.0,16,0
498442******4302,2015-05-11 16:33:52,154.0,Yes,1,1,2015-05-11 16:32:17,1.5833333333333333,28.75,4.356521739130435,16,0
498442******4302,2015-05-11 16:35:17,154.0,Yes,1,2,2015-05-11 16:33:52,1.4166666666666667,91.375,0.6853625170998632,16,0
498442******4565,2015-05-29 14:10:11,69.0,No,0,0,,-1.0,,0.0,14,0
498442******4584,2015-05-22 22:17:16,112.0,No,0,0,,-1.0,,0.0,22,0
498442******4596,2015-05-27 18:15:14,308.0,No,0,0,,-1.0,,0.0,18,0
498442******4650,2015-05-21 22:22:22,69.0,No,0,0,,-1.0,,0.0,22,0
498442******4682,2015-05-07 22:23:06,115.0,No,0,0,,-1.0,,0.0,22,0
498442******4729,2015-05-06 22:51:49,57.5,No,0,0,,-1.0,,0.0,22,0
498442******4737,2015-05-06 12:28:26,310.5,No,0,0,,-1.0,,0.0,12,0
498442******4825,2015-05-03 17:20:01,23.0,No,0,0,,-1.0,,0.0,17,0
498442******5003,2015-05-15 19:28:11,23.0,No,0,0,,-1.0,,0.0,19,0
498442******5101,2015-05-28 13:50:14,35.53,No,0,0,,-1.0,,0.0,13,0
498442******5273,2015-05-08 14:30:20,70.0,No,0,0,,-1.0,,0.0,14,0
498442******5435,2015-05-12 09:39:51,92.0,No,0,0,,-1.0,,0.0,9,0
498442******5662,2015-05-06 15:59:48,103.5,No,0,0,,-1.0,,0.0,15,0
498442******5662,2015-05-06 16:02:15,103.5,No,0,1,2015-05-06 15:59:48,2.45,103.5,0.0,16,0
498442******5684,2015-05-08 10:50:48,57.5,No,0,0,,-1.0,,0.0,10,0
498442******5713,2015-05-20 09:03:57,35.2,No,0,0,,-1.0,,0.0,9,0
498442******5954,2015-05-22 13:15:57,57.5,No,0,0,,-1.0,,0.0,13,0
498442******5981,2015-05-07 18:08:05,57.5,No,0,0,,-1.0,,0.0,18,0
498442******5981,2015-05-07 18:09:48,57.5,No,0,1,2015-05-07 18:08:05,1.7166666666666666,57.5,0.0,18,0
498442******6071,2015-05-15 11:53:04,77.0,No,0,0,,-1.0,,0.0,11,0
498442******6113,2015-05-21 18:07:45,70.0,No,0,0,,-1.0,,0.0,18,0
498442******6113,2015-05-22 10:57:46,35.0,No,0,1,2015-05-21 18:07:45,1010.0166666666667,70.0,-0.5,10,0
498442******6120,2015-05-08 16:33:34,23.35,No,0,0,,-1.0,,0.0,16,0
498442******6244,2015-05-11 19:36:31,78.4,No,0,0,,-1.0,,0.0,19,0
498442******6248,2015-05-11 19:25:41,44.8,No,0,0,,-1.0,,0.0,19,0
498442******6269,2015-05-14 22:30:43,16.5,No,0,0,,-1.0,,0.0,22,0
498442******6339,2015-05-07 19:49:16,99.0,No,0,0,,-1.0,,0.0,19,0
498442******6355,2015-05-25 10:20:47,36.66,No,0,0,,-1.0,,0.0,10,0
498442******6633,2015-05-29 19:45:29,55.0,No,0,0,,-1.0,,0.0,19,0
498442******6653,2015-05-17 19:56:06,184.0,No,0,0,,-1.0,,0.0,19,0
498442******6653,2015-05-30 20:08:01,200.0,No,0,0,2015-05-17 19:56:06,18731.916666666668,184.0,0.08695652173913038,20,0
498442******6653,2015-05-30 20:08:01,200.0,No,0,0,2015-05-30 20:08:01,0.0,192.0,0.04166666666666674,20,0
498442******6676,2015-05-16 12:27:41,33.0,No,0,0,,-1.0,,0.0,12,0
498442******6687,2015-05-12 19:26:27,89.6,No,0,0,,-1.0,,0.0,19,0
498442******6746,2015-05-11 19:27:24,34.5,No,0,0,,-1.0,,0.0,19,0
498442******6746,2015-05-11 19:29:20,201.25,No,0,1,2015-05-11 19:27:24,1.9333333333333333,34.5,4.833333333333333,19,0
498442******6790,2015-05-04 17:35:53,92.0,No,0,0,,-1.0,,0.0,17,0
498442******7017,2015-05-08 19:45:11,33.0,No,0,0,,-1.0,,0.0,19,0
498442******7095,2015-05-11 15:54:23,112.0,No,0,0,,-1.0,,0.0,15,0
498442******7114,2015-05-29 19:00:14,10.0,No,0,0,,-1.0,,0.0,19,0
498442******7194,2015-05-24 22:58:46,414.4,No,0,0,,-1.0,,0.0,22,0
498442******7588,2015-05-01 13:01:11,140.0,No,0,0,,-1.0,,0.0,13,0
498442******7605,2015-05-05 11:23:37,192.0,No,0,0,,-1.0,,0.0,11,0
498442******7635,2015-05-22 14:59:01,132.0,No,0,0,,-1.0,,0.0,14,0
498442******7785,2015-05-06 10:46:15,46.0,No,0,0,,-1.0,,0.0,10,0
498442******7796,2015-05-21 20:36:29,46.2,No,0,0,,-1.0,,0.0,20,0
498442******7796,2015-05-26 20:47:34,418.0,Yes,1,0,2015-05-21 20:36:29,7211.083333333333,46.2,8.047619047619047,20,0
498442******7796,2015-05-26 20:49:35,418.0,Yes,1,1,2015-05-26 20:47:34,2.0166666666666666,232.1,0.8009478672985781,20,0
498442******7796,2015-05-26 20:51:31,418.0,Yes,1,2,2015-05-26 20:49:35,1.9333333333333333,294.06666666666666,0.4214463840399003,20,0
498442******7796,2015-05-27 21:49:43,220.0,Yes,1,0,2015-05-26 20:51:31,1498.2,325.05,-0.32318104906937395,21,0
498442******7796,2015-05-27 21:56:53,440.0,Yes,1,1,2015-05-27 21:49:43,7.166666666666667,304.04,0.44717800289435594,21,0
498442******7796,2015-05-27 21:58:47,440.0,Yes,1,2,2015-05-27 21:56:53,1.9,326.7,0.3468013468013469,21,0
498442******7796,2015-05-27 22:00:20,440.0,Yes,1,3,2015-05-27 21:58:47,1.55,342.88571428571424,0.28322639780018344,22,0
498442******7871,2015-05-28 11:04:10,15.0,No,0,0,,-1.0,,0.0,11,0
498442******7888,2015-05-17 16:20:32,297.0,No,0,0,,-1.0,,0.0,16,0
498442******7904,2015-05-11 18:08:11,23.0,No,0,0,,-1.0,,0.0,18,0
498442******7911,2015-05-06 23:50:30,39.48,No,0,0,,-1.0,,0.0,23,1
498442******8294,2015-05-12 15:27:59,16.5,No,0,0,,-1.0,,0.0,15,0
498442******8521,2015-05-11 16:17:03,264.0,No,0,0,,-1.0,,0.0,16,0
498442******8521,2015-05-12 00:22:36,99.0,No,0,1,2015-05-11 16:17:03,485.55,264.0,-0.625,0,1
498442******8549,2015-05-14 20:54:38,31.05,No,0,0,,-1.0,,0.0,20,0
498442******8615,2015-05-15 17:51:18,16.5,No,0,0,,-1.0,,0.0,17,0
498442******8617,2015-05-10 11:06:48,69.0,No,0,0,,-1.0,,0.0,11,0
498442******8886,2015-05-22 11:16:48,10.0,No,0,0,,-1.0,,0.0,11,0
498442******8994,2015-05-01 17:07:34,110.0,No,0,0,,-1.0,,0.0,17,0
498442******9028,2015-05-16 18:34:43,33.0,No,0,0,,-1.0,,0.0,18,0
498442******9028,2015-05-16 18:34:49,33.0,No,0,1,2015-05-16 18:34:43,0.1,33.0,0.0,18,0
498442******9107,2015-05-06 21:04:15,35.53,No,0,0,,-1.0,,0.0,21,0
498442******9199,2015-05-14 17:28:37,297.0,No,0,0,,-1.0,,0.0,17,0
498442******9419,2015-05-13 17:32:50,154.0,No,0,0,,-1.0,,0.0,17,0
498442******9676,2015-05-16 19:04:03,46.0,No,0,0,,-1.0,,0.0,19,0
498442******9754,2015-05-15 20:03:21,60.89,No,0,0,,-1.0,,0.0,20,0
498442******9816,2015-05-01 11:02:19,77.0,No,0,0,,-1.0,,0.0,11,0
498442******9847,2015-05-21 14:14:37,105.0,No,0,0,,-1.0,,0.0,14,0
498449******4559,2015-05-05 13:54:47,143.0,No,0,0,,-1.0,,0.0,13,0
498452******0149,2015-05-19 10:29:23,15.0,No,0,0,,-1.0,,0.0,10,0
498452******0541,2015-05-21 12:33:32,106.4,No,0,0,,-1.0,,0.0,12,0
498452******0613,2015-05-19 20:40:02,176.0,No,0,0,,-1.0,,0.0,20,0
498452******5508,2015-05-24 22:37:34,112.0,No,0,0,,-1.0,,0.0,22,0
498453******0031,2015-05-28 21:29:35,99.0,No,0,0,,-1.0,,0.0,21,0
498453******0056,2015-05-07 20:10:40,179.2,No,0,0,,-1.0,,0.0,20,0
498453******0093,2015-05-06 20:27:32,55.0,No,0,0,,-1.0,,0.0,20,0
498453******0121,2015-05-21 22:13:04,46.0,No,0,0,,-1.0,,0.0,22,0
498453******0135,2015-05-12 15:48:19,156.8,No,0,0,,-1.0,,0.0,15,0
498453******0196,2015-05-27 19:59:31,20.0,No,0,0,,-1.0,,0.0,19,0
498453******0261,2015-05-20 20:02:28,10.0,No,0,0,,-1.0,,0.0,20,0
498453******0267,2015-05-25 12:04:59,20.0,No,0,0,,-1.0,,0.0,12,0
498453******0472,2015-05-20 22:30:13,20.0,No,0,0,,-1.0,,0.0,22,0
498453******0599,2015-05-08 19:41:31,46.0,No,0,0,,-1.0,,0.0,19,0
498453******0638,2015-05-17 12:53:52,69.0,No,0,0,,-1.0,,0.0,12,0
498453******0696,2015-05-06 09:37:36,396.0,No,0,0,,-1.0,,0.0,9,0
498453******0824,2015-05-14 16:08:28,145.6,No,0,0,,-1.0,,0.0,16,0
498453******0859,2015-05-06 23:08:14,35.0,No,0,0,,-1.0,,0.0,23,1
498453******0866,2015-05-23 18:38:35,105.0,No,0,0,,-1.0,,0.0,18,0
498453******0993,2015-05-14 11:35:25,154.0,No,0,0,,-1.0,,0.0,11,0
498453******1085,2015-05-05 16:48:40,24.0,No,0,0,,-1.0,,0.0,16,0
498453******1337,2015-05-30 17:34:01,123.2,No,0,0,,-1.0,,0.0,17,0
498453******1337,2015-05-30 17:34:01,123.2,No,0,0,2015-05-30 17:34:01,0.0,123.2,0.0,17,0
498453******1352,2015-05-05 05:15:48,73.34,No,0,0,,-1.0,,0.0,5,1
498453******1446,2015-05-16 17:46:13,274.38,No,0,0,,-1.0,,0.0,17,0
498453******1645,2015-05-29 08:52:30,46.0,No,0,0,,-1.0,,0.0,8,0
498453******1821,2015-05-22 17:13:22,420.0,No,0,0,,-1.0,,0.0,17,0
498453******1903,2015-05-21 11:20:50,69.0,No,0,0,,-1.0,,0.0,11,0
498453******1907,2015-05-04 21:06:13,165.0,No,0,0,,-1.0,,0.0,21,0
498453******1908,2015-05-06 10:51:22,138.0,No,0,0,,-1.0,,0.0,10,0
498453******1912,2015-05-28 23:23:38,34.5,No,0,0,,-1.0,,0.0,23,1
498453******1950,2015-05-15 14:16:09,154.0,No,0,0,,-1.0,,0.0,14,0
498453******1997,2015-05-12 20:49:56,154.0,No,0,0,,-1.0,,0.0,20,0
498453******2030,2015-05-16 09:39:21,33.0,No,0,0,,-1.0,,0.0,9,0
498453******2070,2015-05-23 10:58:09,23.0,No,0,0,,-1.0,,0.0,10,0
498453******2098,2015-05-20 20:08:32,23.0,No,0,0,,-1.0,,0.0,20,0
498453******2098,2015-05-20 20:20:34,23.0,No,0,1,2015-05-20 20:08:32,12.033333333333333,23.0,0.0,20,0
498453******2278,2015-05-15 17:43:38,68.66,No,0,0,,-1.0,,0.0,17,0
498453******2339,2015-05-08 16:42:36,286.0,No,0,0,,-1.0,,0.0,16,0
498453******2374,2015-05-06 09:33:16,231.0,No,0,0,,-1.0,,0.0,9,0
498453******2409,2015-05-22 15:03:23,25.0,No,0,0,,-1.0,,0.0,15,0
498453******2428,2015-05-13 17:59:38,62.1,No,0,0,,-1.0,,0.0,17,0
498453******2445,2015-05-05 00:18:14,247.5,No,0,0,,-1.0,,0.0,0,1
498453******2474,2015-05-19 19:33:43,10.0,No,0,0,,-1.0,,0.0,19,0
498453******2523,2015-05-19 16:16:34,154.0,No,0,0,,-1.0,,0.0,16,0
498453******2523,2015-05-20 09:21:07,44.0,No,0,1,2015-05-19 16:16:34,1024.55,154.0,-0.7142857142857143,9,0
498453******2523,2015-05-27 20:52:17,78.4,No,0,0,2015-05-20 09:21:07,10771.166666666666,99.0,-0.20808080808080798,20,0
498453******2534,2015-05-14 20:06:57,99.0,Yes,1,0,,-1.0,,0.0,20,0
498453******2534,2015-05-14 20:08:37,99.0,Yes,1,1,2015-05-14 20:06:57,1.6666666666666667,99.0,0.0,20,0
498453******2651,2015-05-14 19:16:21,16.5,No,0,0,,-1.0,,0.0,19,0
498453******2657,2015-05-02 07:47:15,220.0,No,0,0,,-1.0,,0.0,7,0
498453******2660,2015-05-03 18:29:18,23.0,No,0,0,,-1.0,,0.0,18,0
498453******2743,2015-05-12 13:46:51,23.0,No,0,0,,-1.0,,0.0,13,0
498453******2783,2015-05-15 16:18:10,154.0,No,0,0,,-1.0,,0.0,16,0
498453******2929,2015-05-07 13:10:12,201.6,No,0,0,,-1.0,,0.0,13,0
498453******2965,2015-05-14 00:40:09,123.3,No,0,0,,-1.0,,0.0,0,1
498453******3023,2015-05-11 15:09:15,134.4,No,0,0,,-1.0,,0.0,15,0
498453******3111,2015-05-15 13:59:38,23.0,No,0,0,,-1.0,,0.0,13,0
498453******3239,2015-05-06 14:55:05,31.59,No,0,0,,-1.0,,0.0,14,0
498453******3268,2015-05-07 14:20:36,132.0,No,0,0,,-1.0,,0.0,14,0
498453******3293,2015-05-08 00:12:57,119.98,No,0,0,,-1.0,,0.0,0,1
498453******3365,2015-05-01 17:07:33,143.0,No,0,0,,-1.0,,0.0,17,0
498453******3424,2015-05-13 13:05:19,550.0,No,0,0,,-1.0,,0.0,13,0
498453******3632,2015-05-08 22:12:16,23.0,No,0,0,,-1.0,,0.0,22,0
498453******3715,2015-05-13 18:04:20,58.36,No,0,0,,-1.0,,0.0,18,0
498453******3729,2015-05-01 19:59:46,122.81,No,0,0,,-1.0,,0.0,19,0
498453******3734,2015-05-14 23:01:47,23.0,No,0,0,,-1.0,,0.0,23,1
498453******3769,2015-05-16 01:36:56,168.0,No,0,0,,-1.0,,0.0,1,1
498453******3863,2015-05-01 14:33:34,57.5,No,0,0,,-1.0,,0.0,14,0
498453******3870,2015-05-08 22:19:10,23.0,No,0,0,,-1.0,,0.0,22,0
498453******3870,2015-05-08 23:14:07,23.0,No,0,1,2015-05-08 22:19:10,54.95,23.0,0.0,23,1
498453******3935,2015-05-17 17:20:13,112.0,No,0,0,,-1.0,,0.0,17,0
498453******3935,2015-05-21 21:58:13,172.5,No,0,0,2015-05-17 17:20:13,6038.0,112.0,0.5401785714285714,21,0
498453******3935,2015-05-23 16:07:25,89.6,No,0,0,2015-05-21 21:58:13,2529.2,142.25,-0.3701230228471002,16,0
498453******3939,2015-05-11 22:30:46,154.0,No,0,0,,-1.0,,0.0,22,0
498453******3951,2015-05-08 14:53:35,176.0,No,0,0,,-1.0,,0.0,14,0
498453******3980,2015-05-24 10:40:23,20.0,No,0,0,,-1.0,,0.0,10,0
498453******3986,2015-05-20 19:36:33,15.0,No,0,0,,-1.0,,0.0,19,0
498453******4032,2015-05-20 17:56:14,46.0,No,0,0,,-1.0,,0.0,17,0
498453******4110,2015-05-26 14:45:19,70.0,No,0,0,,-1.0,,0.0,14,0
498453******4115,2015-05-19 19:13:10,10.0,No,0,0,,-1.0,,0.0,19,0
498453******4115,2015-05-24 13:38:14,20.0,No,0,0,2015-05-19 19:13:10,6865.066666666667,10.0,1.0,13,0
498453******4153,2015-05-29 19:05:35,46.0,No,0,0,,-1.0,,0.0,19,0
498453******4153,2015-05-29 19:55:11,46.0,No,0,1,2015-05-29 19:05:35,49.6,46.0,0.0,19,0
498453******4258,2015-05-20 12:02:57,69.0,No,0,0,,-1.0,,0.0,12,0
498453******4284,2015-05-08 19:41:40,537.6,No,0,0,,-1.0,,0.0,19,0
498453******4288,2015-05-20 13:32:44,240.0,No,0,0,,-1.0,,0.0,13,0
498453******4345,2015-05-22 17:31:54,66.0,No,0,0,,-1.0,,0.0,17,0
498453******4360,2015-05-08 11:05:59,57.5,Yes,1,0,,-1.0,,0.0,11,0
498453******4360,2015-05-08 11:07:23,57.5,Yes,1,1,2015-05-08 11:05:59,1.4,57.5,0.0,11,0
498453******4360,2015-05-08 11:08:49,57.5,Yes,1,2,2015-05-08 11:07:23,1.4333333333333333,57.5,0.0,11,0
498453******4360,2015-05-08 11:10:18,57.5,Yes,1,3,2015-05-08 11:08:49,1.4833333333333334,57.5,0.0,11,0
498453******4363,2015-05-15 00:03:06,165.0,No,0,0,,-1.0,,0.0,0,1
498453******4402,2015-05-27 17:50:23,44.0,No,0,0,,-1.0,,0.0,17,0
498453******4470,2015-05-25 18:44:36,38.5,No,0,0,,-1.0,,0.0,18,0
498453******4515,2015-05-07 15:09:46,286.0,No,0,0,,-1.0,,0.0,15,0
498453******4541,2015-05-29 10:47:56,5.0,No,0,0,,-1.0,,0.0,10,0
498453******4554,2015-05-06 14:35:20,103.5,No,0,0,,-1.0,,0.0,14,0
498453******4625,2015-05-11 23:18:36,380.8,No,0,0,,-1.0,,0.0,23,1
498453******4655,2015-05-20 13:28:59,83.0,No,0,0,,-1.0,,0.0,13,0
498453******4704,2015-05-08 21:50:57,70.0,No,0,0,,-1.0,,0.0,21,0
498453******4723,2015-05-15 13:25:02,132.0,No,0,0,,-1.0,,0.0,13,0
498453******4863,2015-05-06 19:46:37,143.0,No,0,0,,-1.0,,0.0,19,0
498453******5065,2015-05-21 18:40:25,69.0,No,0,0,,-1.0,,0.0,18,0
498453******5103,2015-05-28 12:18:54,280.0,No,0,0,,-1.0,,0.0,12,0
498453******5132,2015-05-14 05:21:52,156.8,Yes,1,0,,-1.0,,0.0,5,1
498453******5223,2015-05-22 11:11:38,23.0,No,0,0,,-1.0,,0.0,11,0
498453******5263,2015-05-21 15:03:46,84.0,No,0,0,,-1.0,,0.0,15,0
498453******5267,2015-05-20 13:26:14,46.69,No,0,0,,-1.0,,0.0,13,0
498453******5329,2015-05-10 21:15:06,57.5,No,0,0,,-1.0,,0.0,21,0
498453******5380,2015-05-18 18:05:50,132.0,No,0,0,,-1.0,,0.0,18,0
498453******5386,2015-05-14 07:53:37,77.0,No,0,0,,-1.0,,0.0,7,0
498453******5386,2015-05-28 16:50:27,121.0,No,0,0,2015-05-14 07:53:37,20696.833333333332,77.0,0.5714285714285714,16,0
498453******5390,2015-05-17 12:55:33,114.94,No,0,0,,-1.0,,0.0,12,0
498453******5449,2015-05-04 18:43:28,1.1,No,0,0,,-1.0,,0.0,18,0
498453******5449,2015-05-04 19:45:04,2.2,No,0,1,2015-05-04 18:43:28,61.6,1.1,1.0,19,0
498453******5449,2015-05-06 22:34:47,1.0,No,0,0,2015-05-04 19:45:04,3049.7166666666667,1.6500000000000001,-0.39393939393939403,22,0
498453******5601,2015-05-07 16:35:42,144.0,No,0,0,,-1.0,,0.0,16,0
498453******5640,2015-05-01 12:09:51,33.0,No,0,0,,-1.0,,0.0,12,0
498453******5677,2015-05-25 11:01:21,630.0,No,0,0,,-1.0,,0.0,11,0
498453******5693,2015-05-29 22:05:43,286.0,No,0,0,,-1.0,,0.0,22,0
498453******5716,2015-05-14 18:40:45,33.0,No,0,0,,-1.0,,0.0,18,0
498453******5743,2015-05-07 20:39:21,55.0,No,0,0,,-1.0,,0.0,20,0
498453******5745,2015-05-14 11:17:29,134.4,No,0,0,,-1.0,,0.0,11,0
498453******5798,2015-05-04 19:09:41,110.0,No,0,0,,-1.0,,0.0,19,0
498453******5927,2015-05-05 21:36:41,23.0,No,0,0,,-1.0,,0.0,21,0
498453******5972,2015-05-12 16:11:27,132.25,No,0,0,,-1.0,,0.0,16,0
498453******5984,2015-05-19 21:00:28,20.0,No,0,0,,-1.0,,0.0,21,0
498453******5997,2015-05-20 16:50:04,20.0,No,0,0,,-1.0,,0.0,16,0
498453******6040,2015-05-18 21:28:51,44.0,No,0,0,,-1.0,,0.0,21,0
498453******6046,2015-05-04 17:49:44,46.0,No,0,0,,-1.0,,0.0,17,0
498453******6286,2015-05-24 11:26:23,20.0,No,0,0,,-1.0,,0.0,11,0
498453******6459,2015-05-23 14:02:26,67.2,No,0,0,,-1.0,,0.0,14,0
498453******6551,2015-05-08 18:29:50,201.6,No,0,0,,-1.0,,0.0,18,0
498453******6580,2015-05-20 10:46:48,70.4,No,0,0,,-1.0,,0.0,10,0
498453******6588,2015-05-23 14:42:11,20.0,No,0,0,,-1.0,,0.0,14,0
498453******6588,2015-05-23 15:08:24,30.0,No,0,1,2015-05-23 14:42:11,26.216666666666665,20.0,0.5,15,0
498453******6604,2015-05-11 23:39:53,55.0,No,0,0,,-1.0,,0.0,23,1
498453******6694,2015-05-19 13:35:34,10.0,No,0,0,,-1.0,,0.0,13,0
498453******6720,2015-05-29 19:46:59,34.5,No,0,0,,-1.0,,0.0,19,0
498453******6729,2015-05-08 17:16:51,34.5,No,0,0,,-1.0,,0.0,17,0
498453******6781,2015-05-04 23:37:49,92.0,No,0,0,,-1.0,,0.0,23,1
498453******6960,2015-05-22 00:00:00,23.0,No,0,0,,-1.0,,0.0,0,1
498453******6960,2015-05-22 00:14:57,23.0,No,0,1,2015-05-22 00:00:00,14.95,23.0,0.0,0,1
498453******7000,2015-05-13 07:57:13,179.2,No,0,0,,-1.0,,0.0,7,0
498453******7207,2015-05-04 08:47:59,46.0,No,0,0,,-1.0,,0.0,8,0
498453******7303,2015-05-19 20:57:54,112.0,Yes,1,0,,-1.0,,0.0,20,0
498453******7303,2015-05-19 21:00:22,112.0,Yes,1,1,2015-05-19 20:57:54,2.466666666666667,112.0,0.0,21,0
498453******7303,2015-05-19 21:05:11,112.0,Yes,1,2,2015-05-19 21:00:22,4.816666666666666,112.0,0.0,21,0
498453******7303,2015-05-19 21:19:17,112.0,Yes,1,3,2015-05-19 21:05:11,14.1,112.0,0.0,21,0
498453******7303,2015-05-19 21:20:57,112.0,Yes,1,4,2015-05-19 21:19:17,1.6666666666666667,112.0,0.0,21,0
498453******7416,2015-05-16 18:07:34,70.0,No,0,0,,-1.0,,0.0,18,0
498453******7417,2015-05-29 14:12:42,110.0,No,0,0,,-1.0,,0.0,14,0
498453******7477,2015-05-08 13:56:05,110.0,No,0,0,,-1.0,,0.0,13,0
498453******7511,2015-05-06 22:52:07,110.0,No,0,0,,-1.0,,0.0,22,0
498453******7541,2015-05-06 23:12:42,220.0,No,0,0,,-1.0,,0.0,23,1
498453******7660,2015-05-18 23:55:39,53.0,No,0,0,,-1.0,,0.0,23,1
498453******7715,2015-05-20 18:50:03,23.0,No,0,0,,-1.0,,0.0,18,0
498453******7718,2015-05-18 17:05:19,25.96,No,0,0,,-1.0,,0.0,17,0
498453******7750,2015-05-24 23:13:23,20.0,No,0,0,,-1.0,,0.0,23,1
498453******7757,2015-05-08 23:11:48,165.0,No,0,0,,-1.0,,0.0,23,1
498453******7767,2015-05-22 00:24:26,291.2,No,0,0,,-1.0,,0.0,0,1
498453******7821,2015-05-16 19:32:49,46.0,No,0,0,,-1.0,,0.0,19,0
498453******7824,2015-05-12 23:23:27,46.0,No,0,0,,-1.0,,0.0,23,1
498453******7836,2015-05-21 22:05:41,33.0,No,0,0,,-1.0,,0.0,22,0
498453******7870,2015-05-09 12:31:40,180.0,No,0,0,,-1.0,,0.0,12,0
498453******7946,2015-05-29 18:43:34,34.5,No,0,0,,-1.0,,0.0,18,0
498453******7955,2015-05-26 12:23:30,720.0,No,0,0,,-1.0,,0.0,12,0
498453******7997,2015-05-13 23:29:22,195.5,No,0,0,,-1.0,,0.0,23,1
498453******8038,2015-05-05 20:11:27,143.0,No,0,0,,-1.0,,0.0,20,0
498453******8045,2015-05-27 18:06:34,200.96,No,0,0,,-1.0,,0.0,18,0
498453******8083,2015-05-19 21:02:35,25.0,No,0,0,,-1.0,,0.0,21,0
498453******8097,2015-05-10 15:25:43,123.3,No,0,0,,-1.0,,0.0,15,0
498453******8097,2015-05-28 14:43:58,67.2,No,0,0,2015-05-10 15:25:43,25878.25,123.3,-0.45498783454987834,14,0
498453******8176,2015-05-30 00:36:23,55.0,Yes,1,0,,-1.0,,0.0,0,1
498453******8203,2015-05-20 09:52:04,10.0,No,0,0,,-1.0,,0.0,9,0
498453******8248,2015-05-16 18:49:27,36.54,No,0,0,,-1.0,,0.0,18,0
498453******8476,2015-05-30 22:35:38,73.34,No,0,0,,-1.0,,0.0,22,0
498453******8476,2015-05-30 22:35:38,73.34,No,0,0,2015-05-30 22:35:38,0.0,73.34,0.0,22,0
498453******8656,2015-05-09 19:52:50,198.0,No,0,0,,-1.0,,0.0,19,0
498453******8674,2015-05-30 20:09:14,15.0,No,0,0,,-1.0,,0.0,20,0
498453******8674,2015-05-30 20:09:14,15.0,No,0,0,2015-05-30 20:09:14,0.0,15.0,0.0,20,0
498453******8717,2015-05-30 16:47:05,99.0,No,0,0,,-1.0,,0.0,16,0
498453******8717,2015-05-30 16:47:05,99.0,No,0,0,2015-05-30 16:47:05,0.0,99.0,0.0,16,0
498453******8827,2015-05-24 22:22:07,80.5,No,0,0,,-1.0,,0.0,22,0
498453******8926,2015-05-05 13:40:04,69.0,No,0,0,,-1.0,,0.0,13,0
498453******8977,2015-05-11 17:35:32,115.0,Yes,1,0,,-1.0,,0.0,17,0
498453******9009,2015-05-15 18:10:06,154.0,No,0,0,,-1.0,,0.0,18,0
498453******9056,2015-05-04 20:27:30,138.0,No,0,0,,-1.0,,0.0,20,0
498453******9148,2015-05-29 16:50:00,124.2,No,0,0,,-1.0,,0.0,16,0
498453******9248,2015-05-11 07:10:38,104.5,No,0,0,,-1.0,,0.0,7,0
498453******9337,2015-05-02 07:06:02,72.0,No,0,0,,-1.0,,0.0,7,0
498453******9337,2015-05-05 12:51:18,73.07,No,0,0,2015-05-02 07:06:02,4665.266666666666,72.0,0.014861111111110992,12,0
498453******9337,2015-05-16 23:17:07,72.0,No,0,0,2015-05-05 12:51:18,16465.816666666666,72.535,-0.007375749638105722,23,1
498453******9360,2015-05-27 22:40:27,49.5,No,0,0,,-1.0,,0.0,22,0
498453******9456,2015-05-13 15:33:34,46.0,No,0,0,,-1.0,,0.0,15,0
498453******9465,2015-05-15 20:50:34,73.07,No,0,0,,-1.0,,0.0,20,0
498453******9502,2015-05-07 16:23:24,46.0,No,0,0,,-1.0,,0.0,16,0
498453******9563,2015-05-07 17:48:27,264.0,No,0,0,,-1.0,,0.0,17,0
498453******9689,2015-05-13 13:17:33,154.0,No,0,0,,-1.0,,0.0,13,0
498453******9732,2015-05-16 20:24:34,16.5,No,0,0,,-1.0,,0.0,20,0
498453******9749,2015-05-17 20:07:29,69.0,No,0,0,,-1.0,,0.0,20,0
498453******9853,2015-05-10 12:52:35,286.0,No,0,0,,-1.0,,0.0,12,0
498453******9988,2015-05-04 13:46:56,43.7,No,0,0,,-1.0,,0.0,13,0
498496******3333,2015-05-07 22:32:27,69.0,No,0,0,,-1.0,,0.0,22,0
498496******3697,2015-05-06 19:03:00,36.66,No,0,0,,-1.0,,0.0,19,0
498496******3786,2015-05-20 20:34:11,54.6,No,0,0,,-1.0,,0.0,20,0
498496******4074,2015-05-28 10:41:53,20.0,No,0,0,,-1.0,,0.0,10,0
498496******4806,2015-05-04 20:50:12,220.0,No,0,0,,-1.0,,0.0,20,0
498496******7336,2015-05-15 23:31:55,165.0,No,0,0,,-1.0,,0.0,23,1
498554******1483,2015-05-11 16:20:37,165.0,No,0,0,,-1.0,,0.0,16,0
498554******3679,2015-05-16 02:14:02,132.0,No,0,0,,-1.0,,0.0,2,1
498582******0013,2015-05-02 11:27:15,40.85,No,0,0,,-1.0,,0.0,11,0
498582******2016,2015-05-30 12:00:20,50.75,No,0,0,,-1.0,,0.0,12,0
498582******3018,2015-05-28 14:04:15,161.0,No,0,0,,-1.0,,0.0,14,0
498582******5024,2015-05-21 11:15:06,5.0,No,0,0,,-1.0,,0.0,11,0
498582******7034,2015-05-08 22:49:12,132.0,No,0,0,,-1.0,,0.0,22,0
498582******9021,2015-05-21 08:17:14,35.53,No,0,0,,-1.0,,0.0,8,0
510147******1958,2015-05-25 10:45:57,112.0,No,0,0,,-1.0,,0.0,10,0
510147******3232,2015-05-15 22:52:26,110.0,No,0,0,,-1.0,,0.0,22,0
510147******4750,2015-05-10 17:30:29,209.0,No,0,0,,-1.0,,0.0,17,0
510147******4750,2015-05-12 00:35:55,77.0,No,0,0,2015-05-10 17:30:29,1865.4333333333334,209.0,-0.631578947368421,0,1
510147******4917,2015-05-11 13:55:28,89.6,No,0,0,,-1.0,,0.0,13,0
510147******5814,2015-05-18 13:56:52,57.46,No,0,0,,-1.0,,0.0,13,0
510147******6020,2015-05-12 16:23:48,99.0,No,0,0,,-1.0,,0.0,16,0
510147******7171,2015-05-12 22:37:07,84.0,No,0,0,,-1.0,,0.0,22,0
510147******8392,2015-05-25 23:53:19,69.0,No,0,0,,-1.0,,0.0,23,1
510147******8392,2015-05-28 12:11:44,34.5,No,0,0,2015-05-25 23:53:19,3618.4166666666665,69.0,-0.5,12,0
510447******4206,2015-05-08 15:14:18,31.59,No,0,0,,-1.0,,0.0,15,0
512363******0212,2015-05-04 23:23:28,145.6,No,0,0,,-1.0,,0.0,23,1
512363******0699,2015-05-18 23:55:58,23.0,No,0,0,,-1.0,,0.0,23,1
512363******1980,2015-05-06 15:25:48,103.5,No,0,0,,-1.0,,0.0,15,0
512363******2092,2015-05-29 17:14:09,46.0,No,0,0,,-1.0,,0.0,17,0
512363******2092,2015-05-29 17:15:41,46.0,No,0,1,2015-05-29 17:14:09,1.5333333333333334,46.0,0.0,17,0
512363******3716,2015-05-16 20:43:34,44.0,No,0,0,,-1.0,,0.0,20,0
512363******3716,2015-05-17 15:20:27,154.0,No,0,1,2015-05-16 20:43:34,1116.8833333333334,44.0,2.5,15,0
512363******4127,2015-05-12 02:30:15,55.0,No,0,0,,-1.0,,0.0,2,1
512363******5957,2015-05-15 17:02:16,46.0,No,0,0,,-1.0,,0.0,17,0
512363******5957,2015-05-16 13:10:28,46.0,No,0,1,2015-05-15 17:02:16,1208.2,46.0,0.0,13,0
512363******7255,2015-05-29 16:24:16,34.5,No,0,0,,-1.0,,0.0,16,0
512363******8139,2015-05-28 15:01:13,89.6,No,0,0,,-1.0,,0.0,15,0
512363******8234,2015-05-05 13:33:49,96.0,No,0,0,,-1.0,,0.0,13,0
512363******8570,2015-05-29 17:07:43,110.0,No,0,0,,-1.0,,0.0,17,0
512363******8954,2015-05-19 12:02:15,73.34,No,0,0,,-1.0,,0.0,12,0
512374******9233,2015-05-12 20:21:40,23.0,No,0,0,,-1.0,,0.0,20,0
512427******3998,2015-05-06 14:40:56,145.6,No,0,0,,-1.0,,0.0,14,0
512427******4116,2015-05-25 09:44:51,241.5,No,0,0,,-1.0,,0.0,9,0
512427******9370,2015-05-07 20:21:47,156.8,No,0,0,,-1.0,,0.0,20,0
512682******0643,2015-05-12 21:39:28,264.0,No,0,0,,-1.0,,0.0,21,0
512682******0741,2015-05-08 13:41:59,92.0,No,0,0,,-1.0,,0.0,13,0
512682******0842,2015-05-02 22:07:55,230.0,No,0,0,,-1.0,,0.0,22,0
512682******0876,2015-05-12 13:42:03,16.5,No,0,0,,-1.0,,0.0,13,0
512682******0946,2015-05-07 17:27:51,16.5,No,0,0,,-1.0,,0.0,17,0
512682******1091,2015-05-07 23:38:00,132.0,No,0,0,,-1.0,,0.0,23,1
512682******1364,2015-05-05 21:56:36,33.0,No,0,0,,-1.0,,0.0,21,0
512682******1364,2015-05-16 11:56:28,16.5,No,0,0,2015-05-05 21:56:36,15239.866666666667,33.0,-0.5,11,0
512682******1503,2015-05-26 15:25:58,52.86,No,0,0,,-1.0,,0.0,15,0
512682******1503,2015-05-26 15:28:41,20.12,No,0,1,2015-05-26 15:25:58,2.716666666666667,52.86,-0.6193719258418464,15,0
512682******1503,2015-05-26 15:30:01,20.12,No,0,2,2015-05-26 15:28:41,1.3333333333333333,36.49,-0.4486160591942998,15,0
512682******1503,2015-05-26 15:31:08,77.0,No,0,3,2015-05-26 15:30:01,1.1166666666666667,31.03333333333333,1.481203007518797,15,0
512682******1503,2015-05-26 15:33:36,39.07,No,0,4,2015-05-26 15:31:08,2.466666666666667,42.525,-0.08124632569077006,15,0
512682******1503,2015-05-26 15:34:40,26.44,No,0,5,2015-05-26 15:33:36,1.0666666666666667,41.833999999999996,-0.36797819955060473,15,0
512682******1503,2015-05-26 15:35:47,39.07,No,0,6,2015-05-26 15:34:40,1.1166666666666667,39.26833333333333,-0.005050719409193105,15,0
512682******2539,2015-05-05 18:35:20,24.0,No,0,0,,-1.0,,0.0,18,0
512682******2767,2015-05-11 15:19:23,110.0,No,0,0,,-1.0,,0.0,15,0
512682******2831,2015-05-08 09:30:13,230.0,No,0,0,,-1.0,,0.0,9,0
512682******2831,2015-05-25 15:20:49,110.0,No,0,0,2015-05-08 09:30:13,24830.6,230.0,-0.5217391304347826,15,0
512682******2947,2015-05-25 10:42:57,92.0,No,0,0,,-1.0,,0.0,10,0
512682******3659,2015-05-16 18:11:48,23.0,No,0,0,,-1.0,,0.0,18,0
512682******3924,2015-05-10 22:07:15,49.5,No,0,0,,-1.0,,0.0,22,0
512682******5232,2015-05-20 16:20:41,5.0,No,0,0,,-1.0,,0.0,16,0
512682******5244,2015-05-18 22:46:18,34.5,No,0,0,,-1.0,,0.0,22,0
512682******5965,2015-05-05 14:44:55,30.53,No,0,0,,-1.0,,0.0,14,0
512682******5965,2015-05-07 13:04:07,15.68,No,0,0,2015-05-05 14:44:55,2779.2,30.53,-0.4864068129708484,13,0
512682******6183,2015-05-06 13:44:13,165.0,No,0,0,,-1.0,,0.0,13,0
512682******6600,2015-05-12 18:37:18,93.37,No,0,0,,-1.0,,0.0,18,0
512682******7528,2015-05-15 20:22:41,92.0,No,0,0,,-1.0,,0.0,20,0
512682******8326,2015-05-28 14:57:17,94.03,No,0,0,,-1.0,,0.0,14,0
512682******9471,2015-05-25 13:44:46,46.0,No,0,0,,-1.0,,0.0,13,0
512707******0457,2015-05-06 17:23:47,369.9,No,0,0,,-1.0,,0.0,17,0
512707******0625,2015-05-26 21:21:23,92.0,No,0,0,,-1.0,,0.0,21,0
512707******0657,2015-05-15 16:30:23,33.0,No,0,0,,-1.0,,0.0,16,0
512707******0940,2015-05-02 15:57:30,143.0,No,0,0,,-1.0,,0.0,15,0
512707******1709,2015-05-02 18:46:30,143.0,No,0,0,,-1.0,,0.0,18,0
512707******2234,2015-05-11 22:06:37,154.0,No,0,0,,-1.0,,0.0,22,0
512707******2234,2015-05-18 22:04:47,110.0,No,0,0,2015-05-11 22:06:37,10078.166666666666,154.0,-0.2857142857142857,22,0
512707******2360,2015-05-12 13:36:15,33.0,No,0,0,,-1.0,,0.0,13,0
512707******3147,2015-05-02 20:50:05,29.34,No,0,0,,-1.0,,0.0,20,0
512707******4094,2015-05-18 08:32:54,78.4,No,0,0,,-1.0,,0.0,8,0
512707******4455,2015-05-21 21:14:02,121.0,No,0,0,,-1.0,,0.0,21,0
512707******5002,2015-05-26 23:34:36,20.0,No,0,0,,-1.0,,0.0,23,1
512707******5748,2015-05-12 14:24:30,72.0,No,0,0,,-1.0,,0.0,14,0
512707******5748,2015-05-14 09:28:48,72.0,No,0,0,2015-05-12 14:24:30,2584.3,72.0,0.0,9,0
512707******6224,2015-05-24 11:54:59,224.0,No,0,0,,-1.0,,0.0,11,0
512707******6512,2015-05-11 15:19:33,46.0,Yes,1,0,,-1.0,,0.0,15,0
512707******6512,2015-05-11 15:20:56,46.0,Yes,1,1,2015-05-11 15:19:33,1.3833333333333333,46.0,0.0,15,0
512707******6512,2015-05-11 15:32:15,154.0,Yes,1,2,2015-05-11 15:20:56,11.316666666666666,46.0,2.347826086956522,15,0
512707******6512,2015-05-11 15:33:48,154.0,Yes,1,3,2015-05-11 15:32:15,1.55,82.0,0.8780487804878048,15,0
512707******6512,2015-05-11 15:35:20,154.0,Yes,1,4,2015-05-11 15:33:48,1.5333333333333334,100.0,0.54,15,0
512707******6512,2015-05-11 15:36:55,154.0,Yes,1,5,2015-05-11 15:35:20,1.5833333333333333,110.8,0.3898916967509025,15,0
512707******6512,2015-05-11 15:38:52,154.0,Yes,1,6,2015-05-11 15:36:55,1.95,118.0,0.30508474576271194,15,0
512707******6512,2015-05-11 15:41:46,154.0,Yes,1,7,2015-05-11 15:38:52,2.9,123.14285714285714,0.25058004640371223,15,0
512707******6959,2015-05-11 12:06:14,112.0,No,0,0,,-1.0,,0.0,12,0
512707******7714,2015-05-29 17:24:43,99.0,No,0,0,,-1.0,,0.0,17,0
512707******9325,2015-05-16 11:10:37,660.0,No,0,0,,-1.0,,0.0,11,0
512707******9504,2015-05-06 15:01:16,27.63,No,0,0,,-1.0,,0.0,15,0
513557******3011,2015-05-08 01:46:56,23.0,No,0,0,,-1.0,,0.0,1,1
514004******0038,2015-05-10 17:11:13,110.0,No,0,0,,-1.0,,0.0,17,0
514004******1019,2015-05-13 15:58:37,46.69,No,0,0,,-1.0,,0.0,15,0
514004******4013,2015-05-20 17:47:22,63.94,No,0,0,,-1.0,,0.0,17,0
514004******7013,2015-05-09 13:46:53,66.0,No,0,0,,-1.0,,0.0,13,0
514086******0020,2015-05-12 12:46:06,92.0,No,0,0,,-1.0,,0.0,12,0
514086******1139,2015-05-12 23:24:32,77.0,No,0,0,,-1.0,,0.0,23,1
514086******6026,2015-05-26 17:15:00,86.0,No,0,0,,-1.0,,0.0,17,0
514086******8025,2015-05-07 20:42:34,60.0,No,0,0,,-1.0,,0.0,20,0
514086******8043,2015-05-02 10:10:40,16.5,No,0,0,,-1.0,,0.0,10,0
514086******8043,2015-05-06 16:22:56,16.5,No,0,0,2015-05-02 10:10:40,6132.266666666666,16.5,0.0,16,0
514086******8043,2015-05-07 16:53:44,16.5,No,0,0,2015-05-06 16:22:56,1470.8,16.5,0.0,16,0
514086******9012,2015-05-20 11:25:03,240.0,No,0,0,,-1.0,,0.0,11,0
514086******9190,2015-05-27 18:58:40,224.0,No,0,0,,-1.0,,0.0,18,0
514087******0017,2015-05-13 21:54:56,55.0,No,0,0,,-1.0,,0.0,21,0
514087******1017,2015-05-04 20:35:23,216.0,No,0,0,,-1.0,,0.0,20,0
514087******2011,2015-05-22 07:47:10,200.0,No,0,0,,-1.0,,0.0,7,0
514087******2016,2015-05-07 10:52:28,69.0,No,0,0,,-1.0,,0.0,10,0
514087******2016,2015-05-13 17:05:23,27.5,No,0,0,2015-05-07 10:52:28,9012.916666666666,69.0,-0.6014492753623188,17,0
514087******2016,2015-05-13 17:07:13,27.5,No,0,1,2015-05-13 17:05:23,1.8333333333333333,48.25,-0.43005181347150256,17,0
514087******2032,2015-05-09 18:15:07,34.5,No,0,0,,-1.0,,0.0,18,0
514087******4010,2015-05-03 11:12:58,16.5,No,0,0,,-1.0,,0.0,11,0
514087******4016,2015-05-28 21:01:06,28.0,No,0,0,,-1.0,,0.0,21,0
514087******5026,2015-05-28 19:10:41,172.5,Yes,1,0,,-1.0,,0.0,19,0
514087******5026,2015-05-28 19:11:56,172.5,Yes,1,1,2015-05-28 19:10:41,1.25,172.5,0.0,19,0
514087******6014,2015-05-18 10:08:16,23.0,No,0,0,,-1.0,,0.0,10,0
514087******6019,2015-05-16 01:00:31,110.0,No,0,0,,-1.0,,0.0,1,1
514087******7015,2015-05-24 20:25:25,89.6,No,0,0,,-1.0,,0.0,20,0
514087******9015,2015-05-06 09:48:26,187.0,No,0,0,,-1.0,,0.0,9,0
514868******0141,2015-05-14 18:21:46,99.0,No,0,0,,-1.0,,0.0,18,0
514868******0161,2015-05-17 21:54:53,112.0,No,0,0,,-1.0,,0.0,21,0
514868******0179,2015-05-01 17:44:19,143.0,No,0,0,,-1.0,,0.0,17,0
514868******0179,2015-05-08 18:19:50,143.0,No,0,0,2015-05-01 17:44:19,10115.516666666666,143.0,0.0,18,0
514868******0282,2015-05-21 17:37:23,40.0,No,0,0,,-1.0,,0.0,17,0
514868******0501,2015-05-29 18:21:27,44.0,No,0,0,,-1.0,,0.0,18,0
514868******0516,2015-05-30 00:41:16,132.0,No,0,0,,-1.0,,0.0,0,1
514868******0608,2015-05-12 13:29:06,352.0,No,0,0,,-1.0,,0.0,13,0
514868******0656,2015-05-13 15:56:54,154.0,No,0,0,,-1.0,,0.0,15,0
514868******0692,2015-05-28 13:10:44,88.0,No,0,0,,-1.0,,0.0,13,0
514868******0756,2015-05-15 00:58:02,77.0,No,0,0,,-1.0,,0.0,0,1
514868******0783,2015-05-01 18:52:25,429.0,No,0,0,,-1.0,,0.0,18,0
514868******0865,2015-05-19 10:31:24,15.0,No,0,0,,-1.0,,0.0,10,0
514868******0908,2015-05-13 20:31:02,154.0,No,0,0,,-1.0,,0.0,20,0
514868******0995,2015-05-04 18:47:14,257.6,No,0,0,,-1.0,,0.0,18,0
514868******1002,2015-05-12 18:47:02,27.5,No,0,0,,-1.0,,0.0,18,0
514868******1046,2015-05-29 19:39:01,20.0,No,0,0,,-1.0,,0.0,19,0
514868******1050,2015-05-28 14:26:57,132.0,No,0,0,,-1.0,,0.0,14,0
514868******1071,2015-05-14 21:43:01,104.5,No,0,0,,-1.0,,0.0,21,0
514868******1111,2015-05-30 10:35:04,99.0,No,0,0,,-1.0,,0.0,10,0
514868******1112,2015-05-12 22:11:37,55.0,Yes,1,0,,-1.0,,0.0,22,0
514868******1209,2015-05-28 21:55:45,88.0,No,0,0,,-1.0,,0.0,21,0
514868******1210,2015-05-08 11:18:24,99.0,No,0,0,,-1.0,,0.0,11,0
514868******1211,2015-05-02 10:28:55,257.6,No,0,0,,-1.0,,0.0,10,0
514868******1211,2015-05-02 10:39:24,143.0,No,0,1,2015-05-02 10:28:55,10.483333333333333,257.6,-0.44487577639751563,10,0
514868******1249,2015-05-13 19:10:12,156.8,No,0,0,,-1.0,,0.0,19,0
514868******1287,2015-05-14 15:01:15,268.9,No,0,0,,-1.0,,0.0,15,0
514868******1306,2015-05-25 21:24:06,112.0,No,0,0,,-1.0,,0.0,21,0
514868******1318,2015-05-25 10:42:57,112.0,No,0,0,,-1.0,,0.0,10,0
514868******1366,2015-05-15 11:50:54,104.5,No,0,0,,-1.0,,0.0,11,0
514868******1368,2015-05-08 15:32:04,121.0,No,0,0,,-1.0,,0.0,15,0
514868******1368,2015-05-11 13:49:15,145.6,No,0,0,2015-05-08 15:32:04,4217.183333333333,121.0,0.2033057851239668,13,0
514868******1368,2015-05-28 23:17:31,110.0,No,0,0,2015-05-11 13:49:15,25048.266666666666,133.3,-0.17479369842460624,23,1
514868******1495,2015-05-15 22:20:05,439.6,No,0,0,,-1.0,,0.0,22,0
514868******1510,2015-05-25 18:55:43,67.2,No,0,0,,-1.0,,0.0,18,0
514868******1513,2015-05-05 10:29:11,231.0,No,0,0,,-1.0,,0.0,10,0
514868******1547,2015-05-08 12:09:49,88.0,No,0,0,,-1.0,,0.0,12,0
514868******1607,2015-05-26 22:51:12,134.4,No,0,0,,-1.0,,0.0,22,0
514868******1784,2015-05-12 09:32:37,132.25,No,0,0,,-1.0,,0.0,9,0
514868******1807,2015-05-29 15:54:49,264.0,No,0,0,,-1.0,,0.0,15,0
514868******1872,2015-05-21 13:35:35,15.0,No,0,0,,-1.0,,0.0,13,0
514868******1872,2015-05-23 14:20:26,5.0,No,0,0,2015-05-21 13:35:35,2924.85,15.0,-0.6666666666666667,14,0
514868******1872,2015-05-23 14:22:23,15.0,No,0,1,2015-05-23 14:20:26,1.95,10.0,0.5,14,0
514868******1885,2015-05-25 12:52:27,34.5,No,0,0,,-1.0,,0.0,12,0
514868******1892,2015-05-11 18:41:05,308.0,No,0,0,,-1.0,,0.0,18,0
514868******1955,2015-05-08 15:42:12,99.0,No,0,0,,-1.0,,0.0,15,0
514868******2006,2015-05-16 18:14:17,440.0,No,0,0,,-1.0,,0.0,18,0
514868******2008,2015-05-13 10:17:11,95.2,No,0,0,,-1.0,,0.0,10,0
514868******2016,2015-05-11 19:22:27,154.0,No,0,0,,-1.0,,0.0,19,0
514868******2093,2015-05-09 18:08:33,34.5,No,0,0,,-1.0,,0.0,18,0
514868******2286,2015-05-08 20:45:53,156.8,No,0,0,,-1.0,,0.0,20,0
514868******2287,2015-05-15 17:25:28,110.0,No,0,0,,-1.0,,0.0,17,0
514868******2296,2015-05-11 11:36:37,104.5,No,0,0,,-1.0,,0.0,11,0
514868******2306,2015-05-07 15:07:38,120.75,No,0,0,,-1.0,,0.0,15,0
514868******2316,2015-05-20 19:13:08,165.0,No,0,0,,-1.0,,0.0,19,0
514868******2331,2015-05-26 21:21:47,110.0,No,0,0,,-1.0,,0.0,21,0
514868******2429,2015-05-07 00:38:51,34.5,No,0,0,,-1.0,,0.0,0,1
514868******2509,2015-05-29 22:47:42,40.0,No,0,0,,-1.0,,0.0,22,0
514868******2713,2015-05-11 15:58:52,313.6,No,0,0,,-1.0,,0.0,15,0
514868******2716,2015-05-26 20:43:19,126.5,No,0,0,,-1.0,,0.0,20,0
514868******2837,2015-05-26 18:50:01,49.5,No,0,0,,-1.0,,0.0,18,0
514868******2909,2015-05-28 21:48:53,198.0,No,0,0,,-1.0,,0.0,21,0
514868******2932,2015-05-29 19:21:23,172.5,No,0,0,,-1.0,,0.0,19,0
514868******3126,2015-05-25 17:46:43,30.0,No,0,0,,-1.0,,0.0,17,0
514868******3245,2015-05-18 11:02:15,67.2,No,0,0,,-1.0,,0.0,11,0
514868******3251,2015-05-08 15:14:59,70.0,No,0,0,,-1.0,,0.0,15,0
514868******3300,2015-05-14 13:47:56,99.0,No,0,0,,-1.0,,0.0,13,0
514868******3326,2015-05-08 12:11:27,104.5,No,0,0,,-1.0,,0.0,12,0
514868******3334,2015-05-07 23:32:49,110.0,No,0,0,,-1.0,,0.0,23,1
514868******3389,2015-05-12 22:32:03,184.0,No,0,0,,-1.0,,0.0,22,0
514868******3567,2015-05-11 11:27:34,78.4,No,0,0,,-1.0,,0.0,11,0
514868******3567,2015-05-30 21:28:06,112.0,No,0,0,2015-05-11 11:27:34,27960.533333333333,78.4,0.4285714285714284,21,0
514868******3567,2015-05-30 21:28:06,112.0,No,0,0,2015-05-30 21:28:06,0.0,95.2,0.17647058823529416,21,0
514868******3596,2015-05-13 18:05:29,224.0,No,0,0,,-1.0,,0.0,18,0
514868******3633,2015-05-07 14:06:25,120.75,No,0,0,,-1.0,,0.0,14,0
514868******3639,2015-05-11 18:30:42,201.25,No,0,0,,-1.0,,0.0,18,0
514868******3650,2015-05-28 16:15:02,121.0,No,0,0,,-1.0,,0.0,16,0
514868******3776,2015-05-29 12:40:38,99.0,No,0,0,,-1.0,,0.0,12,0
514868******3839,2015-05-07 15:22:37,66.0,No,0,0,,-1.0,,0.0,15,0
514868******3995,2015-05-07 13:54:01,198.0,No,0,0,,-1.0,,0.0,13,0
514868******4021,2015-05-11 19:28:11,308.0,No,0,0,,-1.0,,0.0,19,0
514868******4167,2015-05-26 13:41:24,40.0,No,0,0,,-1.0,,0.0,13,0
514868******4185,2015-05-28 22:18:10,34.5,No,0,0,,-1.0,,0.0,22,0
514868******4203,2015-05-30 19:48:31,15.0,No,0,0,,-1.0,,0.0,19,0
514868******4203,2015-05-30 19:48:31,15.0,No,0,0,2015-05-30 19:48:31,0.0,15.0,0.0,19,0
514868******4300,2015-05-11 13:37:44,104.5,No,0,0,,-1.0,,0.0,13,0
514868******4390,2015-05-11 23:24:04,145.6,No,0,0,,-1.0,,0.0,23,1
514868******4390,2015-05-12 17:43:32,440.0,No,0,1,2015-05-11 23:24:04,1099.4666666666667,145.6,2.021978021978022,17,0
514868******4413,2015-05-15 15:07:33,104.5,No,0,0,,-1.0,,0.0,15,0
514868******4420,2015-05-15 13:34:59,209.0,No,0,0,,-1.0,,0.0,13,0
514868******4432,2015-05-15 17:55:23,154.0,No,0,0,,-1.0,,0.0,17,0
514868******4448,2015-05-06 09:50:02,99.0,No,0,0,,-1.0,,0.0,9,0
514868******4561,2015-05-09 15:57:16,55.0,No,0,0,,-1.0,,0.0,15,0
514868******4701,2015-05-13 16:42:54,78.4,No,0,0,,-1.0,,0.0,16,0
514868******4741,2015-05-07 14:05:30,241.5,No,0,0,,-1.0,,0.0,14,0
514868******4807,2015-05-12 22:43:47,154.0,No,0,0,,-1.0,,0.0,22,0
514868******4913,2015-05-03 21:46:19,34.5,No,0,0,,-1.0,,0.0,21,0
514868******5028,2015-05-04 22:01:04,121.0,No,0,0,,-1.0,,0.0,22,0
514868******5090,2015-05-07 12:16:55,286.0,No,0,0,,-1.0,,0.0,12,0
514868******5131,2015-05-14 00:01:24,156.8,No,0,0,,-1.0,,0.0,0,1
514868******5131,2015-05-25 23:31:38,134.4,No,0,0,2015-05-14 00:01:24,17250.233333333334,156.8,-0.1428571428571429,23,1
514868******5131,2015-05-25 23:33:33,89.6,No,0,1,2015-05-25 23:31:38,1.9166666666666667,145.60000000000002,-0.3846153846153848,23,1
514868******5159,2015-05-07 23:35:30,69.0,No,0,0,,-1.0,,0.0,23,1
514868******5183,2015-05-13 18:29:48,57.5,No,0,0,,-1.0,,0.0,18,0
514868******5259,2015-05-22 19:02:46,528.0,No,0,0,,-1.0,,0.0,19,0
514868******5288,2015-05-11 17:04:45,154.0,No,0,0,,-1.0,,0.0,17,0
514868******5288,2015-05-11 21:21:36,77.0,No,0,1,2015-05-11 17:04:45,256.85,154.0,-0.5,21,0
514868******5288,2015-05-25 19:16:17,49.5,No,0,0,2015-05-11 21:21:36,20034.683333333334,115.5,-0.5714285714285714,19,0
514868******5288,2015-05-29 00:18:07,55.0,No,0,0,2015-05-25 19:16:17,4621.833333333333,93.5,-0.4117647058823529,0,1
514868******5350,2015-05-20 22:47:47,30.0,No,0,0,,-1.0,,0.0,22,0
514868******5393,2015-05-11 09:09:09,253.0,No,0,0,,-1.0,,0.0,9,0
514868******5433,2015-05-18 10:55:16,110.0,No,0,0,,-1.0,,0.0,10,0
514868******5445,2015-05-26 14:59:02,100.8,No,0,0,,-1.0,,0.0,14,0
514868******5665,2015-05-14 22:44:59,23.0,No,0,0,,-1.0,,0.0,22,0
514868******5730,2015-05-28 21:21:48,121.0,No,0,0,,-1.0,,0.0,21,0
514868******5786,2015-05-07 21:58:33,104.5,No,0,0,,-1.0,,0.0,21,0
514868******5802,2015-05-28 13:27:26,20.0,No,0,0,,-1.0,,0.0,13,0
514868******5910,2015-05-26 15:01:42,280.0,No,0,0,,-1.0,,0.0,15,0
514868******5969,2015-05-18 19:53:07,112.0,No,0,0,,-1.0,,0.0,19,0
514868******6006,2015-05-14 18:06:43,439.6,No,0,0,,-1.0,,0.0,18,0
514868******6007,2015-05-13 15:51:10,56.0,No,0,0,,-1.0,,0.0,15,0
514868******6007,2015-05-15 19:16:26,67.2,No,0,0,2015-05-13 15:51:10,3085.266666666667,56.0,0.19999999999999996,19,0
514868******6039,2015-05-07 21:56:01,89.6,No,0,0,,-1.0,,0.0,21,0
514868******6129,2015-05-30 00:38:27,352.0,No,0,0,,-1.0,,0.0,0,1
514868******6267,2015-05-05 14:06:09,89.6,No,0,0,,-1.0,,0.0,14,0
514868******6329,2015-05-12 12:55:59,55.0,No,0,0,,-1.0,,0.0,12,0
514868******6354,2015-05-09 17:32:46,34.5,No,0,0,,-1.0,,0.0,17,0
514868******6397,2015-05-12 18:08:28,154.0,No,0,0,,-1.0,,0.0,18,0
514868******6578,2015-05-28 22:06:40,77.0,No,0,0,,-1.0,,0.0,22,0
514868******6681,2015-05-27 07:28:32,44.0,No,0,0,,-1.0,,0.0,7,0
514868******6753,2015-05-16 02:50:05,132.0,No,0,0,,-1.0,,0.0,2,1
514868******6758,2015-05-07 12:37:23,88.0,No,0,0,,-1.0,,0.0,12,0
514868******6758,2015-05-11 15:03:00,78.4,No,0,0,2015-05-07 12:37:23,5905.616666666667,88.0,-0.10909090909090902,15,0
514868******6779,2015-05-12 00:02:35,154.0,No,0,0,,-1.0,,0.0,0,1
514868******6792,2015-05-04 21:45:33,110.0,No,0,0,,-1.0,,0.0,21,0
514868******6813,2015-05-11 14:26:32,154.0,No,0,0,,-1.0,,0.0,14,0
514868******6841,2015-05-11 21:12:43,201.25,No,0,0,,-1.0,,0.0,21,0
514868******6911,2015-05-12 22:05:40,156.8,No,0,0,,-1.0,,0.0,22,0
514868******6974,2015-05-12 14:50:20,246.6,No,0,0,,-1.0,,0.0,14,0
514868******6974,2015-05-30 13:53:45,336.0,No,0,0,2015-05-12 14:50:20,25863.416666666668,246.6,0.36253041362530425,13,0
514868******6976,2015-05-11 14:38:09,190.4,No,0,0,,-1.0,,0.0,14,0
514868******7003,2015-05-29 16:26:26,140.0,No,0,0,,-1.0,,0.0,16,0
514868******7013,2015-05-14 23:46:57,154.0,No,0,0,,-1.0,,0.0,23,1
514868******7024,2015-05-29 22:27:19,121.0,No,0,0,,-1.0,,0.0,22,0
514868******7077,2015-05-06 09:51:06,168.0,No,0,0,,-1.0,,0.0,9,0
514868******7200,2015-05-11 15:40:56,78.4,No,0,0,,-1.0,,0.0,15,0
514868******7253,2015-05-19 21:38:28,121.0,No,0,0,,-1.0,,0.0,21,0
514868******7344,2015-05-10 21:25:40,104.5,No,0,0,,-1.0,,0.0,21,0
514868******7369,2015-05-08 10:55:50,99.0,No,0,0,,-1.0,,0.0,10,0
514868******7398,2015-05-08 23:41:15,99.0,No,0,0,,-1.0,,0.0,23,1
514868******7398,2015-05-14 21:24:47,198.0,No,0,0,2015-05-08 23:41:15,8503.533333333333,99.0,1.0,21,0
514868******7398,2015-05-29 11:44:57,99.0,No,0,0,2015-05-14 21:24:47,21020.166666666668,148.5,-0.33333333333333337,11,0
514868******7409,2015-05-30 23:07:01,53.0,No,0,0,,-1.0,,0.0,23,1
514868******7409,2015-05-30 23:07:01,53.0,No,0,0,2015-05-30 23:07:01,0.0,53.0,0.0,23,1
514868******7431,2015-05-28 22:23:56,132.0,No,0,0,,-1.0,,0.0,22,0
514868******7460,2015-05-20 17:13:06,15.0,No,0,0,,-1.0,,0.0,17,0
514868******7485,2015-05-12 17:56:10,154.0,No,0,0,,-1.0,,0.0,17,0
514868******7632,2015-05-09 17:50:58,69.0,No,0,0,,-1.0,,0.0,17,0
514868******7756,2015-05-28 13:11:49,99.0,No,0,0,,-1.0,,0.0,13,0
514868******7785,2015-05-29 19:36:23,172.5,No,0,0,,-1.0,,0.0,19,0
514868******7840,2015-05-08 20:26:38,143.0,No,0,0,,-1.0,,0.0,20,0
514868******7878,2015-05-12 14:04:12,104.5,No,0,0,,-1.0,,0.0,14,0
514868******7917,2015-05-18 15:57:44,112.0,No,0,0,,-1.0,,0.0,15,0
514868******7961,2015-05-11 18:32:32,201.25,No,0,0,,-1.0,,0.0,18,0
514868******8070,2015-05-09 12:52:40,143.0,No,0,0,,-1.0,,0.0,12,0
514868******8092,2015-05-28 23:23:32,121.0,No,0,0,,-1.0,,0.0,23,1
514868******8119,2015-05-08 01:06:35,121.0,No,0,0,,-1.0,,0.0,1,1
514868******8119,2015-05-14 00:36:04,154.0,No,0,0,2015-05-08 01:06:35,8609.483333333334,121.0,0.2727272727272727,0,1
514868******8119,2015-05-27 19:29:00,132.0,No,0,0,2015-05-14 00:36:04,19852.933333333334,137.5,-0.040000000000000036,19,0
514868******8488,2015-05-17 16:09:27,110.0,No,0,0,,-1.0,,0.0,16,0
514868******8529,2015-05-11 20:04:32,145.6,No,0,0,,-1.0,,0.0,20,0
514868******8534,2015-05-03 12:11:15,105.0,No,0,0,,-1.0,,0.0,12,0
514868******8604,2015-05-26 19:17:38,88.0,No,0,0,,-1.0,,0.0,19,0
514868******8645,2015-05-08 17:22:48,201.6,No,0,0,,-1.0,,0.0,17,0
514868******8646,2015-05-24 12:36:59,20.0,No,0,0,,-1.0,,0.0,12,0
514868******8650,2015-05-11 15:26:35,154.0,No,0,0,,-1.0,,0.0,15,0
514868******8650,2015-05-11 23:03:03,308.0,No,0,1,2015-05-11 15:26:35,456.46666666666664,154.0,1.0,23,1
514868******8650,2015-05-12 16:12:58,308.0,No,0,1,2015-05-11 23:03:03,1029.9166666666667,231.0,0.33333333333333326,16,0
514868******8650,2015-05-27 20:57:14,88.0,No,0,0,2015-05-12 16:12:58,21884.266666666666,256.6666666666667,-0.6571428571428573,20,0
514868******8666,2015-05-23 15:24:29,30.0,No,0,0,,-1.0,,0.0,15,0
514868******8669,2015-05-12 21:02:29,156.8,No,0,0,,-1.0,,0.0,21,0
514868******8756,2015-05-11 22:36:17,92.0,No,0,0,,-1.0,,0.0,22,0
514868******8808,2015-05-06 15:41:23,168.0,No,0,0,,-1.0,,0.0,15,0
514868******8830,2015-05-20 08:33:58,63.25,No,0,0,,-1.0,,0.0,8,0
514868******8979,2015-05-15 16:39:12,99.0,No,0,0,,-1.0,,0.0,16,0
514868******9037,2015-05-28 14:47:35,172.5,No,0,0,,-1.0,,0.0,14,0
514868******9042,2015-05-05 21:23:31,198.0,No,0,0,,-1.0,,0.0,21,0
514868******9049,2015-05-29 18:10:45,45.0,No,0,0,,-1.0,,0.0,18,0
514868******9103,2015-05-15 17:35:59,308.0,No,0,0,,-1.0,,0.0,17,0
514868******9103,2015-05-15 17:52:31,154.0,No,0,1,2015-05-15 17:35:59,16.533333333333335,308.0,-0.5,17,0
514868******9108,2015-05-08 14:07:44,104.5,No,0,0,,-1.0,,0.0,14,0
514868******9116,2015-05-20 13:10:43,100.8,No,0,0,,-1.0,,0.0,13,0
514868******9145,2015-05-15 15:27:00,154.0,No,0,0,,-1.0,,0.0,15,0
514868******9166,2015-05-28 23:03:01,44.0,No,0,0,,-1.0,,0.0,23,1
514868******9217,2015-05-13 20:21:22,134.4,No,0,0,,-1.0,,0.0,20,0
514868******9273,2015-05-29 23:03:03,132.0,No,0,0,,-1.0,,0.0,23,1
514868******9331,2015-05-05 20:29:48,198.0,No,0,0,,-1.0,,0.0,20,0
514868******9444,2015-05-28 10:03:48,2419.2,No,0,0,,-1.0,,0.0,10,0
514868******9548,2015-05-13 10:26:50,154.0,No,0,0,,-1.0,,0.0,10,0
514868******9569,2015-05-19 18:43:51,89.6,No,0,0,,-1.0,,0.0,18,0
514868******9624,2015-05-04 13:46:19,89.6,No,0,0,,-1.0,,0.0,13,0
514868******9676,2015-05-13 11:22:52,145.6,No,0,0,,-1.0,,0.0,11,0
514868******9684,2015-05-28 11:35:01,132.0,No,0,0,,-1.0,,0.0,11,0
514868******9769,2015-05-24 12:20:08,154.0,No,0,0,,-1.0,,0.0,12,0
514868******9813,2015-05-04 23:19:26,104.5,No,0,0,,-1.0,,0.0,23,1
514868******9912,2015-05-08 23:00:47,110.0,No,0,0,,-1.0,,0.0,23,1
514868******9912,2015-05-23 18:01:05,67.2,No,0,0,2015-05-08 23:00:47,21300.3,110.0,-0.38909090909090904,18,0
514868******9958,2015-05-10 21:31:20,55.0,No,0,0,,-1.0,,0.0,21,0
514868******9958,2015-05-28 19:03:59,88.0,No,0,0,2015-05-10 21:31:20,25772.65,55.0,0.6000000000000001,19,0
514895******1389,2015-05-06 13:49:40,92.0,No,0,0,,-1.0,,0.0,13,0
514895******2764,2015-05-22 16:50:56,20.0,No,0,0,,-1.0,,0.0,16,0
514895******4255,2015-05-29 18:48:01,110.0,No,0,0,,-1.0,,0.0,18,0
514895******4284,2015-05-03 18:33:19,115.0,No,0,0,,-1.0,,0.0,18,0
514895******6626,2015-05-09 00:36:14,100.8,No,0,0,,-1.0,,0.0,0,1
514895******6677,2015-05-27 10:16:46,154.0,No,0,0,,-1.0,,0.0,10,0
514895******8126,2015-05-12 14:27:18,144.0,No,0,0,,-1.0,,0.0,14,0
514895******8126,2015-05-13 13:41:59,144.0,No,0,1,2015-05-12 14:27:18,1394.6833333333334,144.0,0.0,13,0
514895******8925,2015-05-19 17:27:18,10.0,No,0,0,,-1.0,,0.0,17,0
514911******0633,2015-05-08 18:41:38,88.0,No,0,0,,-1.0,,0.0,18,0
514911******0633,2015-05-28 23:25:57,88.0,No,0,0,2015-05-08 18:41:38,29084.316666666666,88.0,0.0,23,1
514911******5479,2015-05-14 14:38:51,145.6,No,0,0,,-1.0,,0.0,14,0
514911******5714,2015-05-28 14:08:51,2756.0,No,0,0,,-1.0,,0.0,14,0
514911******5714,2015-05-28 14:57:12,1908.0,No,0,1,2015-05-28 14:08:51,48.35,2756.0,-0.3076923076923077,14,0
514911******6680,2015-05-25 10:19:19,630.0,No,0,0,,-1.0,,0.0,10,0
514911******6831,2015-05-09 00:23:36,104.5,No,0,0,,-1.0,,0.0,0,1
514911******7144,2015-05-26 23:38:32,134.4,No,0,0,,-1.0,,0.0,23,1
514911******8522,2015-05-11 10:50:43,148.5,No,0,0,,-1.0,,0.0,10,0
514911******8522,2015-05-15 14:18:24,154.0,No,0,0,2015-05-11 10:50:43,5967.683333333333,148.5,0.03703703703703698,14,0
514945******0103,2015-05-03 23:29:15,92.0,No,0,0,,-1.0,,0.0,23,1
514945******0273,2015-05-20 13:37:39,198.0,No,0,0,,-1.0,,0.0,13,0
514945******0284,2015-05-14 09:04:01,31.59,No,0,0,,-1.0,,0.0,9,0
514945******0368,2015-05-06 21:06:38,89.6,No,0,0,,-1.0,,0.0,21,0
514945******0467,2015-05-26 12:34:02,1460.0,No,0,0,,-1.0,,0.0,12,0
514945******0572,2015-05-25 11:35:33,20.0,No,0,0,,-1.0,,0.0,11,0
514945******0583,2015-05-08 13:46:55,69.0,No,0,0,,-1.0,,0.0,13,0
514945******0677,2015-05-26 23:27:01,448.0,No,0,0,,-1.0,,0.0,23,1
514945******0772,2015-05-25 10:32:50,630.0,No,0,0,,-1.0,,0.0,10,0
514945******0772,2015-05-29 10:06:29,848.0,No,0,0,2015-05-25 10:32:50,5733.65,630.0,0.34603174603174613,10,0
514945******0775,2015-05-20 20:40:58,20.0,No,0,0,,-1.0,,0.0,20,0
514945******0821,2015-05-28 16:08:17,92.0,No,0,0,,-1.0,,0.0,16,0
514945******1325,2015-05-13 15:35:21,77.0,No,0,0,,-1.0,,0.0,15,0
514945******1466,2015-05-12 14:40:42,308.0,No,0,0,,-1.0,,0.0,14,0
514945******1565,2015-05-28 23:19:07,198.0,No,0,0,,-1.0,,0.0,23,1
514945******1754,2015-05-10 23:17:23,148.5,No,0,0,,-1.0,,0.0,23,1
514945******1754,2015-05-11 22:19:43,154.0,No,0,1,2015-05-10 23:17:23,1382.3333333333333,148.5,0.03703703703703698,22,0
514945******1774,2015-05-30 16:18:46,20.0,No,0,0,,-1.0,,0.0,16,0
514945******1774,2015-05-30 16:18:46,20.0,No,0,0,2015-05-30 16:18:46,0.0,20.0,0.0,16,0
514945******1974,2015-05-09 00:06:10,537.6,No,0,0,,-1.0,,0.0,0,1
514945******1976,2015-05-18 11:52:34,112.0,No,0,0,,-1.0,,0.0,11,0
514945******2032,2015-05-14 06:19:44,92.0,No,0,0,,-1.0,,0.0,6,0
514945******2060,2015-05-14 18:56:22,46.0,No,0,0,,-1.0,,0.0,18,0
514945******2060,2015-05-18 13:12:55,23.0,No,0,0,2015-05-14 18:56:22,5416.55,46.0,-0.5,13,0
514945******2060,2015-05-19 19:11:26,23.0,No,0,0,2015-05-18 13:12:55,1798.5166666666667,34.5,-0.33333333333333337,19,0
514945******2060,2015-05-20 17:23:32,23.0,No,0,1,2015-05-19 19:11:26,1332.1,30.666666666666668,-0.25,17,0
514945******2122,2015-05-11 12:01:53,224.0,No,0,0,,-1.0,,0.0,12,0
514945******2122,2015-05-11 12:05:41,134.4,No,0,1,2015-05-11 12:01:53,3.8,224.0,-0.4,12,0
514945******2225,2015-05-02 20:36:00,110.0,No,0,0,,-1.0,,0.0,20,0
514945******2225,2015-05-11 16:46:03,156.8,No,0,0,2015-05-02 20:36:00,12730.05,110.0,0.42545454545454553,16,0
514945******2265,2015-05-14 10:48:03,235.2,No,0,0,,-1.0,,0.0,10,0
514945******2600,2015-05-08 02:27:21,89.6,No,0,0,,-1.0,,0.0,2,1
514945******2619,2015-05-11 13:36:24,154.0,No,0,0,,-1.0,,0.0,13,0
514945******2914,2015-05-07 22:36:48,246.4,No,0,0,,-1.0,,0.0,22,0
514945******2914,2015-05-27 20:06:44,345.0,No,0,0,2015-05-07 22:36:48,28649.933333333334,246.4,0.40016233766233755,20,0
514945******2945,2015-05-04 21:24:01,48.0,No,0,0,,-1.0,,0.0,21,0
514945******3042,2015-05-21 20:14:46,69.0,No,0,0,,-1.0,,0.0,20,0
514945******3051,2015-05-29 17:14:30,201.6,No,0,0,,-1.0,,0.0,17,0
514945******3150,2015-05-11 12:25:13,78.4,No,0,0,,-1.0,,0.0,12,0
514945******3352,2015-05-21 22:23:47,451.0,No,0,0,,-1.0,,0.0,22,0
514945******3352,2015-05-21 22:34:40,165.0,No,0,1,2015-05-21 22:23:47,10.883333333333333,451.0,-0.6341463414634146,22,0
514945******3625,2015-05-08 10:13:37,336.0,No,0,0,,-1.0,,0.0,10,0
514945******3660,2015-05-24 14:50:35,20.0,No,0,0,,-1.0,,0.0,14,0
514945******3693,2015-05-25 23:43:41,69.0,No,0,0,,-1.0,,0.0,23,1
514945******3693,2015-05-26 15:30:43,34.5,No,0,1,2015-05-25 23:43:41,947.0333333333333,69.0,-0.5,15,0
514945******3827,2015-05-07 12:22:27,121.0,No,0,0,,-1.0,,0.0,12,0
514945******3877,2015-05-29 15:05:18,46.0,No,0,0,,-1.0,,0.0,15,0
514945******3959,2015-05-08 11:25:35,92.0,No,0,0,,-1.0,,0.0,11,0
514945******4017,2015-05-30 14:15:22,10.0,No,0,0,,-1.0,,0.0,14,0
514945******4178,2015-05-23 09:00:13,70.0,No,0,0,,-1.0,,0.0,9,0
514945******4195,2015-05-22 17:40:09,24.03,No,0,0,,-1.0,,0.0,17,0
514945******4444,2015-05-06 23:38:34,89.6,No,0,0,,-1.0,,0.0,23,1
514945******4482,2015-05-09 21:21:32,69.0,No,0,0,,-1.0,,0.0,21,0
514945******4551,2015-05-06 12:38:41,34.5,No,0,0,,-1.0,,0.0,12,0
514945******4700,2015-05-15 16:00:17,35.0,No,0,0,,-1.0,,0.0,16,0
514945******4773,2015-05-07 22:27:17,336.0,No,0,0,,-1.0,,0.0,22,0
514945******4985,2015-05-07 17:04:42,100.8,No,0,0,,-1.0,,0.0,17,0
514945******5288,2015-05-11 21:31:16,201.25,No,0,0,,-1.0,,0.0,21,0
514945******5299,2015-05-03 22:33:31,67.2,No,0,0,,-1.0,,0.0,22,0
514945******5355,2015-05-13 00:34:16,31.05,No,0,0,,-1.0,,0.0,0,1
514945******5355,2015-05-20 01:31:43,31.05,No,0,0,2015-05-13 00:34:16,10137.45,31.05,0.0,1,1
514945******5521,2015-05-25 21:36:02,134.4,No,0,0,,-1.0,,0.0,21,0
514945******5654,2015-05-28 09:10:24,121.0,No,0,0,,-1.0,,0.0,9,0
514945******5820,2015-05-25 10:11:06,25.0,No,0,0,,-1.0,,0.0,10,0
514945******5820,2015-05-25 20:36:38,630.0,No,0,1,2015-05-25 10:11:06,625.5333333333333,25.0,24.2,20,0
514945******5878,2015-05-19 10:30:37,70.0,No,0,0,,-1.0,,0.0,10,0
514945******6064,2015-05-20 22:16:37,46.0,No,0,0,,-1.0,,0.0,22,0
514945******6064,2015-05-20 23:28:43,23.0,No,0,1,2015-05-20 22:16:37,72.1,46.0,-0.5,23,1
514945******6082,2015-05-11 18:00:03,275.0,No,0,0,,-1.0,,0.0,18,0
514945******6207,2015-05-28 19:33:01,1060.0,No,0,0,,-1.0,,0.0,19,0
514945******6327,2015-05-10 19:20:36,156.8,No,0,0,,-1.0,,0.0,19,0
514945******6570,2015-05-20 21:36:11,166.0,No,0,0,,-1.0,,0.0,21,0
514945******6961,2015-05-07 09:40:14,99.0,No,0,0,,-1.0,,0.0,9,0
514945******6967,2015-05-08 17:42:14,103.5,No,0,0,,-1.0,,0.0,17,0
514945******7099,2015-05-29 15:22:35,46.0,No,0,0,,-1.0,,0.0,15,0
514945******7099,2015-05-29 15:23:34,46.0,No,0,1,2015-05-29 15:22:35,0.9833333333333333,46.0,0.0,15,0
514945******7099,2015-05-29 15:24:41,46.0,No,0,2,2015-05-29 15:23:34,1.1166666666666667,46.0,0.0,15,0
514945******7268,2015-05-15 14:10:50,198.0,No,0,0,,-1.0,,0.0,14,0
514945******7545,2015-05-11 23:36:48,154.0,No,0,0,,-1.0,,0.0,23,1
514945******7545,2015-05-28 21:37:54,99.0,No,0,0,2015-05-11 23:36:48,24361.1,154.0,-0.3571428571428571,21,0
514945******7580,2015-05-30 14:32:17,15.0,No,0,0,,-1.0,,0.0,14,0
514945******7580,2015-05-30 14:32:17,15.0,No,0,0,2015-05-30 14:32:17,0.0,15.0,0.0,14,0
514945******7600,2015-05-27 21:45:46,46.0,No,0,0,,-1.0,,0.0,21,0
514945******7864,2015-05-26 13:42:14,224.0,No,0,0,,-1.0,,0.0,13,0
514945******7931,2015-05-22 20:48:17,35.0,No,0,0,,-1.0,,0.0,20,0
514945******7976,2015-05-09 13:31:59,34.5,No,0,0,,-1.0,,0.0,13,0
514945******8062,2015-05-05 16:12:19,154.0,No,0,0,,-1.0,,0.0,16,0
514945******8104,2015-05-06 10:38:08,46.0,No,0,0,,-1.0,,0.0,10,0
514945******8116,2015-05-04 11:24:47,27.63,No,0,0,,-1.0,,0.0,11,0
514945******8280,2015-05-09 18:58:32,69.0,No,0,0,,-1.0,,0.0,18,0
514945******8408,2015-05-13 12:04:18,345.5,No,0,0,,-1.0,,0.0,12,0
514945******8701,2015-05-25 10:33:32,630.0,No,0,0,,-1.0,,0.0,10,0
514945******8701,2015-05-26 10:02:17,1660.0,No,0,1,2015-05-25 10:33:32,1408.75,630.0,1.6349206349206349,10,0
514945******8825,2015-05-12 13:34:35,308.0,No,0,0,,-1.0,,0.0,13,0
514945******8886,2015-05-14 00:06:28,31.05,No,0,0,,-1.0,,0.0,0,1
514945******8958,2015-05-06 23:45:48,69.0,No,0,0,,-1.0,,0.0,23,1
514945******9144,2015-05-12 09:25:28,78.4,No,0,0,,-1.0,,0.0,9,0
514945******9266,2015-05-29 01:41:51,172.5,No,0,0,,-1.0,,0.0,1,1
514945******9276,2015-05-20 14:56:46,172.5,No,0,0,,-1.0,,0.0,14,0
514945******9337,2015-05-10 16:47:29,143.0,No,0,0,,-1.0,,0.0,16,0
514945******9471,2015-05-05 14:12:19,89.6,No,0,0,,-1.0,,0.0,14,0
514945******9631,2015-05-02 19:35:33,143.0,No,0,0,,-1.0,,0.0,19,0
514945******9748,2015-05-09 13:57:36,156.8,No,0,0,,-1.0,,0.0,13,0
514945******9822,2015-05-22 23:28:27,70.0,No,0,0,,-1.0,,0.0,23,1
514945******9851,2015-05-02 15:03:07,69.0,No,0,0,,-1.0,,0.0,15,0
514945******9916,2015-05-06 11:20:56,207.0,No,0,0,,-1.0,,0.0,11,0
515117******2404,2015-05-06 15:52:08,103.5,No,0,0,,-1.0,,0.0,15,0
515117******4107,2015-05-01 02:10:26,161.0,No,0,0,,-1.0,,0.0,2,1
515117******9409,2015-05-08 13:46:56,92.0,No,0,0,,-1.0,,0.0,13,0
515590******0044,2015-05-01 20:30:16,336.0,No,0,0,,-1.0,,0.0,20,0
515590******0044,2015-05-12 21:19:55,275.0,No,0,0,2015-05-01 20:30:16,15889.65,336.0,-0.18154761904761907,21,0
515590******0077,2015-05-08 08:19:05,121.0,No,0,0,,-1.0,,0.0,8,0
515590******0077,2015-05-12 23:09:05,154.0,No,0,0,2015-05-08 08:19:05,6650.0,121.0,0.2727272727272727,23,1
515590******0077,2015-05-27 17:47:17,132.0,No,0,0,2015-05-12 23:09:05,21278.2,137.5,-0.040000000000000036,17,0
515590******0099,2015-05-08 18:29:43,88.0,No,0,0,,-1.0,,0.0,18,0
515590******0160,2015-05-23 22:57:31,15.0,No,0,0,,-1.0,,0.0,22,0
515590******0308,2015-05-11 15:45:34,78.4,No,0,0,,-1.0,,0.0,15,0
515590******0344,2015-05-22 19:21:27,121.0,No,0,0,,-1.0,,0.0,19,0
515590******0383,2015-05-24 03:47:10,15.0,No,0,0,,-1.0,,0.0,3,1
515590******0391,2015-05-08 08:45:44,115.0,No,0,0,,-1.0,,0.0,8,0
515590******0531,2015-05-11 18:43:23,880.0,No,0,0,,-1.0,,0.0,18,0
515590******0581,2015-05-13 13:46:01,31.05,No,0,0,,-1.0,,0.0,13,0
515590******0599,2015-05-29 22:55:30,15.0,No,0,0,,-1.0,,0.0,22,0
515590******0648,2015-05-29 15:52:09,46.0,No,0,0,,-1.0,,0.0,15,0
515590******0667,2015-05-14 15:28:34,268.9,No,0,0,,-1.0,,0.0,15,0
515590******0705,2015-05-10 17:37:27,89.6,No,0,0,,-1.0,,0.0,17,0
515590******0755,2015-05-15 20:16:50,291.2,No,0,0,,-1.0,,0.0,20,0
515590******0765,2015-05-28 10:02:47,172.5,No,0,0,,-1.0,,0.0,10,0
515590******0833,2015-05-09 12:41:18,638.0,No,0,0,,-1.0,,0.0,12,0
515590******0835,2015-05-11 19:30:50,156.8,No,0,0,,-1.0,,0.0,19,0
515590******0835,2015-05-16 00:36:12,89.6,No,0,0,2015-05-11 19:30:50,6065.366666666667,156.8,-0.4285714285714286,0,1
515590******0950,2015-05-13 13:22:17,352.0,No,0,0,,-1.0,,0.0,13,0
515590******1034,2015-05-14 23:18:18,89.6,No,0,0,,-1.0,,0.0,23,1
515590******1050,2015-05-11 16:42:02,275.0,No,0,0,,-1.0,,0.0,16,0
515590******1113,2015-05-14 13:52:20,154.0,No,0,0,,-1.0,,0.0,13,0
515590******1168,2015-05-09 16:47:49,69.0,No,0,0,,-1.0,,0.0,16,0
515590******1199,2015-05-24 08:58:55,10.0,No,0,0,,-1.0,,0.0,8,0
515590******1204,2015-05-11 19:09:31,414.4,No,0,0,,-1.0,,0.0,19,0
515590******1311,2015-05-09 10:56:39,69.0,No,0,0,,-1.0,,0.0,10,0
515590******1332,2015-05-11 18:00:14,154.0,No,0,0,,-1.0,,0.0,18,0
515590******1332,2015-05-18 12:44:47,62.1,No,0,0,2015-05-11 18:00:14,9764.55,154.0,-0.5967532467532468,12,0
515590******1373,2015-05-07 16:36:01,69.0,No,0,0,,-1.0,,0.0,16,0
515590******1378,2015-05-29 14:51:33,138.0,No,0,0,,-1.0,,0.0,14,0
515590******1437,2015-05-22 10:09:29,30.0,No,0,0,,-1.0,,0.0,10,0
515590******1515,2015-05-15 17:46:53,154.0,No,0,0,,-1.0,,0.0,17,0
515590******1547,2015-05-11 13:00:08,134.4,No,0,0,,-1.0,,0.0,13,0
515590******1547,2015-05-11 14:04:55,156.8,No,0,1,2015-05-11 13:00:08,64.78333333333333,134.4,0.16666666666666674,14,0
515590******1551,2015-05-23 12:20:36,20.0,No,0,0,,-1.0,,0.0,12,0
515590******1552,2015-05-10 19:23:10,148.5,No,0,0,,-1.0,,0.0,19,0
515590******1560,2015-05-14 18:27:27,134.4,No,0,0,,-1.0,,0.0,18,0
515590******1615,2015-05-25 19:09:57,112.0,No,0,0,,-1.0,,0.0,19,0
515590******1622,2015-05-18 07:51:49,111.65,No,0,0,,-1.0,,0.0,7,0
515590******1622,2015-05-18 07:54:03,86.27,No,0,1,2015-05-18 07:51:49,2.2333333333333334,111.65,-0.22731751007613088,7,0
515590******1690,2015-05-19 12:28:49,40.0,No,0,0,,-1.0,,0.0,12,0
515590******1777,2015-05-06 17:07:23,138.0,No,0,0,,-1.0,,0.0,17,0
515590******1786,2015-05-27 23:11:22,92.0,No,0,0,,-1.0,,0.0,23,1
515590******1813,2015-05-01 12:51:08,138.0,No,0,0,,-1.0,,0.0,12,0
515590******1821,2015-05-14 10:02:04,134.4,No,0,0,,-1.0,,0.0,10,0
515590******1821,2015-05-18 09:19:47,115.0,No,0,0,2015-05-14 10:02:04,5717.716666666666,134.4,-0.14434523809523814,9,0
515590******1856,2015-05-25 10:34:18,630.0,No,0,0,,-1.0,,0.0,10,0
515590******1859,2015-05-22 23:25:17,117.6,No,0,0,,-1.0,,0.0,23,1
515590******1859,2015-05-22 23:30:23,117.6,No,0,1,2015-05-22 23:25:17,5.1,117.6,0.0,23,1
515590******1888,2015-05-04 13:23:50,179.2,No,0,0,,-1.0,,0.0,13,0
515590******1891,2015-05-29 20:09:32,99.0,No,0,0,,-1.0,,0.0,20,0
515590******1896,2015-05-07 22:44:42,537.6,Yes,1,0,,-1.0,,0.0,22,0
515590******1942,2015-05-13 20:28:42,145.6,No,0,0,,-1.0,,0.0,20,0
515590******1953,2015-05-12 09:39:55,16.5,No,0,0,,-1.0,,0.0,9,0
515590******2051,2015-05-12 14:02:57,70.0,No,0,0,,-1.0,,0.0,14,0
515590******2109,2015-05-22 20:02:31,25.0,No,0,0,,-1.0,,0.0,20,0
515590******2133,2015-05-14 09:30:45,154.0,No,0,0,,-1.0,,0.0,9,0
515590******2240,2015-05-12 10:20:42,78.4,No,0,0,,-1.0,,0.0,10,0
515590******2251,2015-05-11 17:11:32,44.8,No,0,0,,-1.0,,0.0,17,0
515590******2251,2015-05-11 19:01:19,132.25,No,0,1,2015-05-11 17:11:32,109.78333333333333,44.8,1.9520089285714288,19,0
515590******2251,2015-05-28 08:31:00,39.0,No,0,0,2015-05-11 19:01:19,23849.683333333334,88.525,-0.5594464840440554,8,0
515590******2251,2015-05-28 18:57:19,13.0,No,0,1,2015-05-28 08:31:00,626.3166666666667,72.01666666666667,-0.8194862300393427,18,0
515590******2303,2015-05-13 14:51:16,112.0,No,0,0,,-1.0,,0.0,14,0
515590******2388,2015-05-12 21:34:44,154.0,No,0,0,,-1.0,,0.0,21,0
515590******2388,2015-05-29 09:35:42,198.0,No,0,0,2015-05-12 21:34:44,23760.966666666667,154.0,0.2857142857142858,9,0
515590******2401,2015-05-14 15:05:20,154.0,No,0,0,,-1.0,,0.0,15,0
515590******2546,2015-05-08 10:34:09,104.5,No,0,0,,-1.0,,0.0,10,0
515590******2608,2015-05-15 15:57:51,77.0,No,0,0,,-1.0,,0.0,15,0
515590******2627,2015-05-09 10:30:28,46.0,No,0,0,,-1.0,,0.0,10,0
515590******2632,2015-05-15 18:28:57,104.5,No,0,0,,-1.0,,0.0,18,0
515590******2632,2015-05-25 21:04:13,134.4,No,0,0,2015-05-15 18:28:57,14555.266666666666,104.5,0.28612440191387556,21,0
515590******2654,2015-05-29 00:58:08,198.0,No,0,0,,-1.0,,0.0,0,1
515590******2841,2015-05-03 20:07:57,253.0,No,0,0,,-1.0,,0.0,20,0
515590******2862,2015-05-16 19:22:17,69.0,No,0,0,,-1.0,,0.0,19,0
515590******2897,2015-05-06 09:12:52,168.0,No,0,0,,-1.0,,0.0,9,0
515590******3018,2015-05-27 07:49:31,67.2,No,0,0,,-1.0,,0.0,7,0
515590******3055,2015-05-26 23:28:31,224.0,No,0,0,,-1.0,,0.0,23,1
515590******3055,2015-05-28 07:58:15,172.5,No,0,0,2015-05-26 23:28:31,1949.7333333333333,224.0,-0.2299107142857143,7,0
515590******3216,2015-05-13 20:28:35,86.27,No,0,0,,-1.0,,0.0,20,0
515590******3216,2015-05-13 20:32:52,111.65,No,0,1,2015-05-13 20:28:35,4.283333333333333,86.27,0.2941926509794832,20,0
515590******3216,2015-05-27 22:51:06,121.0,No,0,0,2015-05-13 20:32:52,20298.233333333334,98.96000000000001,0.2227162489894905,22,0
515590******3295,2015-05-11 11:00:35,78.4,No,0,0,,-1.0,,0.0,11,0
515590******3295,2015-05-30 17:59:52,123.2,No,0,0,2015-05-11 11:00:35,27779.283333333333,78.4,0.5714285714285714,17,0
515590******3295,2015-05-30 17:59:52,123.2,No,0,0,2015-05-30 17:59:52,0.0,100.80000000000001,0.2222222222222221,17,0
515590******3311,2015-05-08 10:01:52,198.0,No,0,0,,-1.0,,0.0,10,0
515590******3386,2015-05-09 11:59:39,319.0,No,0,0,,-1.0,,0.0,11,0
515590******3432,2015-05-04 19:56:13,111.65,No,0,0,,-1.0,,0.0,19,0
515590******3488,2015-05-02 15:27:35,143.0,No,0,0,,-1.0,,0.0,15,0
515590******3531,2015-05-25 22:53:06,10.0,No,0,0,,-1.0,,0.0,22,0
515590******3580,2015-05-24 11:08:32,10.0,No,0,0,,-1.0,,0.0,11,0
515590******3625,2015-05-06 21:21:07,207.0,No,0,0,,-1.0,,0.0,21,0
515590******3639,2015-05-23 21:13:15,190.4,No,0,0,,-1.0,,0.0,21,0
515590******3720,2015-05-25 10:57:18,89.6,No,0,0,,-1.0,,0.0,10,0
515590******3763,2015-05-27 19:43:02,220.0,No,0,0,,-1.0,,0.0,19,0
515590******3789,2015-05-30 11:10:57,15.0,No,0,0,,-1.0,,0.0,11,0
515590******3811,2015-05-07 10:04:26,115.5,No,0,0,,-1.0,,0.0,10,0
515590******3828,2015-05-15 23:05:09,132.0,No,0,0,,-1.0,,0.0,23,1
515590******3947,2015-05-12 23:16:57,154.0,No,0,0,,-1.0,,0.0,23,1
515590******3955,2015-05-15 14:13:50,99.0,No,0,0,,-1.0,,0.0,14,0
515590******3983,2015-05-24 09:48:58,40.0,No,0,0,,-1.0,,0.0,9,0
515590******4000,2015-05-04 21:41:31,201.6,No,0,0,,-1.0,,0.0,21,0
515590******4008,2015-05-11 18:45:04,201.25,No,0,0,,-1.0,,0.0,18,0
515590******4011,2015-05-29 23:52:11,10.0,No,0,0,,-1.0,,0.0,23,1
515590******4051,2015-05-29 12:35:41,184.0,No,0,0,,-1.0,,0.0,12,0
515590******4063,2015-05-11 18:28:56,28.75,No,0,0,,-1.0,,0.0,18,0
515590******4099,2015-05-11 21:09:33,55.0,No,0,0,,-1.0,,0.0,21,0
515590******4114,2015-05-15 15:54:41,77.0,No,0,0,,-1.0,,0.0,15,0
515590******4123,2015-05-11 20:05:58,352.0,No,0,0,,-1.0,,0.0,20,0
515590******4134,2015-05-29 17:36:26,46.0,No,0,0,,-1.0,,0.0,17,0
515590******4202,2015-05-29 20:05:18,88.0,No,0,0,,-1.0,,0.0,20,0
515590******4249,2015-05-28 22:36:20,49.5,No,0,0,,-1.0,,0.0,22,0
515590******4249,2015-05-28 22:40:12,49.5,No,0,1,2015-05-28 22:36:20,3.8666666666666667,49.5,0.0,22,0
515590******4291,2015-05-07 19:14:22,57.5,Yes,1,0,,-1.0,,0.0,19,0
515590******4291,2015-05-07 19:15:39,57.5,Yes,1,1,2015-05-07 19:14:22,1.2833333333333334,57.5,0.0,19,0
515590******4291,2015-05-07 19:17:00,57.5,Yes,1,2,2015-05-07 19:15:39,1.35,57.5,0.0,19,0
515590******4291,2015-05-07 19:18:33,57.5,Yes,1,3,2015-05-07 19:17:00,1.55,57.5,0.0,19,0
515590******4387,2015-05-11 17:16:58,154.0,No,0,0,,-1.0,,0.0,17,0
515590******4457,2015-05-11 10:54:19,78.4,No,0,0,,-1.0,,0.0,10,0
515590******4467,2015-05-15 01:35:14,154.0,No,0,0,,-1.0,,0.0,1,1
515590******4467,2015-05-29 12:21:39,100.8,No,0,0,2015-05-15 01:35:14,20806.416666666668,154.0,-0.34545454545454546,12,0
515590******4524,2015-05-20 09:26:01,121.0,No,0,0,,-1.0,,0.0,9,0
515590******4641,2015-05-05 09:20:43,257.6,No,0,0,,-1.0,,0.0,9,0
515590******4641,2015-05-05 09:22:40,112.0,No,0,1,2015-05-05 09:20:43,1.95,257.6,-0.5652173913043479,9,0
515590******4641,2015-05-12 15:31:41,89.6,No,0,0,2015-05-05 09:22:40,10449.016666666666,184.8,-0.5151515151515151,15,0
515590******4641,2015-05-12 15:39:43,179.2,No,0,1,2015-05-12 15:31:41,8.033333333333333,153.0666666666667,0.17073170731707288,15,0
515590******4658,2015-05-24 19:57:14,88.0,No,0,0,,-1.0,,0.0,19,0
515590******4659,2015-05-06 20:38:28,67.2,No,0,0,,-1.0,,0.0,20,0
515590******4697,2015-05-14 11:42:53,134.4,No,0,0,,-1.0,,0.0,11,0
515590******4701,2015-05-07 10:04:55,115.5,No,0,0,,-1.0,,0.0,10,0
515590******4706,2015-05-14 22:12:57,16.5,No,0,0,,-1.0,,0.0,22,0
515590******4712,2015-05-09 02:10:45,110.0,No,0,0,,-1.0,,0.0,2,1
515590******4748,2015-05-15 20:56:24,77.0,No,0,0,,-1.0,,0.0,20,0
515590******4838,2015-05-17 14:20:31,62.1,No,0,0,,-1.0,,0.0,14,0
515590******4867,2015-05-18 10:32:29,112.0,No,0,0,,-1.0,,0.0,10,0
515590******4969,2015-05-08 09:28:50,537.6,No,0,0,,-1.0,,0.0,9,0
515590******4969,2015-05-08 18:27:47,336.0,No,0,1,2015-05-08 09:28:50,538.95,537.6,-0.375,18,0
515590******4969,2015-05-15 19:20:25,336.0,No,0,0,2015-05-08 18:27:47,10132.633333333333,436.8,-0.23076923076923084,19,0
515590******4969,2015-05-19 13:24:27,230.0,No,0,0,2015-05-15 19:20:25,5404.033333333334,403.2,-0.4295634920634921,13,0
515590******4999,2015-05-07 18:37:50,156.8,No,0,0,,-1.0,,0.0,18,0
515590******4999,2015-05-07 18:41:04,34.5,No,0,1,2015-05-07 18:37:50,3.2333333333333334,156.8,-0.7799744897959184,18,0
515590******5126,2015-05-30 14:44:53,99.0,No,0,0,,-1.0,,0.0,14,0
515590******5126,2015-05-30 14:44:53,99.0,No,0,0,2015-05-30 14:44:53,0.0,99.0,0.0,14,0
515590******5199,2015-05-23 17:21:15,70.0,No,0,0,,-1.0,,0.0,17,0
515590******5232,2015-05-07 20:32:15,88.0,No,0,0,,-1.0,,0.0,20,0
515590******5232,2015-05-28 18:09:56,88.0,No,0,0,2015-05-07 20:32:15,30097.683333333334,88.0,0.0,18,0
515590******5249,2015-05-09 19:03:48,70.0,No,0,0,,-1.0,,0.0,19,0
515590******5273,2015-05-28 16:18:35,10.0,No,0,0,,-1.0,,0.0,16,0
515590******5298,2015-05-26 07:58:49,134.4,No,0,0,,-1.0,,0.0,7,0
515590******5299,2015-05-11 12:49:23,448.0,No,0,0,,-1.0,,0.0,12,0
515590******5312,2015-05-06 10:15:49,132.0,No,0,0,,-1.0,,0.0,10,0
515590******5330,2015-05-11 19:41:03,275.0,No,0,0,,-1.0,,0.0,19,0
515590******5410,2015-05-13 13:38:47,23.0,No,0,0,,-1.0,,0.0,13,0
515590******5411,2015-05-25 12:39:08,20.0,No,0,0,,-1.0,,0.0,12,0
515590******5511,2015-05-10 22:45:07,286.0,No,0,0,,-1.0,,0.0,22,0
515590******5706,2015-05-28 13:15:43,99.0,No,0,0,,-1.0,,0.0,13,0
515590******5768,2015-05-21 17:37:03,156.8,No,0,0,,-1.0,,0.0,17,0
515590******5781,2015-05-25 19:50:20,70.0,No,0,0,,-1.0,,0.0,19,0
515590******5830,2015-05-22 21:29:50,132.0,No,0,0,,-1.0,,0.0,21,0
515590******5858,2015-05-23 20:38:56,20.0,No,0,0,,-1.0,,0.0,20,0
515590******5894,2015-05-18 00:29:04,231.0,No,0,0,,-1.0,,0.0,0,1
515590******5919,2015-05-16 15:14:49,880.0,No,0,0,,-1.0,,0.0,15,0
515590******5934,2015-05-12 09:45:29,156.8,No,0,0,,-1.0,,0.0,9,0
515590******5954,2015-05-11 21:14:45,201.25,No,0,0,,-1.0,,0.0,21,0
515590******6029,2015-05-30 20:38:26,20.0,No,0,0,,-1.0,,0.0,20,0
515590******6029,2015-05-30 20:38:26,20.0,No,0,0,2015-05-30 20:38:26,0.0,20.0,0.0,20,0
515590******6073,2015-05-05 21:48:15,46.0,No,0,0,,-1.0,,0.0,21,0
515590******6073,2015-05-08 15:17:41,46.0,No,0,0,2015-05-05 21:48:15,3929.4333333333334,46.0,0.0,15,0
515590******6101,2015-05-28 22:09:55,172.5,No,0,0,,-1.0,,0.0,22,0
515590******6121,2015-05-21 16:36:26,20.0,No,0,0,,-1.0,,0.0,16,0
515590******6135,2015-05-26 16:38:49,40.0,No,0,0,,-1.0,,0.0,16,0
515590******6186,2015-05-24 23:09:39,35.23,No,0,0,,-1.0,,0.0,23,1
515590******6209,2015-05-25 09:57:40,15.0,No,0,0,,-1.0,,0.0,9,0
515590******6271,2015-05-30 22:14:04,154.0,No,0,0,,-1.0,,0.0,22,0
515590******6271,2015-05-30 22:14:04,154.0,No,0,0,2015-05-30 22:14:04,0.0,154.0,0.0,22,0
515590******6296,2015-05-25 14:31:47,102.6,No,0,0,,-1.0,,0.0,14,0
515590******6424,2015-05-29 14:48:44,10.0,No,0,0,,-1.0,,0.0,14,0
515590******6438,2015-05-19 22:40:38,115.0,No,0,0,,-1.0,,0.0,22,0
515590******6499,2015-05-30 16:55:31,35.53,No,0,0,,-1.0,,0.0,16,0
515590******6499,2015-05-30 16:55:31,35.53,No,0,0,2015-05-30 16:55:31,0.0,35.53,0.0,16,0
515590******6503,2015-05-17 13:36:53,89.6,No,0,0,,-1.0,,0.0,13,0
515590******6650,2015-05-23 14:14:41,20.0,No,0,0,,-1.0,,0.0,14,0
515590******6676,2015-05-12 09:34:56,132.25,No,0,0,,-1.0,,0.0,9,0
515590******6676,2015-05-23 17:36:36,190.4,No,0,0,2015-05-12 09:34:56,16321.666666666666,132.25,0.43969754253308135,17,0
515590******6684,2015-05-15 21:29:45,132.0,No,0,0,,-1.0,,0.0,21,0
515590******6696,2015-05-10 23:01:19,445.5,No,0,0,,-1.0,,0.0,23,1
515590******6696,2015-05-15 10:29:45,154.0,No,0,0,2015-05-10 23:01:19,6448.433333333333,445.5,-0.654320987654321,10,0
515590******6719,2015-05-11 19:44:14,55.0,No,0,0,,-1.0,,0.0,19,0
515590******6739,2015-05-11 18:46:38,132.25,No,0,0,,-1.0,,0.0,18,0
515590******6739,2015-05-11 18:48:12,132.25,No,0,1,2015-05-11 18:46:38,1.5666666666666667,132.25,0.0,18,0
515590******6765,2015-05-29 22:13:51,138.0,No,0,0,,-1.0,,0.0,22,0
515590******6770,2015-05-09 17:06:28,123.2,Yes,1,0,,-1.0,,0.0,17,0
515590******6770,2015-05-09 17:07:59,123.2,Yes,1,1,2015-05-09 17:06:28,1.5166666666666666,123.2,0.0,17,0
515590******6770,2015-05-09 17:09:09,123.2,Yes,1,2,2015-05-09 17:07:59,1.1666666666666667,123.2,0.0,17,0
515590******6815,2015-05-11 14:23:53,154.0,No,0,0,,-1.0,,0.0,14,0
515590******6832,2015-05-23 23:38:26,10.0,No,0,0,,-1.0,,0.0,23,1
515590******6842,2015-05-26 10:33:21,69.0,No,0,0,,-1.0,,0.0,10,0
515590******6875,2015-05-11 19:16:38,44.8,No,0,0,,-1.0,,0.0,19,0
515590******6875,2015-05-28 23:18:58,112.0,No,0,0,2015-05-11 19:16:38,24722.333333333332,44.8,1.5,23,1
515590******6891,2015-05-28 19:54:48,77.0,No,0,0,,-1.0,,0.0,19,0
515590******6898,2015-05-25 13:45:38,830.0,No,0,0,,-1.0,,0.0,13,0
515590******6930,2015-05-15 17:45:47,34.5,No,0,0,,-1.0,,0.0,17,0
515590******6951,2015-05-28 23:51:27,55.0,No,0,0,,-1.0,,0.0,23,1
515590******6968,2015-05-28 23:14:00,154.0,No,0,0,,-1.0,,0.0,23,1
515590******6993,2015-05-25 15:38:01,630.0,No,0,0,,-1.0,,0.0,15,0
515590******7017,2015-05-25 10:36:34,100.8,No,0,0,,-1.0,,0.0,10,0
515590******7023,2015-05-05 20:41:54,179.2,No,0,0,,-1.0,,0.0,20,0
515590******7023,2015-05-08 18:49:51,336.0,No,0,0,2015-05-05 20:41:54,4207.95,179.2,0.8750000000000002,18,0
515590******7102,2015-05-13 12:03:16,112.0,No,0,0,,-1.0,,0.0,12,0
515590******7137,2015-05-03 17:47:10,230.0,No,0,0,,-1.0,,0.0,17,0
515590******7173,2015-05-11 11:22:04,156.8,No,0,0,,-1.0,,0.0,11,0
515590******7173,2015-05-17 21:03:11,190.4,No,0,0,2015-05-11 11:22:04,9221.116666666667,156.8,0.2142857142857142,21,0
515590******7193,2015-05-23 23:11:18,20.0,No,0,0,,-1.0,,0.0,23,1
515590******7217,2015-05-25 19:13:53,20.0,No,0,0,,-1.0,,0.0,19,0
515590******7279,2015-05-26 16:29:37,38.5,No,0,0,,-1.0,,0.0,16,0
515590******7319,2015-05-07 10:43:06,46.0,No,0,0,,-1.0,,0.0,10,0
515590******7345,2015-05-11 22:37:02,154.0,No,0,0,,-1.0,,0.0,22,0
515590******7348,2015-05-15 09:50:16,154.0,No,0,0,,-1.0,,0.0,9,0
515590******7385,2015-05-27 22:52:16,132.0,No,0,0,,-1.0,,0.0,22,0
515590******7397,2015-05-18 11:43:33,44.8,No,0,0,,-1.0,,0.0,11,0
515590******7420,2015-05-06 21:03:55,207.0,Yes,1,0,,-1.0,,0.0,21,0
515590******7462,2015-05-14 08:41:50,99.0,No,0,0,,-1.0,,0.0,8,0
515590******7533,2015-05-23 13:03:26,20.0,No,0,0,,-1.0,,0.0,13,0
515590******7590,2015-05-13 16:38:42,78.4,No,0,0,,-1.0,,0.0,16,0
515590******7600,2015-05-08 20:06:52,201.6,No,0,0,,-1.0,,0.0,20,0
515590******7610,2015-05-02 14:06:07,80.5,No,0,0,,-1.0,,0.0,14,0
515590******7619,2015-05-26 15:06:04,78.15,Yes,1,0,,-1.0,,0.0,15,0
515590******7729,2015-05-08 17:44:36,34.5,No,0,0,,-1.0,,0.0,17,0
515590******7748,2015-05-27 18:46:29,242.0,No,0,0,,-1.0,,0.0,18,0
515590******7755,2015-05-26 19:11:42,134.4,No,0,0,,-1.0,,0.0,19,0
515590******7762,2015-05-28 22:32:28,34.5,No,0,0,,-1.0,,0.0,22,0
515590******7764,2015-05-09 20:00:33,134.4,No,0,0,,-1.0,,0.0,20,0
515590******7849,2015-05-04 15:18:37,402.5,No,0,0,,-1.0,,0.0,15,0
515590******7856,2015-05-14 18:40:35,115.0,No,0,0,,-1.0,,0.0,18,0
515590******7908,2015-05-26 15:27:36,78.15,No,0,0,,-1.0,,0.0,15,0
515590******7911,2015-05-14 21:13:38,176.0,No,0,0,,-1.0,,0.0,21,0
515590******7939,2015-05-10 16:28:46,143.0,No,0,0,,-1.0,,0.0,16,0
515590******7939,2015-05-10 16:31:37,143.0,No,0,1,2015-05-10 16:28:46,2.85,143.0,0.0,16,0
515590******7976,2015-05-08 15:15:26,121.0,No,0,0,,-1.0,,0.0,15,0
515590******7978,2015-05-15 15:12:19,154.0,No,0,0,,-1.0,,0.0,15,0
515590******8090,2015-05-10 20:49:43,148.5,No,0,0,,-1.0,,0.0,20,0
515590******8100,2015-05-23 18:53:50,20.0,No,0,0,,-1.0,,0.0,18,0
515590******8141,2015-05-15 13:24:26,99.0,No,0,0,,-1.0,,0.0,13,0
515590******8159,2015-05-21 00:18:04,57.5,No,0,0,,-1.0,,0.0,0,1
515590******8230,2015-05-08 19:12:09,29.7,No,0,0,,-1.0,,0.0,19,0
515590******8255,2015-05-22 16:43:27,88.0,No,0,0,,-1.0,,0.0,16,0
515590******8256,2015-05-30 09:38:39,10.0,No,0,0,,-1.0,,0.0,9,0
515590******8321,2015-05-15 22:59:19,440.0,No,0,0,,-1.0,,0.0,22,0
515590******8321,2015-05-25 12:01:34,830.0,No,0,0,2015-05-15 22:59:19,13742.25,440.0,0.8863636363636365,12,0
515590******8359,2015-05-29 14:42:54,55.0,No,0,0,,-1.0,,0.0,14,0
515590******8395,2015-05-28 21:53:25,88.0,No,0,0,,-1.0,,0.0,21,0
515590******8449,2015-05-06 15:22:12,132.0,No,0,0,,-1.0,,0.0,15,0
515590******8452,2015-05-24 10:18:54,10.0,No,0,0,,-1.0,,0.0,10,0
515590******8457,2015-05-16 00:50:17,132.0,No,0,0,,-1.0,,0.0,0,1
515590******8457,2015-05-16 01:58:10,99.0,No,0,1,2015-05-16 00:50:17,67.88333333333334,132.0,-0.25,1,1
515590******8473,2015-05-23 12:09:02,30.0,No,0,0,,-1.0,,0.0,12,0
515590******8473,2015-05-23 12:13:01,30.0,No,0,1,2015-05-23 12:09:02,3.9833333333333334,30.0,0.0,12,0
515590******8503,2015-05-06 10:54:33,207.0,No,0,0,,-1.0,,0.0,10,0
515590******8539,2015-05-23 19:53:22,112.0,No,0,0,,-1.0,,0.0,19,0
515590******8736,2015-05-15 22:16:41,179.2,No,0,0,,-1.0,,0.0,22,0
515590******8741,2015-05-13 22:44:21,156.8,No,0,0,,-1.0,,0.0,22,0
515590******8849,2015-05-29 00:14:48,187.0,No,0,0,,-1.0,,0.0,0,1
515590******8867,2015-05-15 12:46:39,154.0,No,0,0,,-1.0,,0.0,12,0
515590******8898,2015-05-26 20:46:07,80.5,No,0,0,,-1.0,,0.0,20,0
515590******8899,2015-05-12 15:42:08,132.25,No,0,0,,-1.0,,0.0,15,0
515590******8985,2015-05-11 16:13:21,19.74,No,0,0,,-1.0,,0.0,16,0
515590******8993,2015-05-12 14:24:36,258.5,No,0,0,,-1.0,,0.0,14,0
515590******8994,2015-05-21 17:04:55,15.0,No,0,0,,-1.0,,0.0,17,0
515590******8999,2015-05-19 21:06:43,660.0,No,0,0,,-1.0,,0.0,21,0
515590******9017,2015-05-06 18:04:31,110.0,No,0,0,,-1.0,,0.0,18,0
515590******9173,2015-05-13 10:19:45,55.0,No,0,0,,-1.0,,0.0,10,0
515590******9250,2015-05-25 12:52:28,62.1,No,0,0,,-1.0,,0.0,12,0
515590******9251,2015-05-17 15:50:53,103.5,No,0,0,,-1.0,,0.0,15,0
515590******9309,2015-05-21 17:25:41,224.0,No,0,0,,-1.0,,0.0,17,0
515590******9413,2015-05-19 13:06:52,10.0,No,0,0,,-1.0,,0.0,13,0
515590******9451,2015-05-25 22:48:09,575.0,No,0,0,,-1.0,,0.0,22,0
515590******9487,2015-05-11 15:45:29,156.8,No,0,0,,-1.0,,0.0,15,0
515590******9505,2015-05-06 09:32:44,154.0,No,0,0,,-1.0,,0.0,9,0
515590******9513,2015-05-25 11:00:56,50.0,No,0,0,,-1.0,,0.0,11,0
515590******9543,2015-05-23 22:40:00,138.0,No,0,0,,-1.0,,0.0,22,0
515590******9546,2015-05-03 17:28:21,231.0,No,0,0,,-1.0,,0.0,17,0
515590******9568,2015-05-20 15:58:33,92.0,No,0,0,,-1.0,,0.0,15,0
515590******9576,2015-05-08 20:05:37,92.0,No,0,0,,-1.0,,0.0,20,0
515590******9589,2015-05-23 19:25:22,67.2,No,0,0,,-1.0,,0.0,19,0
515590******9598,2015-05-05 15:11:55,161.0,No,0,0,,-1.0,,0.0,15,0
515590******9611,2015-05-15 17:26:24,77.0,No,0,0,,-1.0,,0.0,17,0
515590******9611,2015-05-28 17:56:36,121.0,No,0,0,2015-05-15 17:26:24,18750.2,77.0,0.5714285714285714,17,0
515590******9612,2015-05-22 18:23:23,264.0,No,0,0,,-1.0,,0.0,18,0
515590******9617,2015-05-11 23:50:45,352.0,No,0,0,,-1.0,,0.0,23,1
515590******9617,2015-05-12 12:15:01,352.0,No,0,1,2015-05-11 23:50:45,744.2666666666667,352.0,0.0,12,0
515590******9639,2015-05-16 11:21:34,16.5,No,0,0,,-1.0,,0.0,11,0
515590******9676,2015-05-19 23:21:12,117.6,No,0,0,,-1.0,,0.0,23,1
515590******9678,2015-05-13 12:53:02,209.0,No,0,0,,-1.0,,0.0,12,0
515590******9686,2015-05-15 20:04:36,154.0,No,0,0,,-1.0,,0.0,20,0
515590******9711,2015-05-11 19:01:10,154.0,No,0,0,,-1.0,,0.0,19,0
515590******9734,2015-05-12 20:24:59,99.0,Yes,1,0,,-1.0,,0.0,20,0
515590******9734,2015-05-14 18:45:14,198.0,Yes,1,0,2015-05-12 20:24:59,2780.25,99.0,1.0,18,0
515590******9756,2015-05-12 15:09:38,154.0,No,0,0,,-1.0,,0.0,15,0
515590******9829,2015-05-18 14:08:50,67.2,No,0,0,,-1.0,,0.0,14,0
515590******9895,2015-05-14 19:54:23,154.0,No,0,0,,-1.0,,0.0,19,0
515590******9895,2015-05-29 00:12:18,46.0,No,0,0,2015-05-14 19:54:23,20417.916666666668,154.0,-0.7012987012987013,0,1
515590******9911,2015-05-16 16:45:14,69.0,No,0,0,,-1.0,,0.0,16,0
515590******9944,2015-05-29 17:36:30,70.0,No,0,0,,-1.0,,0.0,17,0
515601******0557,2015-05-12 11:01:26,110.0,No,0,0,,-1.0,,0.0,11,0
515601******3818,2015-05-01 23:29:45,286.0,No,0,0,,-1.0,,0.0,23,1
515601******6175,2015-05-25 22:25:03,280.0,No,0,0,,-1.0,,0.0,22,0
515601******6302,2015-05-26 21:18:35,77.0,No,0,0,,-1.0,,0.0,21,0
515601******7206,2015-05-24 13:12:57,20.0,No,0,0,,-1.0,,0.0,13,0
515601******7293,2015-05-25 10:14:33,1260.0,No,0,0,,-1.0,,0.0,10,0
515601******7293,2015-05-25 14:30:16,830.0,No,0,1,2015-05-25 10:14:33,255.71666666666667,1260.0,-0.3412698412698413,14,0
515601******8150,2015-05-15 16:47:50,165.0,No,0,0,,-1.0,,0.0,16,0
515787******4727,2015-05-06 21:41:20,15.8,No,0,0,,-1.0,,0.0,21,0
515787******5800,2015-05-01 11:14:13,144.0,No,0,0,,-1.0,,0.0,11,0
515787******5910,2015-05-07 14:10:10,98.7,No,0,0,,-1.0,,0.0,14,0
515787******8479,2015-05-20 00:37:36,35.53,No,0,0,,-1.0,,0.0,0,1
515894******1442,2015-05-14 19:42:50,154.0,No,0,0,,-1.0,,0.0,19,0
515894******1876,2015-05-11 15:16:23,154.0,No,0,0,,-1.0,,0.0,15,0
515894******1888,2015-05-05 16:47:15,187.0,No,0,0,,-1.0,,0.0,16,0
515894******2093,2015-05-06 19:51:30,23.0,No,0,0,,-1.0,,0.0,19,0
515894******2574,2015-05-16 12:09:19,275.0,No,0,0,,-1.0,,0.0,12,0
515894******2981,2015-05-08 17:05:42,336.0,No,0,0,,-1.0,,0.0,17,0
515894******4367,2015-05-18 12:27:06,34.33,No,0,0,,-1.0,,0.0,12,0
515894******5435,2015-05-12 12:49:37,60.0,No,0,0,,-1.0,,0.0,12,0
515894******6461,2015-05-15 23:00:20,264.0,Yes,1,0,,-1.0,,0.0,23,1
515894******6461,2015-05-15 23:00:20,264.0,Yes,1,0,2015-05-15 23:00:20,0.0,264.0,0.0,23,1
515894******7469,2015-05-14 14:22:54,176.0,No,0,0,,-1.0,,0.0,14,0
515894******8369,2015-05-02 19:34:42,179.2,No,0,0,,-1.0,,0.0,19,0
515894******8369,2015-05-21 11:10:46,78.4,No,0,0,2015-05-02 19:34:42,26856.066666666666,179.2,-0.5625,11,0
515894******8369,2015-05-28 17:01:28,77.0,No,0,0,2015-05-21 11:10:46,10430.7,128.8,-0.40217391304347827,17,0
515894******8432,2015-05-07 13:51:46,88.0,No,0,0,,-1.0,,0.0,13,0
515894******8546,2015-05-06 13:13:52,46.0,No,0,0,,-1.0,,0.0,13,0
515894******8822,2015-05-02 19:04:49,143.0,No,0,0,,-1.0,,0.0,19,0
516064******5184,2015-05-25 18:57:36,187.0,No,0,0,,-1.0,,0.0,18,0
516230******0702,2015-05-11 15:02:02,31.05,No,0,0,,-1.0,,0.0,15,0
516230******1055,2015-05-15 13:02:03,43.2,No,0,0,,-1.0,,0.0,13,0
516230******1083,2015-05-29 17:38:27,165.0,No,0,0,,-1.0,,0.0,17,0
516230******1128,2015-05-10 12:48:32,179.2,No,0,0,,-1.0,,0.0,12,0
516230******1199,2015-05-11 15:01:39,31.05,No,0,0,,-1.0,,0.0,15,0
516230******1207,2015-05-20 14:34:14,20.0,No,0,0,,-1.0,,0.0,14,0
516230******1275,2015-05-12 22:15:46,156.8,No,0,0,,-1.0,,0.0,22,0
516230******1301,2015-05-14 14:19:35,104.5,No,0,0,,-1.0,,0.0,14,0
516230******1488,2015-05-22 15:55:29,103.5,No,0,0,,-1.0,,0.0,15,0
516230******1488,2015-05-22 19:11:06,34.5,No,0,1,2015-05-22 15:55:29,195.61666666666667,103.5,-0.6666666666666667,19,0
516230******1716,2015-05-05 23:51:22,2.2,No,0,0,,-1.0,,0.0,23,1
516230******1819,2015-05-25 14:46:41,10.0,No,0,0,,-1.0,,0.0,14,0
516230******2105,2015-05-13 00:15:04,23.0,No,0,0,,-1.0,,0.0,0,1
516230******2105,2015-05-13 01:11:19,23.0,No,0,1,2015-05-13 00:15:04,56.25,23.0,0.0,1,1
516230******2656,2015-05-03 20:11:56,48.0,No,0,0,,-1.0,,0.0,20,0
516230******2656,2015-05-29 21:14:46,24.0,No,0,0,2015-05-03 20:11:56,37502.833333333336,48.0,-0.5,21,0
516230******3678,2015-05-29 21:43:41,53.0,No,0,0,,-1.0,,0.0,21,0
516230******3741,2015-05-28 11:35:56,100.8,No,0,0,,-1.0,,0.0,11,0
516230******3973,2015-05-11 18:33:04,77.0,No,0,0,,-1.0,,0.0,18,0
516230******4564,2015-05-14 22:57:07,403.2,No,0,0,,-1.0,,0.0,22,0
516230******4820,2015-05-09 13:21:04,88.0,No,0,0,,-1.0,,0.0,13,0
516230******4820,2015-05-19 01:45:22,5.0,No,0,0,2015-05-09 13:21:04,13704.3,88.0,-0.9431818181818182,1,1
516230******4820,2015-05-28 18:08:21,99.0,No,0,0,2015-05-19 01:45:22,13942.983333333334,46.5,1.129032258064516,18,0
516230******5358,2015-05-28 20:38:02,297.0,No,0,0,,-1.0,,0.0,20,0
516230******5358,2015-05-28 22:21:23,1.1,No,0,1,2015-05-28 20:38:02,103.35,297.0,-0.9962962962962963,22,0
516230******5795,2015-05-05 13:26:41,46.0,No,0,0,,-1.0,,0.0,13,0
516230******6624,2015-05-12 17:39:43,38.5,No,0,0,,-1.0,,0.0,17,0
516230******6896,2015-05-24 10:43:36,20.0,No,0,0,,-1.0,,0.0,10,0
516230******6896,2015-05-24 10:52:24,40.0,No,0,1,2015-05-24 10:43:36,8.8,20.0,1.0,10,0
516230******6930,2015-05-11 15:45:42,235.2,No,0,0,,-1.0,,0.0,15,0
516230******6951,2015-05-08 14:16:09,319.0,No,0,0,,-1.0,,0.0,14,0
516230******7288,2015-05-12 19:43:03,154.0,No,0,0,,-1.0,,0.0,19,0
516230******8425,2015-05-12 17:57:05,38.5,No,0,0,,-1.0,,0.0,17,0
516230******8482,2015-05-11 15:10:02,112.0,No,0,0,,-1.0,,0.0,15,0
516230******8494,2015-05-29 10:22:55,110.0,No,0,0,,-1.0,,0.0,10,0
516230******8494,2015-05-29 17:53:30,55.0,No,0,1,2015-05-29 10:22:55,450.5833333333333,110.0,-0.5,17,0
516230******8494,2015-05-29 17:58:31,44.0,No,0,2,2015-05-29 17:53:30,5.016666666666667,82.5,-0.4666666666666667,17,0
516230******8609,2015-05-14 16:24:24,440.0,No,0,0,,-1.0,,0.0,16,0
516230******9088,2015-05-29 13:59:01,121.0,No,0,0,,-1.0,,0.0,13,0
516230******9407,2015-05-04 18:05:42,1.0,No,0,0,,-1.0,,0.0,18,0
516230******9407,2015-05-06 20:10:24,1.0,No,0,0,2015-05-04 18:05:42,3004.7,1.0,0.0,20,0
516275******3102,2015-05-07 16:53:29,330.0,Yes,1,0,,-1.0,,0.0,16,0
516275******3102,2015-05-07 16:53:32,330.0,No,0,1,2015-05-07 16:53:29,0.05,330.0,0.0,16,0
516291******2348,2015-05-07 11:38:52,92.0,No,0,0,,-1.0,,0.0,11,0
518148******5096,2015-05-26 22:29:06,138.0,No,0,0,,-1.0,,0.0,22,0
518294******9572,2015-05-13 19:46:37,134.4,No,0,0,,-1.0,,0.0,19,0
518294******9572,2015-05-13 19:57:42,134.4,No,0,1,2015-05-13 19:46:37,11.083333333333334,134.4,0.0,19,0
518294******9572,2015-05-25 10:44:10,830.0,No,0,0,2015-05-13 19:57:42,16726.466666666667,134.4,5.175595238095238,10,0
518454******3675,2015-05-15 18:36:09,308.0,No,0,0,,-1.0,,0.0,18,0
518454******4332,2015-05-12 08:02:44,49.5,No,0,0,,-1.0,,0.0,8,0
518454******4332,2015-05-14 19:15:31,16.5,No,0,0,2015-05-12 08:02:44,3552.7833333333333,49.5,-0.6666666666666667,19,0
518454******6657,2015-05-06 16:23:18,138.0,No,0,0,,-1.0,,0.0,16,0
518454******6881,2015-05-07 15:02:30,207.0,No,0,0,,-1.0,,0.0,15,0
518454******8162,2015-05-18 20:49:21,46.0,No,0,0,,-1.0,,0.0,20,0
518454******8685,2015-05-15 13:10:47,36.54,No,0,0,,-1.0,,0.0,13,0
518454******9229,2015-05-12 13:02:26,82.5,No,0,0,,-1.0,,0.0,13,0
518454******9337,2015-05-05 15:13:51,92.0,No,0,0,,-1.0,,0.0,15,0
518454******9614,2015-05-24 15:54:04,176.0,No,0,0,,-1.0,,0.0,15,0
518471******0647,2015-05-08 14:37:09,46.0,No,0,0,,-1.0,,0.0,14,0
518544******0064,2015-05-06 20:59:41,184.0,No,0,0,,-1.0,,0.0,20,0
518544******0064,2015-05-06 21:00:52,184.0,No,0,1,2015-05-06 20:59:41,1.1833333333333333,184.0,0.0,21,0
518544******0150,2015-05-24 13:56:29,36.66,No,0,0,,-1.0,,0.0,13,0
518544******7031,2015-05-15 12:04:09,23.0,No,0,0,,-1.0,,0.0,12,0
518759******0021,2015-05-12 19:16:37,308.0,No,0,0,,-1.0,,0.0,19,0
518759******0021,2015-05-14 15:57:36,154.0,No,0,0,2015-05-12 19:16:37,2680.983333333333,308.0,-0.5,15,0
518759******0236,2015-05-22 21:43:28,264.0,No,0,0,,-1.0,,0.0,21,0
518759******0329,2015-05-30 23:51:31,20.0,No,0,0,,-1.0,,0.0,23,1
518759******0448,2015-05-28 08:41:04,53.0,No,0,0,,-1.0,,0.0,8,0
518759******1211,2015-05-11 13:55:50,78.4,No,0,0,,-1.0,,0.0,13,0
518759******1463,2015-05-21 18:47:13,69.0,No,0,0,,-1.0,,0.0,18,0
518759******2037,2015-05-13 12:54:50,16.5,No,0,0,,-1.0,,0.0,12,0
518759******2094,2015-05-22 14:21:54,20.0,No,0,0,,-1.0,,0.0,14,0
518759******2148,2015-05-28 13:50:07,70.0,No,0,0,,-1.0,,0.0,13,0
518759******2179,2015-05-30 23:06:38,10.0,No,0,0,,-1.0,,0.0,23,1
518759******2179,2015-05-30 23:06:38,10.0,No,0,0,2015-05-30 23:06:38,0.0,10.0,0.0,23,1
518759******2686,2015-05-22 17:38:24,40.5,No,0,0,,-1.0,,0.0,17,0
518759******2837,2015-05-22 14:09:27,34.5,Yes,1,0,,-1.0,,0.0,14,0
518759******2858,2015-05-01 18:13:00,35.0,No,0,0,,-1.0,,0.0,18,0
518759******3347,2015-05-01 23:32:29,111.65,No,0,0,,-1.0,,0.0,23,1
518759******3512,2015-05-08 16:31:16,165.0,No,0,0,,-1.0,,0.0,16,0
518759******4140,2015-05-13 16:48:04,46.0,No,0,0,,-1.0,,0.0,16,0
518759******4869,2015-05-16 17:01:21,46.0,No,0,0,,-1.0,,0.0,17,0
518759******5009,2015-05-13 09:17:27,154.0,No,0,0,,-1.0,,0.0,9,0
518759******5456,2015-05-22 19:45:35,20.0,No,0,0,,-1.0,,0.0,19,0
518759******7062,2015-05-22 19:59:05,46.0,No,0,0,,-1.0,,0.0,19,0
518759******7187,2015-05-29 12:17:16,69.0,No,0,0,,-1.0,,0.0,12,0
518759******7524,2015-05-28 13:00:19,46.0,Yes,1,0,,-1.0,,0.0,13,0
518759******7524,2015-05-28 13:01:27,46.0,Yes,1,1,2015-05-28 13:00:19,1.1333333333333333,46.0,0.0,13,0
518759******7524,2015-05-28 13:02:33,46.0,Yes,1,2,2015-05-28 13:01:27,1.1,46.0,0.0,13,0
518759******7785,2015-05-06 09:39:36,99.0,No,0,0,,-1.0,,0.0,9,0
518759******7833,2015-05-25 17:12:08,10.0,No,0,0,,-1.0,,0.0,17,0
518759******8116,2015-05-20 08:42:02,10.0,No,0,0,,-1.0,,0.0,8,0
518759******8317,2015-05-19 12:05:12,15.0,No,0,0,,-1.0,,0.0,12,0
518759******8384,2015-05-30 23:17:41,70.0,No,0,0,,-1.0,,0.0,23,1
518759******8384,2015-05-30 23:17:41,70.0,No,0,0,2015-05-30 23:17:41,0.0,70.0,0.0,23,1
518759******8472,2015-05-25 23:32:10,37.77,No,0,0,,-1.0,,0.0,23,1
518759******8552,2015-05-06 15:44:50,132.0,No,0,0,,-1.0,,0.0,15,0
518759******8566,2015-05-06 17:07:26,89.6,No,0,0,,-1.0,,0.0,17,0
518759******8910,2015-05-08 11:45:44,77.0,No,0,0,,-1.0,,0.0,11,0
518759******9368,2015-05-12 14:23:28,55.0,No,0,0,,-1.0,,0.0,14,0
518759******9936,2015-05-25 10:18:00,630.0,No,0,0,,-1.0,,0.0,10,0
518767******0058,2015-05-11 13:26:02,33.0,No,0,0,,-1.0,,0.0,13,0
518767******0058,2015-05-13 13:06:45,49.5,No,0,0,2015-05-11 13:26:02,2860.7166666666667,33.0,0.5,13,0
518767******0777,2015-05-16 14:59:00,23.0,No,0,0,,-1.0,,0.0,14,0
518767******0777,2015-05-16 15:08:37,23.0,No,0,1,2015-05-16 14:59:00,9.616666666666667,23.0,0.0,15,0
518767******0924,2015-05-06 19:03:25,58.36,No,0,0,,-1.0,,0.0,19,0
518767******1275,2015-05-18 15:01:20,123.58,No,0,0,,-1.0,,0.0,15,0
518767******1587,2015-05-26 22:09:11,46.0,No,0,0,,-1.0,,0.0,22,0
518767******1814,2015-05-15 20:48:55,132.0,No,0,0,,-1.0,,0.0,20,0
518767******2172,2015-05-12 15:55:11,132.25,No,0,0,,-1.0,,0.0,15,0
518767******2172,2015-05-12 16:27:51,264.5,No,0,1,2015-05-12 15:55:11,32.666666666666664,132.25,1.0,16,0
518767******2927,2015-05-09 11:39:39,165.0,No,0,0,,-1.0,,0.0,11,0
518767******3218,2015-05-07 17:27:24,23.0,No,0,0,,-1.0,,0.0,17,0
518767******3266,2015-05-07 22:41:28,23.0,No,0,0,,-1.0,,0.0,22,0
518767******3536,2015-05-19 15:30:56,70.0,No,0,0,,-1.0,,0.0,15,0
518767******3779,2015-05-18 23:07:13,57.46,No,0,0,,-1.0,,0.0,23,1
518767******3792,2015-05-08 09:33:51,220.0,No,0,0,,-1.0,,0.0,9,0
518767******4647,2015-05-05 12:41:56,23.0,No,0,0,,-1.0,,0.0,12,0
518767******6149,2015-05-28 12:47:27,15.0,No,0,0,,-1.0,,0.0,12,0
518767******6209,2015-05-06 09:36:45,99.0,No,0,0,,-1.0,,0.0,9,0
518767******6368,2015-05-20 12:57:23,44.0,No,0,0,,-1.0,,0.0,12,0
518767******6697,2015-05-21 11:18:56,15.0,No,0,0,,-1.0,,0.0,11,0
518767******6819,2015-05-22 19:31:11,34.5,No,0,0,,-1.0,,0.0,19,0
518767******6819,2015-05-22 19:32:24,132.0,No,0,1,2015-05-22 19:31:11,1.2166666666666666,34.5,2.8260869565217392,19,0
518767******6819,2015-05-22 19:34:08,132.0,No,0,2,2015-05-22 19:32:24,1.7333333333333334,83.25,0.5855855855855856,19,0
518767******6819,2015-05-22 19:35:16,132.0,No,0,3,2015-05-22 19:34:08,1.1333333333333333,99.5,0.3266331658291457,19,0
518767******7105,2015-05-10 20:47:13,110.0,No,0,0,,-1.0,,0.0,20,0
518767******8214,2015-05-25 22:50:35,86.0,No,0,0,,-1.0,,0.0,22,0
518767******8321,2015-05-12 13:38:12,180.0,No,0,0,,-1.0,,0.0,13,0
518767******9130,2015-05-14 00:44:06,36.66,No,0,0,,-1.0,,0.0,0,1
518767******9683,2015-05-13 13:36:26,46.0,No,0,0,,-1.0,,0.0,13,0
518767******9839,2015-05-20 19:43:08,10.0,No,0,0,,-1.0,,0.0,19,0
518767******9921,2015-05-21 14:43:45,110.0,No,0,0,,-1.0,,0.0,14,0
518814******7501,2015-05-20 14:48:39,480.0,No,0,0,,-1.0,,0.0,14,0
518814******9261,2015-05-01 14:03:33,104.5,No,0,0,,-1.0,,0.0,14,0
519696******9041,2015-05-28 12:03:07,121.0,No,0,0,,-1.0,,0.0,12,0
519698******1487,2015-05-01 11:08:58,429.0,No,0,0,,-1.0,,0.0,11,0
519698******1495,2015-05-15 11:38:07,154.0,No,0,0,,-1.0,,0.0,11,0
519698******2615,2015-05-06 20:11:13,143.0,No,0,0,,-1.0,,0.0,20,0
519698******2999,2015-05-14 14:00:44,275.0,No,0,0,,-1.0,,0.0,14,0
519698******2999,2015-05-25 17:03:23,1460.0,No,0,0,2015-05-14 14:00:44,16022.65,275.0,4.3090909090909095,17,0
519698******3034,2015-05-30 20:34:07,70.0,No,0,0,,-1.0,,0.0,20,0
519698******3034,2015-05-30 20:34:07,70.0,No,0,0,2015-05-30 20:34:07,0.0,70.0,0.0,20,0
519698******3345,2015-05-15 02:50:43,154.0,No,0,0,,-1.0,,0.0,2,1
519698******4741,2015-05-24 21:52:51,403.2,No,0,0,,-1.0,,0.0,21,0
519698******7504,2015-05-16 01:06:07,504.0,No,0,0,,-1.0,,0.0,1,1
519698******7512,2015-05-23 20:56:44,100.8,No,0,0,,-1.0,,0.0,20,0
519698******7512,2015-05-29 23:06:18,220.0,No,0,0,2015-05-23 20:56:44,8769.566666666668,100.8,1.1825396825396828,23,1
519698******8000,2015-05-24 22:43:05,190.4,No,0,0,,-1.0,,0.0,22,0
520132******1407,2015-05-17 18:27:43,138.0,No,0,0,,-1.0,,0.0,18,0
520132******1407,2015-05-20 12:25:03,46.0,No,0,0,2015-05-17 18:27:43,3957.3333333333335,138.0,-0.6666666666666667,12,0
520132******2167,2015-05-06 13:12:07,155.0,No,0,0,,-1.0,,0.0,13,0
520132******2167,2015-05-07 15:18:36,105.0,No,0,0,2015-05-06 13:12:07,1566.4833333333333,155.0,-0.32258064516129037,15,0
520156******2033,2015-05-11 22:38:03,34.5,Yes,1,0,,-1.0,,0.0,22,0
520156******2033,2015-05-11 22:39:48,201.25,Yes,1,1,2015-05-11 22:38:03,1.75,34.5,4.833333333333333,22,0
520156******2033,2015-05-11 22:41:08,201.25,Yes,1,2,2015-05-11 22:39:48,1.3333333333333333,117.875,0.7073170731707317,22,0
520156******2033,2015-05-11 22:42:26,201.25,Yes,1,3,2015-05-11 22:41:08,1.3,145.66666666666666,0.38157894736842124,22,0
520363******1018,2015-05-14 22:41:40,77.0,No,0,0,,-1.0,,0.0,22,0
520400******5434,2015-05-20 19:47:11,110.0,No,0,0,,-1.0,,0.0,19,0
520400******8928,2015-05-07 12:41:07,31.59,No,0,0,,-1.0,,0.0,12,0
520403******1399,2015-05-04 22:54:04,92.0,No,0,0,,-1.0,,0.0,22,0
520403******2432,2015-05-20 19:32:47,23.0,No,0,0,,-1.0,,0.0,19,0
520403******6324,2015-05-19 15:24:19,70.0,No,0,0,,-1.0,,0.0,15,0
520403******8312,2015-05-28 12:10:20,69.0,No,0,0,,-1.0,,0.0,12,0
520403******8312,2015-05-28 19:08:48,69.0,No,0,1,2015-05-28 12:10:20,418.46666666666664,69.0,0.0,19,0
520405******0492,2015-05-12 20:02:37,99.0,No,0,0,,-1.0,,0.0,20,0
520405******0740,2015-05-26 14:43:42,57.5,No,0,0,,-1.0,,0.0,14,0
520405******5146,2015-05-23 12:30:40,27.0,No,0,0,,-1.0,,0.0,12,0
520405******7164,2015-05-03 17:49:01,24.03,No,0,0,,-1.0,,0.0,17,0
520405******7416,2015-05-01 13:40:52,187.0,No,0,0,,-1.0,,0.0,13,0
520405******8149,2015-05-29 14:07:21,92.0,No,0,0,,-1.0,,0.0,14,0
520405******9007,2015-05-22 13:28:10,13.5,No,0,0,,-1.0,,0.0,13,0
520405******9041,2015-05-29 21:12:25,209.0,No,0,0,,-1.0,,0.0,21,0
520898******8036,2015-05-20 20:53:01,69.0,No,0,0,,-1.0,,0.0,20,0
520977******5623,2015-05-07 10:47:59,176.0,No,0,0,,-1.0,,0.0,10,0
520977******6892,2015-05-26 15:54:06,34.5,No,0,0,,-1.0,,0.0,15,0
520977******7511,2015-05-30 13:13:29,15.0,No,0,0,,-1.0,,0.0,13,0
521180******0134,2015-05-19 20:09:47,23.0,No,0,0,,-1.0,,0.0,20,0
521180******0249,2015-05-14 21:29:28,99.0,No,0,0,,-1.0,,0.0,21,0
521180******1112,2015-05-19 11:08:46,5.0,No,0,0,,-1.0,,0.0,11,0
521180******1215,2015-05-15 20:28:17,100.0,No,0,0,,-1.0,,0.0,20,0
521180******1273,2015-05-16 22:42:50,16.5,No,0,0,,-1.0,,0.0,22,0
521180******1680,2015-05-11 10:07:03,46.0,No,0,0,,-1.0,,0.0,10,0
521180******2412,2015-05-30 12:34:15,55.0,No,0,0,,-1.0,,0.0,12,0
521180******3199,2015-05-06 14:14:31,66.0,No,0,0,,-1.0,,0.0,14,0
521180******3335,2015-05-14 16:37:55,16.5,No,0,0,,-1.0,,0.0,16,0
521180******3671,2015-05-24 11:54:25,46.0,No,0,0,,-1.0,,0.0,11,0
521180******3671,2015-05-24 20:18:16,46.0,No,0,1,2015-05-24 11:54:25,503.85,46.0,0.0,20,0
521180******3975,2015-05-29 15:06:24,345.0,No,0,0,,-1.0,,0.0,15,0
521180******4004,2015-05-30 17:00:42,35.53,No,0,0,,-1.0,,0.0,17,0
521180******4004,2015-05-30 17:00:42,35.53,No,0,0,2015-05-30 17:00:42,0.0,35.53,0.0,17,0
521180******4194,2015-05-01 19:32:43,82.5,No,0,0,,-1.0,,0.0,19,0
521180******4363,2015-05-11 11:21:46,78.4,No,0,0,,-1.0,,0.0,11,0
521180******4677,2015-05-10 12:25:46,132.0,No,0,0,,-1.0,,0.0,12,0
521180******4867,2015-05-18 11:57:03,46.0,No,0,0,,-1.0,,0.0,11,0
521180******5032,2015-05-09 19:39:55,16.5,No,0,0,,-1.0,,0.0,19,0
521180******5562,2015-05-16 15:13:49,23.0,No,0,0,,-1.0,,0.0,15,0
521180******5715,2015-05-02 18:26:04,46.0,No,0,0,,-1.0,,0.0,18,0
521180******6955,2015-05-29 15:39:51,31.59,No,0,0,,-1.0,,0.0,15,0
521180******7273,2015-05-16 18:22:23,49.5,No,0,0,,-1.0,,0.0,18,0
521180******7503,2015-05-09 18:02:19,230.0,No,0,0,,-1.0,,0.0,18,0
521180******7801,2015-05-14 12:17:18,16.5,No,0,0,,-1.0,,0.0,12,0
521180******8809,2015-05-10 12:59:25,27.5,No,0,0,,-1.0,,0.0,12,0
521180******9489,2015-05-11 18:20:46,201.25,No,0,0,,-1.0,,0.0,18,0
521180******9550,2015-05-30 13:10:49,252.11,No,0,0,,-1.0,,0.0,13,0
521180******9659,2015-05-14 14:28:32,33.0,No,0,0,,-1.0,,0.0,14,0
521180******9813,2015-05-21 00:18:27,69.0,No,0,0,,-1.0,,0.0,0,1
521370******0847,2015-05-18 12:20:58,69.0,No,0,0,,-1.0,,0.0,12,0
521370******1978,2015-05-08 21:32:27,70.0,No,0,0,,-1.0,,0.0,21,0
521370******9914,2015-05-20 23:22:45,1012.0,Yes,1,0,,-1.0,,0.0,23,1
521397******2585,2015-05-29 13:07:24,88.0,No,0,0,,-1.0,,0.0,13,0
521397******2711,2015-05-29 15:52:08,46.0,Yes,1,0,,-1.0,,0.0,15,0
521397******2711,2015-05-29 15:53:06,46.0,Yes,1,1,2015-05-29 15:52:08,0.9666666666666667,46.0,0.0,15,0
521397******2711,2015-05-29 15:54:07,46.0,Yes,1,2,2015-05-29 15:53:06,1.0166666666666666,46.0,0.0,15,0
521397******2711,2015-05-29 15:55:17,46.0,Yes,1,3,2015-05-29 15:54:07,1.1666666666666667,46.0,0.0,15,0
521397******2711,2015-05-29 15:57:33,172.5,Yes,1,4,2015-05-29 15:55:17,2.2666666666666666,46.0,2.75,15,0
521397******2711,2015-05-29 15:58:26,172.5,Yes,1,5,2015-05-29 15:57:33,0.8833333333333333,71.3,1.4193548387096775,15,0
521397******2711,2015-05-29 16:00:00,172.5,Yes,1,6,2015-05-29 15:58:26,1.5666666666666667,88.16666666666667,0.9565217391304346,16,0
521397******2711,2015-05-29 16:01:46,190.4,Yes,1,7,2015-05-29 16:00:00,1.7666666666666666,100.21428571428571,0.8999287241625091,16,0
521397******2711,2015-05-29 16:02:49,190.4,Yes,1,8,2015-05-29 16:01:46,1.05,111.4875,0.7078147774414172,16,0
521397******2711,2015-05-29 16:04:21,190.4,Yes,1,9,2015-05-29 16:02:49,1.5333333333333334,120.25555555555555,0.5832948350734548,16,0
521397******2711,2015-05-29 16:05:26,190.4,Yes,1,10,2015-05-29 16:04:21,1.0833333333333333,127.27000000000001,0.4960320578298105,16,0
521397******2711,2015-05-30 12:28:57,110.0,Yes,1,11,2015-05-29 16:05:26,1223.5166666666667,133.0090909090909,-0.17298885927140994,12,0
521397******2711,2015-05-30 12:29:55,110.0,Yes,1,12,2015-05-30 12:28:57,0.9666666666666667,131.09166666666667,-0.1608925052444219,12,0
521397******2711,2015-05-30 12:31:03,110.0,Yes,1,13,2015-05-30 12:29:55,1.1333333333333333,129.46923076923076,-0.15037728001901252,12,0
521397******2711,2015-05-30 12:31:59,110.0,Yes,1,14,2015-05-30 12:31:03,0.9333333333333333,128.07857142857142,-0.14115219452345096,12,0
521397******2711,2015-05-30 12:32:51,110.0,Yes,1,15,2015-05-30 12:31:59,0.8666666666666667,126.87333333333332,-0.1329935368609111,12,0
521397******2711,2015-05-30 13:01:26,110.0,Yes,1,16,2015-05-30 12:32:51,28.583333333333332,125.81875,-0.12572649148080073,13,0
521397******2711,2015-05-30 13:02:20,110.0,Yes,1,17,2015-05-30 13:01:26,0.9,124.88823529411764,-0.1192124723281992,13,0
521397******2711,2015-05-30 13:03:19,110.0,Yes,1,18,2015-05-30 13:02:20,0.9833333333333333,124.0611111111111,-0.11334019972235898,13,0
521397******2711,2015-05-30 13:04:06,110.0,Yes,1,19,2015-05-30 13:03:19,0.7833333333333333,123.32105263157894,-0.10801929068328275,13,0
521397******2904,2015-05-26 21:15:59,89.6,No,0,0,,-1.0,,0.0,21,0
521397******7845,2015-05-12 14:36:50,154.0,No,0,0,,-1.0,,0.0,14,0
521509******0019,2015-05-28 08:20:32,138.0,No,0,0,,-1.0,,0.0,8,0
521509******1028,2015-05-12 16:59:09,16.5,No,0,0,,-1.0,,0.0,16,0
521509******6017,2015-05-11 16:06:26,46.69,No,0,0,,-1.0,,0.0,16,0
522446******0626,2015-05-07 19:02:12,55.0,No,0,0,,-1.0,,0.0,19,0
522446******8727,2015-05-19 20:00:44,184.0,No,0,0,,-1.0,,0.0,20,0
522446******9316,2015-05-20 12:25:53,92.0,No,0,0,,-1.0,,0.0,12,0
522446******9922,2015-05-19 22:45:12,83.0,No,0,0,,-1.0,,0.0,22,0
522446******9922,2015-05-22 22:12:23,105.0,No,0,0,2015-05-19 22:45:12,4287.183333333333,83.0,0.2650602409638554,22,0
522446******9990,2015-05-30 15:08:35,15.0,No,0,0,,-1.0,,0.0,15,0
522446******9990,2015-05-30 15:08:35,15.0,No,0,0,2015-05-30 15:08:35,0.0,15.0,0.0,15,0
522499******0604,2015-05-06 16:56:00,89.6,No,0,0,,-1.0,,0.0,16,0
522499******0774,2015-05-22 11:53:43,23.0,No,0,0,,-1.0,,0.0,11,0
522499******0774,2015-05-22 11:56:08,23.0,No,0,1,2015-05-22 11:53:43,2.4166666666666665,23.0,0.0,11,0
522499******1279,2015-05-09 21:13:33,23.0,No,0,0,,-1.0,,0.0,21,0
522499******2309,2015-05-22 14:03:50,69.0,No,0,0,,-1.0,,0.0,14,0
522499******2694,2015-05-07 00:32:47,78.28,No,0,0,,-1.0,,0.0,0,1
522499******2694,2015-05-07 00:44:10,27.5,No,0,1,2015-05-07 00:32:47,11.383333333333333,78.28,-0.6486969851814002,0,1
522499******3002,2015-05-11 19:34:21,132.25,No,0,0,,-1.0,,0.0,19,0
522499******4508,2015-05-21 18:11:17,23.0,No,0,0,,-1.0,,0.0,18,0
522499******4711,2015-05-21 19:12:15,46.0,No,0,0,,-1.0,,0.0,19,0
522499******5005,2015-05-14 20:47:24,46.0,No,0,0,,-1.0,,0.0,20,0
522499******5477,2015-05-10 14:39:16,23.0,No,0,0,,-1.0,,0.0,14,0
522499******5809,2015-05-11 16:01:35,23.0,No,0,0,,-1.0,,0.0,16,0
522499******6303,2015-05-08 16:22:49,33.0,No,0,0,,-1.0,,0.0,16,0
522499******6374,2015-05-07 19:26:58,23.0,No,0,0,,-1.0,,0.0,19,0
522499******6900,2015-05-12 10:23:34,132.25,No,0,0,,-1.0,,0.0,10,0
522499******7077,2015-05-09 01:31:03,33.0,No,0,0,,-1.0,,0.0,1,1
522499******7100,2015-05-14 22:30:13,23.0,No,0,0,,-1.0,,0.0,22,0
522499******8682,2015-05-13 18:06:59,120.0,No,0,0,,-1.0,,0.0,18,0
522499******9006,2015-05-29 16:54:13,34.5,No,0,0,,-1.0,,0.0,16,0
522499******9905,2015-05-08 20:54:10,140.0,No,0,0,,-1.0,,0.0,20,0
522815******6073,2015-05-16 08:16:50,93.15,No,0,0,,-1.0,,0.0,8,0
522840******0204,2015-05-13 09:28:05,132.0,No,0,0,,-1.0,,0.0,9,0
522840******0261,2015-05-29 16:34:50,46.0,No,0,0,,-1.0,,0.0,16,0
522840******0738,2015-05-11 14:37:41,104.5,No,0,0,,-1.0,,0.0,14,0
522840******0738,2015-05-15 14:53:25,104.5,No,0,0,2015-05-11 14:37:41,5775.733333333334,104.5,0.0,14,0
522840******0738,2015-05-15 16:16:57,104.5,No,0,1,2015-05-15 14:53:25,83.53333333333333,104.5,0.0,16,0
522840******0862,2015-05-11 12:41:46,154.0,No,0,0,,-1.0,,0.0,12,0
522840******0957,2015-05-11 20:15:55,297.0,No,0,0,,-1.0,,0.0,20,0
522840******1183,2015-05-11 11:03:18,297.0,No,0,0,,-1.0,,0.0,11,0
522840******1183,2015-05-13 09:48:37,154.0,No,0,0,2015-05-11 11:03:18,2805.3166666666666,297.0,-0.4814814814814815,9,0
522840******1183,2015-05-27 21:37:41,132.0,No,0,0,2015-05-13 09:48:37,20869.066666666666,225.5,-0.41463414634146345,21,0
522840******1302,2015-05-15 20:22:15,440.0,No,0,0,,-1.0,,0.0,20,0
522840******1475,2015-05-28 23:07:12,92.0,No,0,0,,-1.0,,0.0,23,1
522840******1475,2015-05-28 23:08:32,92.0,No,0,1,2015-05-28 23:07:12,1.3333333333333333,92.0,0.0,23,1
522840******1517,2015-05-15 08:10:33,154.0,No,0,0,,-1.0,,0.0,8,0
522840******1777,2015-05-20 14:22:22,230.0,No,0,0,,-1.0,,0.0,14,0
522840******1834,2015-05-12 22:49:22,154.0,No,0,0,,-1.0,,0.0,22,0
522840******2309,2015-05-15 14:22:27,154.0,No,0,0,,-1.0,,0.0,14,0
522840******2496,2015-05-11 19:32:21,104.5,No,0,0,,-1.0,,0.0,19,0
522840******2879,2015-05-09 12:22:38,156.8,No,0,0,,-1.0,,0.0,12,0
522840******3156,2015-05-13 18:40:04,103.5,No,0,0,,-1.0,,0.0,18,0
522840******3471,2015-05-09 13:30:51,103.5,No,0,0,,-1.0,,0.0,13,0
522840******3899,2015-05-23 16:18:43,30.0,No,0,0,,-1.0,,0.0,16,0
522840******4045,2015-05-24 22:24:29,30.0,No,0,0,,-1.0,,0.0,22,0
522840******4237,2015-05-22 18:34:53,264.0,No,0,0,,-1.0,,0.0,18,0
522840******4237,2015-05-23 14:42:13,117.6,No,0,1,2015-05-22 18:34:53,1207.3333333333333,264.0,-0.5545454545454546,14,0
522840******4632,2015-05-11 16:28:27,403.2,No,0,0,,-1.0,,0.0,16,0
522840******4789,2015-05-22 18:18:20,132.0,No,0,0,,-1.0,,0.0,18,0
522840******4789,2015-05-22 18:19:55,112.0,No,0,1,2015-05-22 18:18:20,1.5833333333333333,132.0,-0.1515151515151515,18,0
522840******4916,2015-05-25 19:02:40,67.2,No,0,0,,-1.0,,0.0,19,0
522840******5277,2015-05-13 16:30:10,264.0,No,0,0,,-1.0,,0.0,16,0
522840******5283,2015-05-12 01:14:55,156.8,No,0,0,,-1.0,,0.0,1,1
522840******5362,2015-05-07 01:46:48,104.5,No,0,0,,-1.0,,0.0,1,1
522840******5398,2015-05-26 21:08:05,224.0,No,0,0,,-1.0,,0.0,21,0
522840******5542,2015-05-15 18:21:38,154.0,No,0,0,,-1.0,,0.0,18,0
522840******5608,2015-05-06 15:20:23,143.0,No,0,0,,-1.0,,0.0,15,0
522840******5974,2015-05-12 22:19:21,77.0,No,0,0,,-1.0,,0.0,22,0
522840******6038,2015-05-14 20:53:40,154.0,No,0,0,,-1.0,,0.0,20,0
522840******6241,2015-05-14 22:54:53,154.0,No,0,0,,-1.0,,0.0,22,0
522840******6383,2015-05-12 14:19:43,220.0,No,0,0,,-1.0,,0.0,14,0
522840******6549,2015-05-23 17:35:21,35.0,No,0,0,,-1.0,,0.0,17,0
522840******6549,2015-05-28 15:44:17,10.0,No,0,0,2015-05-23 17:35:21,7088.933333333333,35.0,-0.7142857142857143,15,0
522840******7017,2015-05-08 19:26:54,672.0,No,0,0,,-1.0,,0.0,19,0
522840******7362,2015-05-11 12:13:17,78.4,No,0,0,,-1.0,,0.0,12,0
522840******7406,2015-05-29 17:10:15,80.5,No,0,0,,-1.0,,0.0,17,0
522840******7465,2015-05-17 16:35:27,112.0,No,0,0,,-1.0,,0.0,16,0
522840******8081,2015-05-08 17:38:53,220.0,No,0,0,,-1.0,,0.0,17,0
522840******8133,2015-05-22 16:36:46,20.0,No,0,0,,-1.0,,0.0,16,0
522840******8266,2015-05-16 02:37:26,228.0,No,0,0,,-1.0,,0.0,2,1
522840******8322,2015-05-06 13:02:55,138.0,No,0,0,,-1.0,,0.0,13,0
522840******8322,2015-05-11 19:44:19,304.75,No,0,0,2015-05-06 13:02:55,7601.4,138.0,1.2083333333333335,19,0
522840******8929,2015-05-08 01:19:38,286.0,No,0,0,,-1.0,,0.0,1,1
522840******8954,2015-05-10 15:38:09,184.0,No,0,0,,-1.0,,0.0,15,0
522840******9342,2015-05-20 12:21:02,190.4,No,0,0,,-1.0,,0.0,12,0
522840******9349,2015-05-04 12:24:12,168.0,No,0,0,,-1.0,,0.0,12,0
522840******9349,2015-05-28 20:24:04,168.0,No,0,0,2015-05-04 12:24:12,35039.86666666667,168.0,0.0,20,0
522840******9418,2015-05-29 19:44:47,172.5,No,0,0,,-1.0,,0.0,19,0
522840******9460,2015-05-02 20:29:15,104.5,No,0,0,,-1.0,,0.0,20,0
522978******6455,2015-05-06 10:12:56,132.0,No,0,0,,-1.0,,0.0,10,0
522978******6455,2015-05-06 10:35:30,103.5,No,0,1,2015-05-06 10:12:56,22.566666666666666,132.0,-0.21590909090909094,10,0
522978******6743,2015-05-01 14:18:25,143.0,No,0,0,,-1.0,,0.0,14,0
523284******0151,2015-05-15 17:25:09,110.0,No,0,0,,-1.0,,0.0,17,0
523284******0253,2015-05-11 22:58:34,201.25,No,0,0,,-1.0,,0.0,22,0
523284******0461,2015-05-12 13:05:31,46.0,No,0,0,,-1.0,,0.0,13,0
523284******0631,2015-05-06 17:06:42,112.0,No,0,0,,-1.0,,0.0,17,0
523284******0631,2015-05-06 17:34:20,112.0,No,0,1,2015-05-06 17:06:42,27.633333333333333,112.0,0.0,17,0
523284******0638,2015-05-12 22:18:16,78.4,No,0,0,,-1.0,,0.0,22,0
523284******0744,2015-05-28 16:12:19,55.0,No,0,0,,-1.0,,0.0,16,0
523284******1161,2015-05-27 23:33:08,88.0,No,0,0,,-1.0,,0.0,23,1
523284******1177,2015-05-30 20:46:00,190.4,No,0,0,,-1.0,,0.0,20,0
523284******1177,2015-05-30 20:46:00,190.4,No,0,0,2015-05-30 20:46:00,0.0,190.4,0.0,20,0
523284******1266,2015-05-29 19:38:38,34.5,No,0,0,,-1.0,,0.0,19,0
523284******1500,2015-05-15 15:16:28,16.5,No,0,0,,-1.0,,0.0,15,0
523284******1830,2015-05-08 10:19:24,268.9,No,0,0,,-1.0,,0.0,10,0
523284******1880,2015-05-11 12:29:36,89.6,No,0,0,,-1.0,,0.0,12,0
523284******1880,2015-05-11 17:32:36,89.6,No,0,1,2015-05-11 12:29:36,303.0,89.6,0.0,17,0
523284******1911,2015-05-30 20:24:35,100.0,No,0,0,,-1.0,,0.0,20,0
523284******1911,2015-05-30 20:24:35,100.0,No,0,0,2015-05-30 20:24:35,0.0,100.0,0.0,20,0
523284******2030,2015-05-06 09:49:05,198.0,No,0,0,,-1.0,,0.0,9,0
523284******2175,2015-05-14 22:11:54,46.0,No,0,0,,-1.0,,0.0,22,0
523284******2225,2015-05-11 12:09:50,78.4,No,0,0,,-1.0,,0.0,12,0
523284******2300,2015-05-06 19:44:29,440.0,No,0,0,,-1.0,,0.0,19,0
523284******2387,2015-05-30 13:53:56,99.0,No,0,0,,-1.0,,0.0,13,0
523284******2409,2015-05-09 17:37:23,34.5,No,0,0,,-1.0,,0.0,17,0
523284******2409,2015-05-09 17:42:56,69.0,No,0,1,2015-05-09 17:37:23,5.55,34.5,1.0,17,0
523284******2409,2015-05-14 14:59:20,77.0,No,0,0,2015-05-09 17:42:56,7036.4,51.75,0.4879227053140096,14,0
523284******2525,2015-05-19 09:48:01,69.0,No,0,0,,-1.0,,0.0,9,0
523284******2623,2015-05-29 12:24:42,132.0,No,0,0,,-1.0,,0.0,12,0
523284******2721,2015-05-06 10:51:13,48.72,No,0,0,,-1.0,,0.0,10,0
523284******3000,2015-05-14 13:58:07,46.0,No,0,0,,-1.0,,0.0,13,0
523284******3036,2015-05-07 17:37:05,35.53,No,0,0,,-1.0,,0.0,17,0
523284******3052,2015-05-28 11:32:48,242.0,No,0,0,,-1.0,,0.0,11,0
523284******3084,2015-05-29 20:59:59,20.0,No,0,0,,-1.0,,0.0,20,0
523284******3168,2015-05-04 13:50:57,123.3,No,0,0,,-1.0,,0.0,13,0
523284******3168,2015-05-28 17:03:36,77.0,No,0,0,2015-05-04 13:50:57,34752.65,123.3,-0.37550689375506896,17,0
523284******3373,2015-05-10 20:39:51,46.0,No,0,0,,-1.0,,0.0,20,0
523284******3373,2015-05-14 21:05:45,46.0,No,0,0,2015-05-10 20:39:51,5785.9,46.0,0.0,21,0
523284******3378,2015-05-20 12:47:50,313.6,No,0,0,,-1.0,,0.0,12,0
523284******3411,2015-05-11 12:39:36,104.5,No,0,0,,-1.0,,0.0,12,0
523284******3481,2015-05-20 13:10:15,20.0,No,0,0,,-1.0,,0.0,13,0
523284******3522,2015-05-06 09:44:51,132.0,No,0,0,,-1.0,,0.0,9,0
523284******3558,2015-05-05 21:21:21,143.0,No,0,0,,-1.0,,0.0,21,0
523284******3585,2015-05-13 13:18:43,62.1,No,0,0,,-1.0,,0.0,13,0
523284******3624,2015-05-19 09:31:01,49.5,No,0,0,,-1.0,,0.0,9,0
523284******3706,2015-05-07 15:25:05,172.5,No,0,0,,-1.0,,0.0,15,0
523284******4248,2015-05-08 17:39:55,77.0,No,0,0,,-1.0,,0.0,17,0
523284******4772,2015-05-05 21:25:49,18.34,No,0,0,,-1.0,,0.0,21,0
523284******4838,2015-05-14 10:08:29,21.6,No,0,0,,-1.0,,0.0,10,0
523284******4886,2015-05-11 20:48:55,258.5,No,0,0,,-1.0,,0.0,20,0
523284******4903,2015-05-03 19:25:48,143.0,No,0,0,,-1.0,,0.0,19,0
523284******5057,2015-05-13 14:30:13,78.4,No,0,0,,-1.0,,0.0,14,0
523284******5140,2015-05-25 22:10:20,89.6,No,0,0,,-1.0,,0.0,22,0
523284******5259,2015-05-06 09:33:17,132.0,No,0,0,,-1.0,,0.0,9,0
523284******5483,2015-05-15 16:42:01,280.0,No,0,0,,-1.0,,0.0,16,0
523284******5634,2015-05-11 12:40:11,154.0,No,0,0,,-1.0,,0.0,12,0
523284******5634,2015-05-11 12:57:03,154.0,No,0,1,2015-05-11 12:40:11,16.866666666666667,154.0,0.0,12,0
523284******5751,2015-05-13 06:48:12,154.0,No,0,0,,-1.0,,0.0,6,0
523284******6034,2015-05-06 13:39:31,138.0,No,0,0,,-1.0,,0.0,13,0
523284******6212,2015-05-25 11:24:15,50.0,No,0,0,,-1.0,,0.0,11,0
523284******6212,2015-05-29 15:44:54,25.37,No,0,0,2015-05-25 11:24:15,6020.65,50.0,-0.4925999999999999,15,0
523284******6226,2015-05-16 11:31:50,16.5,No,0,0,,-1.0,,0.0,11,0
523284******6463,2015-05-25 11:28:39,102.6,No,0,0,,-1.0,,0.0,11,0
523284******6623,2015-05-13 14:29:32,55.0,No,0,0,,-1.0,,0.0,14,0
523284******6647,2015-05-06 00:42:53,104.5,No,0,0,,-1.0,,0.0,0,1
523284******6647,2015-05-11 14:06:02,78.4,No,0,0,2015-05-06 00:42:53,8003.15,104.5,-0.24976076555023918,14,0
523284******6858,2015-05-14 21:04:40,66.0,No,0,0,,-1.0,,0.0,21,0
523284******6971,2015-05-27 18:02:49,88.0,No,0,0,,-1.0,,0.0,18,0
523284******7016,2015-05-20 18:05:03,15.0,No,0,0,,-1.0,,0.0,18,0
523284******7072,2015-05-16 23:16:37,49.5,No,0,0,,-1.0,,0.0,23,1
523284******7345,2015-05-06 14:41:45,138.0,No,0,0,,-1.0,,0.0,14,0
523284******7631,2015-05-29 18:37:02,46.0,No,0,0,,-1.0,,0.0,18,0
523284******7688,2015-05-22 13:12:16,23.0,No,0,0,,-1.0,,0.0,13,0
523284******7847,2015-05-16 14:37:30,70.0,No,0,0,,-1.0,,0.0,14,0
523284******8231,2015-05-12 13:38:12,55.0,No,0,0,,-1.0,,0.0,13,0
523284******8231,2015-05-15 11:23:14,77.0,No,0,0,2015-05-12 13:38:12,4185.033333333334,55.0,0.3999999999999999,11,0
523284******8377,2015-05-15 12:48:43,106.4,No,0,0,,-1.0,,0.0,12,0
523284******8591,2015-05-28 12:39:13,67.2,No,0,0,,-1.0,,0.0,12,0
523284******8761,2015-05-29 16:35:48,88.0,No,0,0,,-1.0,,0.0,16,0
523284******8983,2015-05-06 11:43:37,257.6,No,0,0,,-1.0,,0.0,11,0
523284******8983,2015-05-11 18:18:11,78.4,No,0,0,2015-05-06 11:43:37,7594.566666666667,257.6,-0.6956521739130435,18,0
523284******9062,2015-05-08 12:33:12,92.0,No,0,0,,-1.0,,0.0,12,0
523284******9458,2015-05-05 22:06:21,99.0,No,0,0,,-1.0,,0.0,22,0
523284******9472,2015-05-26 15:54:00,34.5,No,0,0,,-1.0,,0.0,15,0
523284******9487,2015-05-26 18:36:06,179.2,No,0,0,,-1.0,,0.0,18,0
523284******9548,2015-05-14 20:48:48,23.0,No,0,0,,-1.0,,0.0,20,0
523284******9560,2015-05-21 13:38:04,62.69,No,0,0,,-1.0,,0.0,13,0
523284******9709,2015-05-07 17:55:17,23.35,No,0,0,,-1.0,,0.0,17,0
523284******9739,2015-05-05 11:21:03,46.69,No,0,0,,-1.0,,0.0,11,0
523284******9872,2015-05-16 13:12:03,179.2,No,0,0,,-1.0,,0.0,13,0
523284******9884,2015-05-14 23:32:36,140.0,No,0,0,,-1.0,,0.0,23,1
523575******7022,2015-05-05 00:44:01,168.0,No,0,0,,-1.0,,0.0,0,1
524703******4670,2015-05-13 18:50:42,99.0,No,0,0,,-1.0,,0.0,18,0
524703******7273,2015-05-24 22:14:58,20.0,No,0,0,,-1.0,,0.0,22,0
524820******0293,2015-05-22 09:21:01,50.75,No,0,0,,-1.0,,0.0,9,0
524820******0520,2015-05-21 18:41:19,23.0,No,0,0,,-1.0,,0.0,18,0
524820******0618,2015-05-07 22:10:12,58.66,No,0,0,,-1.0,,0.0,22,0
524820******0619,2015-05-24 08:45:44,20.0,No,0,0,,-1.0,,0.0,8,0
524820******0654,2015-05-22 13:03:47,115.0,No,0,0,,-1.0,,0.0,13,0
524820******0778,2015-05-03 20:46:22,34.5,No,0,0,,-1.0,,0.0,20,0
524820******1048,2015-05-29 20:06:29,165.0,No,0,0,,-1.0,,0.0,20,0
524820******1172,2015-05-11 23:37:13,27.5,No,0,0,,-1.0,,0.0,23,1
524820******1279,2015-05-23 18:46:51,46.0,No,0,0,,-1.0,,0.0,18,0
524820******1718,2015-05-05 00:37:27,143.0,No,0,0,,-1.0,,0.0,0,1
524820******1719,2015-05-15 22:56:58,264.0,No,0,0,,-1.0,,0.0,22,0
524820******2091,2015-05-19 15:31:33,34.5,No,0,0,,-1.0,,0.0,15,0
524820******2493,2015-05-16 18:30:13,100.8,Yes,1,0,,-1.0,,0.0,18,0
524820******2933,2015-05-13 00:49:19,154.0,No,0,0,,-1.0,,0.0,0,1
524820******3170,2015-05-28 17:31:29,220.0,No,0,0,,-1.0,,0.0,17,0
524820******3327,2015-05-06 20:20:51,66.0,No,0,0,,-1.0,,0.0,20,0
524820******3471,2015-05-18 23:37:52,121.0,No,0,0,,-1.0,,0.0,23,1
524820******3547,2015-05-10 22:43:46,77.0,No,0,0,,-1.0,,0.0,22,0
524820******3568,2015-05-21 20:23:44,49.5,No,0,0,,-1.0,,0.0,20,0
524820******3568,2015-05-25 18:19:04,38.5,No,0,0,2015-05-21 20:23:44,5635.333333333333,49.5,-0.2222222222222222,18,0
524820******3568,2015-05-26 17:16:59,38.5,No,0,1,2015-05-25 18:19:04,1377.9166666666667,44.0,-0.125,17,0
524820******3758,2015-05-06 09:41:37,132.0,No,0,0,,-1.0,,0.0,9,0
524820******4154,2015-05-12 20:14:53,27.5,No,0,0,,-1.0,,0.0,20,0
524820******4721,2015-05-20 18:11:37,92.0,No,0,0,,-1.0,,0.0,18,0
524820******4794,2015-05-17 23:02:41,88.0,No,0,0,,-1.0,,0.0,23,1
524820******5095,2015-05-11 13:22:51,22.65,No,0,0,,-1.0,,0.0,13,0
524820******5095,2015-05-13 11:17:15,110.0,No,0,0,2015-05-11 13:22:51,2754.4,22.65,3.856512141280353,11,0
524820******5132,2015-05-05 10:24:16,34.5,No,0,0,,-1.0,,0.0,10,0
524820******5285,2015-05-29 17:57:52,69.0,No,0,0,,-1.0,,0.0,17,0
524820******5416,2015-05-29 18:56:40,99.0,No,0,0,,-1.0,,0.0,18,0
524820******5481,2015-05-15 20:28:29,330.0,No,0,0,,-1.0,,0.0,20,0
524820******5586,2015-05-21 22:28:36,23.0,No,0,0,,-1.0,,0.0,22,0
524820******5632,2015-05-15 17:39:21,99.0,No,0,0,,-1.0,,0.0,17,0
524820******5868,2015-05-08 23:45:53,62.1,No,0,0,,-1.0,,0.0,23,1
524820******5949,2015-05-25 19:31:10,77.0,Yes,1,0,,-1.0,,0.0,19,0
524820******6090,2015-05-15 10:37:23,198.0,No,0,0,,-1.0,,0.0,10,0
524820******6200,2015-05-02 12:43:05,16.5,No,0,0,,-1.0,,0.0,12,0
524820******6200,2015-05-02 13:12:07,33.0,No,0,1,2015-05-02 12:43:05,29.033333333333335,16.5,1.0,13,0
524820******6313,2015-05-18 11:07:58,89.6,No,0,0,,-1.0,,0.0,11,0
524820******6313,2015-05-28 17:06:45,99.0,No,0,0,2015-05-18 11:07:58,14758.783333333333,89.6,0.10491071428571441,17,0
524820******6714,2015-05-10 19:44:11,92.0,No,0,0,,-1.0,,0.0,19,0
524820******6714,2015-05-14 15:51:31,92.0,No,0,0,2015-05-10 19:44:11,5527.333333333333,92.0,0.0,15,0
524820******6719,2015-05-20 22:27:25,50.75,No,0,0,,-1.0,,0.0,22,0
524820******7116,2015-05-15 08:58:05,60.0,No,0,0,,-1.0,,0.0,8,0
524820******7197,2015-05-08 21:54:09,92.0,No,0,0,,-1.0,,0.0,21,0
524820******7690,2015-05-12 21:31:18,154.0,No,0,0,,-1.0,,0.0,21,0
524820******7739,2015-05-11 19:06:52,132.25,No,0,0,,-1.0,,0.0,19,0
524820******7751,2015-05-19 22:23:47,165.0,No,0,0,,-1.0,,0.0,22,0
524820******7758,2015-05-27 23:28:25,88.0,No,0,0,,-1.0,,0.0,23,1
524820******8158,2015-05-16 12:43:44,33.0,No,0,0,,-1.0,,0.0,12,0
524820******8388,2015-05-15 12:40:17,154.0,No,0,0,,-1.0,,0.0,12,0
524820******8487,2015-05-12 21:19:16,231.0,No,0,0,,-1.0,,0.0,21,0
524820******8570,2015-05-16 13:01:48,330.0,No,0,0,,-1.0,,0.0,13,0
524820******8625,2015-05-20 17:45:23,92.0,No,0,0,,-1.0,,0.0,17,0
524820******8730,2015-05-29 17:17:08,46.0,No,0,0,,-1.0,,0.0,17,0
524820******9001,2015-05-11 13:17:22,78.4,No,0,0,,-1.0,,0.0,13,0
524820******9300,2015-05-04 23:00:04,92.0,No,0,0,,-1.0,,0.0,23,1
524820******9912,2015-05-26 16:23:50,89.6,No,0,0,,-1.0,,0.0,16,0
525320******0220,2015-05-19 21:25:15,89.6,No,0,0,,-1.0,,0.0,21,0
525320******0359,2015-05-28 13:16:42,100.0,No,0,0,,-1.0,,0.0,13,0
525320******0393,2015-05-15 20:03:54,66.99,No,0,0,,-1.0,,0.0,20,0
525320******0958,2015-05-10 18:52:06,23.0,No,0,0,,-1.0,,0.0,18,0
525320******1659,2015-05-21 23:25:30,69.0,No,0,0,,-1.0,,0.0,23,1
525320******4647,2015-05-29 10:47:09,34.5,No,0,0,,-1.0,,0.0,10,0
525320******5998,2015-05-22 18:05:21,34.5,No,0,0,,-1.0,,0.0,18,0
525320******6624,2015-05-13 10:36:58,330.0,No,0,0,,-1.0,,0.0,10,0
525320******7548,2015-05-14 20:41:03,16.5,No,0,0,,-1.0,,0.0,20,0
525320******7833,2015-05-22 15:20:43,27.0,No,0,0,,-1.0,,0.0,15,0
525320******7833,2015-05-22 21:57:51,27.0,No,0,1,2015-05-22 15:20:43,397.1333333333333,27.0,0.0,21,0
525320******8487,2015-05-16 20:19:29,33.0,No,0,0,,-1.0,,0.0,20,0
525496******1000,2015-05-15 06:21:26,55.0,No,0,0,,-1.0,,0.0,6,0
525496******3643,2015-05-07 17:45:47,69.0,No,0,0,,-1.0,,0.0,17,0
525496******3743,2015-05-22 17:50:37,120.0,No,0,0,,-1.0,,0.0,17,0
525496******4041,2015-05-06 09:33:57,99.0,No,0,0,,-1.0,,0.0,9,0
525496******4847,2015-05-13 21:53:35,345.5,No,0,0,,-1.0,,0.0,21,0
525496******6892,2015-05-12 17:52:21,156.8,No,0,0,,-1.0,,0.0,17,0
525496******7288,2015-05-13 15:21:35,223.29,No,0,0,,-1.0,,0.0,15,0
525496******7775,2015-05-01 15:21:01,336.0,No,0,0,,-1.0,,0.0,15,0
525496******7856,2015-05-14 01:33:08,60.0,No,0,0,,-1.0,,0.0,1,1
525496******8287,2015-05-29 13:54:09,55.0,No,0,0,,-1.0,,0.0,13,0
525496******9379,2015-05-25 19:25:04,34.5,No,0,0,,-1.0,,0.0,19,0
525631******0102,2015-05-16 11:51:55,70.0,No,0,0,,-1.0,,0.0,11,0
525631******0422,2015-05-27 20:06:11,11.65,No,0,0,,-1.0,,0.0,20,0
525631******0879,2015-05-29 10:19:29,20.0,No,0,0,,-1.0,,0.0,10,0
525631******1571,2015-05-21 21:58:35,25.0,No,0,0,,-1.0,,0.0,21,0
525631******1712,2015-05-27 08:47:51,10.0,No,0,0,,-1.0,,0.0,8,0
525631******2284,2015-05-13 00:05:21,145.6,No,0,0,,-1.0,,0.0,0,1
525631******2284,2015-05-14 20:52:16,145.6,No,0,0,2015-05-13 00:05:21,2686.9166666666665,145.6,0.0,20,0
525631******2307,2015-05-16 12:17:49,72.0,No,0,0,,-1.0,,0.0,12,0
525631******2307,2015-05-28 14:40:41,110.0,No,0,0,2015-05-16 12:17:49,17422.866666666665,72.0,0.5277777777777777,14,0
525631******3232,2015-05-11 14:50:11,16.5,No,0,0,,-1.0,,0.0,14,0
525631******3517,2015-05-22 11:56:32,48.07,No,0,0,,-1.0,,0.0,11,0
525631******3517,2015-05-22 12:29:36,35.0,No,0,1,2015-05-22 11:56:32,33.06666666666667,48.07,-0.27189515290201793,12,0
525631******4226,2015-05-21 10:48:28,74.85,No,0,0,,-1.0,,0.0,10,0
525631******4794,2015-05-04 16:16:52,92.0,No,0,0,,-1.0,,0.0,16,0
525631******5011,2015-05-12 18:27:17,46.43,No,0,0,,-1.0,,0.0,18,0
525631******5226,2015-05-12 11:14:23,77.0,No,0,0,,-1.0,,0.0,11,0
525631******5319,2015-05-07 14:01:53,52.53,No,0,0,,-1.0,,0.0,14,0
525631******5319,2015-05-09 17:16:03,34.5,No,0,0,2015-05-07 14:01:53,3074.1666666666665,52.53,-0.34323243860651054,17,0
525631******5513,2015-05-21 08:52:49,58.36,No,0,0,,-1.0,,0.0,8,0
525631******5618,2015-05-30 13:33:04,20.0,No,0,0,,-1.0,,0.0,13,0
525631******5706,2015-05-01 14:40:31,15.8,No,0,0,,-1.0,,0.0,14,0
525631******5773,2015-05-15 14:56:01,33.0,No,0,0,,-1.0,,0.0,14,0
525631******7027,2015-05-12 11:54:19,121.0,No,0,0,,-1.0,,0.0,11,0
525631******7693,2015-05-08 10:11:23,46.0,No,0,0,,-1.0,,0.0,10,0
525631******7718,2015-05-27 08:23:35,187.0,No,0,0,,-1.0,,0.0,8,0
525631******7801,2015-05-16 17:40:55,46.0,No,0,0,,-1.0,,0.0,17,0
525631******7801,2015-05-22 19:05:14,23.0,No,0,0,2015-05-16 17:40:55,8724.316666666668,46.0,-0.5,19,0
525631******7876,2015-05-13 23:37:12,154.0,No,0,0,,-1.0,,0.0,23,1
525631******8613,2015-05-05 19:42:49,88.0,No,0,0,,-1.0,,0.0,19,0
525631******9288,2015-05-19 20:01:28,10.0,No,0,0,,-1.0,,0.0,20,0
525631******9411,2015-05-11 20:16:31,46.0,No,0,0,,-1.0,,0.0,20,0
525631******9806,2015-05-16 02:05:17,16.5,No,0,0,,-1.0,,0.0,2,1
525662******0054,2015-05-06 20:31:57,34.5,No,0,0,,-1.0,,0.0,20,0
525662******0411,2015-05-29 10:46:57,92.0,No,0,0,,-1.0,,0.0,10,0
525662******0777,2015-05-30 11:21:56,10.0,No,0,0,,-1.0,,0.0,11,0
525662******0903,2015-05-07 10:11:12,67.2,No,0,0,,-1.0,,0.0,10,0
525662******1185,2015-05-29 09:33:58,34.5,No,0,0,,-1.0,,0.0,9,0
525662******1301,2015-05-26 15:09:20,308.0,Yes,1,0,,-1.0,,0.0,15,0
525662******1301,2015-05-26 15:13:35,78.15,Yes,1,1,2015-05-26 15:09:20,4.25,308.0,-0.7462662337662338,15,0
525662******1301,2015-05-26 15:29:22,308.0,Yes,1,2,2015-05-26 15:13:35,15.783333333333333,193.075,0.5952350123009194,15,0
525662******1301,2015-05-26 15:33:43,154.0,Yes,1,3,2015-05-26 15:29:22,4.35,231.38333333333333,-0.33443780162789016,15,0
525662******1619,2015-05-16 16:33:25,138.0,No,0,0,,-1.0,,0.0,16,0
525662******1704,2015-05-25 21:29:44,49.5,No,0,0,,-1.0,,0.0,21,0
525662******1780,2015-05-28 18:25:45,34.5,No,0,0,,-1.0,,0.0,18,0
525662******1780,2015-05-29 11:04:55,34.5,No,0,1,2015-05-28 18:25:45,999.1666666666666,34.5,0.0,11,0
525662******1871,2015-05-28 09:23:48,37.77,No,0,0,,-1.0,,0.0,9,0
525662******2031,2015-05-20 18:54:54,46.0,No,0,0,,-1.0,,0.0,18,0
525662******2058,2015-05-25 20:48:05,224.0,No,0,0,,-1.0,,0.0,20,0
525662******2227,2015-05-11 14:13:10,134.4,No,0,0,,-1.0,,0.0,14,0
525662******2402,2015-05-16 20:47:06,16.5,No,0,0,,-1.0,,0.0,20,0
525662******2658,2015-05-12 18:49:33,16.5,No,0,0,,-1.0,,0.0,18,0
525662******2671,2015-05-06 23:44:29,572.0,No,0,0,,-1.0,,0.0,23,1
525662******2671,2015-05-06 23:45:18,572.0,No,0,1,2015-05-06 23:44:29,0.8166666666666667,572.0,0.0,23,1
525662******2699,2015-05-12 10:32:32,92.0,No,0,0,,-1.0,,0.0,10,0
525662******2942,2015-05-10 18:04:03,143.0,No,0,0,,-1.0,,0.0,18,0
525662******3261,2015-05-11 21:35:43,78.4,No,0,0,,-1.0,,0.0,21,0
525662******3553,2015-05-15 20:16:58,50.75,No,0,0,,-1.0,,0.0,20,0
525662******3746,2015-05-07 14:00:10,78.4,No,0,0,,-1.0,,0.0,14,0
525662******3757,2015-05-28 09:22:03,92.0,No,0,0,,-1.0,,0.0,9,0
525662******3844,2015-05-20 11:28:24,166.0,No,0,0,,-1.0,,0.0,11,0
525662******4231,2015-05-12 11:51:18,154.0,No,0,0,,-1.0,,0.0,11,0
525662******4298,2015-05-12 08:22:44,156.8,No,0,0,,-1.0,,0.0,8,0
525662******4298,2015-05-12 23:28:09,134.4,No,0,1,2015-05-12 08:22:44,905.4166666666666,156.8,-0.1428571428571429,23,1
525662******4659,2015-05-06 19:32:00,69.0,No,0,0,,-1.0,,0.0,19,0
525662******4820,2015-05-08 16:19:25,156.8,No,0,0,,-1.0,,0.0,16,0
525662******4984,2015-05-15 19:41:15,36.66,Yes,1,0,,-1.0,,0.0,19,0
525662******4984,2015-05-15 19:43:59,36.66,Yes,1,1,2015-05-15 19:41:15,2.7333333333333334,36.66,0.0,19,0
525662******4984,2015-05-15 19:45:32,18.34,Yes,1,2,2015-05-15 19:43:59,1.55,36.66,-0.49972722313147844,19,0
525662******4984,2015-05-15 19:46:57,18.34,Yes,1,3,2015-05-15 19:45:32,1.4166666666666667,30.55333333333333,-0.3997381627754746,19,0
525662******4984,2015-05-16 22:55:10,31.59,Yes,1,0,2015-05-15 19:46:57,1628.2166666666667,27.5,0.14872727272727282,22,0
525662******4984,2015-05-16 22:56:28,31.59,Yes,1,1,2015-05-16 22:55:10,1.3,28.318,0.1155448831132142,22,0
525662******5024,2015-05-22 16:25:27,80.5,No,0,0,,-1.0,,0.0,16,0
525662******5295,2015-05-11 11:42:10,156.8,No,0,0,,-1.0,,0.0,11,0
525662******5443,2015-05-07 10:03:16,115.5,No,0,0,,-1.0,,0.0,10,0
525662******5566,2015-05-12 22:54:38,49.5,No,0,0,,-1.0,,0.0,22,0
525662******5592,2015-05-27 10:25:20,126.5,No,0,0,,-1.0,,0.0,10,0
525662******6367,2015-05-06 21:32:17,69.0,No,0,0,,-1.0,,0.0,21,0
525662******6371,2015-05-19 13:45:36,69.0,No,0,0,,-1.0,,0.0,13,0
525662******6415,2015-05-26 15:19:34,34.33,No,0,0,,-1.0,,0.0,15,0
525662******7291,2015-05-07 10:03:24,176.0,No,0,0,,-1.0,,0.0,10,0
525662******7407,2015-05-06 16:45:40,207.0,No,0,0,,-1.0,,0.0,16,0
525662******7407,2015-05-14 09:37:14,220.0,No,0,0,2015-05-06 16:45:40,11091.566666666668,207.0,0.06280193236714982,9,0
525662******7548,2015-05-18 19:41:39,100.48,No,0,0,,-1.0,,0.0,19,0
525662******7848,2015-05-28 09:38:58,99.0,No,0,0,,-1.0,,0.0,9,0
525662******7848,2015-05-28 10:55:23,99.0,No,0,1,2015-05-28 09:38:58,76.41666666666667,99.0,0.0,10,0
525662******8163,2015-05-08 19:44:58,70.0,No,0,0,,-1.0,,0.0,19,0
525662******8274,2015-05-20 16:12:21,34.5,No,0,0,,-1.0,,0.0,16,0
525662******8694,2015-05-21 21:29:02,220.0,No,0,0,,-1.0,,0.0,21,0
525662******8770,2015-05-07 11:08:25,34.5,No,0,0,,-1.0,,0.0,11,0
525662******8823,2015-05-22 17:58:44,69.0,No,0,0,,-1.0,,0.0,17,0
525662******9012,2015-05-04 18:28:22,47.37,No,0,0,,-1.0,,0.0,18,0
525662******9012,2015-05-29 18:54:57,46.0,No,0,0,2015-05-04 18:28:22,36026.583333333336,47.37,-0.028921258180282794,18,0
525662******9172,2015-05-08 16:05:35,46.0,No,0,0,,-1.0,,0.0,16,0
525662******9478,2015-05-11 12:04:54,92.0,No,0,0,,-1.0,,0.0,12,0
525662******9478,2015-05-12 17:14:32,92.0,No,0,0,2015-05-11 12:04:54,1749.6333333333334,92.0,0.0,17,0
525662******9701,2015-05-25 15:28:48,46.0,No,0,0,,-1.0,,0.0,15,0
525662******9918,2015-05-11 16:58:44,156.8,No,0,0,,-1.0,,0.0,16,0
525663******0043,2015-05-11 11:36:57,78.4,No,0,0,,-1.0,,0.0,11,0
525663******0043,2015-05-11 19:39:34,156.8,No,0,1,2015-05-11 11:36:57,482.6166666666667,78.4,1.0,19,0
525663******0064,2015-05-14 08:37:09,134.4,No,0,0,,-1.0,,0.0,8,0
525663******0064,2015-05-20 15:01:48,56.0,No,0,0,2015-05-14 08:37:09,9024.65,134.4,-0.5833333333333334,15,0
525663******0079,2015-05-13 18:17:14,62.1,No,0,0,,-1.0,,0.0,18,0
525663******0184,2015-05-22 21:53:49,27.0,No,0,0,,-1.0,,0.0,21,0
525663******0456,2015-05-05 16:17:54,209.0,No,0,0,,-1.0,,0.0,16,0
525663******0552,2015-05-12 13:52:24,77.0,No,0,0,,-1.0,,0.0,13,0
525663******0552,2015-05-14 01:07:40,99.0,No,0,0,2015-05-12 13:52:24,2115.266666666667,77.0,0.2857142857142858,1,1
525663******0597,2015-05-15 10:45:48,132.0,No,0,0,,-1.0,,0.0,10,0
525663******0610,2015-05-09 16:37:23,66.0,No,0,0,,-1.0,,0.0,16,0
525663******0713,2015-05-24 21:45:43,112.0,No,0,0,,-1.0,,0.0,21,0
525663******0713,2015-05-24 21:47:58,89.6,No,0,1,2015-05-24 21:45:43,2.25,112.0,-0.20000000000000007,21,0
525663******0827,2015-05-29 10:43:09,15.0,No,0,0,,-1.0,,0.0,10,0
525663******0866,2015-05-14 14:30:41,89.6,No,0,0,,-1.0,,0.0,14,0
525663******0939,2015-05-21 12:16:59,121.0,No,0,0,,-1.0,,0.0,12,0
525663******1025,2015-05-06 00:33:39,207.0,No,0,0,,-1.0,,0.0,0,1
525663******1025,2015-05-06 00:34:36,253.0,No,0,1,2015-05-06 00:33:39,0.95,207.0,0.22222222222222232,0,1
525663******1097,2015-05-16 17:59:37,275.0,No,0,0,,-1.0,,0.0,17,0
525663******1209,2015-05-21 17:51:13,46.0,No,0,0,,-1.0,,0.0,17,0
525663******1209,2015-05-21 18:12:03,46.0,No,0,1,2015-05-21 17:51:13,20.833333333333332,46.0,0.0,18,0
525663******1422,2015-05-14 21:32:13,23.0,No,0,0,,-1.0,,0.0,21,0
525663******1428,2015-05-05 12:27:28,15.8,No,0,0,,-1.0,,0.0,12,0
525663******1454,2015-05-20 14:45:20,89.6,No,0,0,,-1.0,,0.0,14,0
525663******1486,2015-05-07 11:06:12,34.5,No,0,0,,-1.0,,0.0,11,0
525663******1528,2015-05-15 19:39:28,198.0,No,0,0,,-1.0,,0.0,19,0
525663******1609,2015-05-04 19:16:56,99.0,No,0,0,,-1.0,,0.0,19,0
525663******1708,2015-05-11 22:12:08,132.25,No,0,0,,-1.0,,0.0,22,0
525663******1834,2015-05-14 11:09:29,92.0,No,0,0,,-1.0,,0.0,11,0
525663******1834,2015-05-14 22:55:19,92.0,No,0,1,2015-05-14 11:09:29,705.8333333333334,92.0,0.0,22,0
525663******1897,2015-05-19 22:52:04,88.0,No,0,0,,-1.0,,0.0,22,0
525663******2048,2015-05-27 22:06:35,187.0,No,0,0,,-1.0,,0.0,22,0
525663******2080,2015-05-19 13:15:36,10.0,No,0,0,,-1.0,,0.0,13,0
525663******2080,2015-05-20 20:41:28,10.0,No,0,0,2015-05-19 13:15:36,1885.8666666666666,10.0,0.0,20,0
525663******2149,2015-05-12 12:17:42,123.3,No,0,0,,-1.0,,0.0,12,0
525663******2196,2015-05-06 09:33:30,198.0,No,0,0,,-1.0,,0.0,9,0
525663******2216,2015-05-28 17:50:08,86.0,No,0,0,,-1.0,,0.0,17,0
525663******2235,2015-05-14 07:37:50,112.0,No,0,0,,-1.0,,0.0,7,0
525663******2237,2015-05-27 17:47:21,69.0,No,0,0,,-1.0,,0.0,17,0
525663******2263,2015-05-11 10:50:55,104.5,No,0,0,,-1.0,,0.0,10,0
525663******2306,2015-05-09 10:03:47,156.8,No,0,0,,-1.0,,0.0,10,0
525663******2401,2015-05-26 23:36:51,46.0,No,0,0,,-1.0,,0.0,23,1
525663******2430,2015-05-28 19:10:12,99.0,No,0,0,,-1.0,,0.0,19,0
525663******2453,2015-05-26 22:28:29,403.2,No,0,0,,-1.0,,0.0,22,0
525663******2468,2015-05-04 14:49:28,80.5,No,0,0,,-1.0,,0.0,14,0
525663******2468,2015-05-15 21:54:00,145.6,No,0,0,2015-05-04 14:49:28,16264.533333333333,80.5,0.808695652173913,21,0
525663******2468,2015-05-28 21:17:08,123.2,No,0,0,2015-05-15 21:54:00,18683.133333333335,113.05,0.08978328173374628,21,0
525663******2512,2015-05-12 07:33:40,104.5,No,0,0,,-1.0,,0.0,7,0
525663******2630,2015-05-28 22:28:43,172.5,No,0,0,,-1.0,,0.0,22,0
525663******2896,2015-05-11 15:04:26,104.5,No,0,0,,-1.0,,0.0,15,0
525663******2911,2015-05-29 12:06:47,92.0,No,0,0,,-1.0,,0.0,12,0
525663******2946,2015-05-13 19:48:34,78.4,No,0,0,,-1.0,,0.0,19,0
525663******3213,2015-05-29 16:53:11,80.5,No,0,0,,-1.0,,0.0,16,0
525663******3347,2015-05-11 13:04:36,78.4,No,0,0,,-1.0,,0.0,13,0
525663******3347,2015-05-13 17:16:52,78.4,No,0,0,2015-05-11 13:04:36,3132.266666666667,78.4,0.0,17,0
525663******3475,2015-05-06 09:18:09,92.0,No,0,0,,-1.0,,0.0,9,0
525663******3545,2015-05-09 12:48:27,62.1,No,0,0,,-1.0,,0.0,12,0
525663******3637,2015-05-12 20:21:16,78.4,No,0,0,,-1.0,,0.0,20,0
525663******3659,2015-05-05 15:17:14,115.0,No,0,0,,-1.0,,0.0,15,0
525663******3772,2015-05-12 14:35:55,31.05,No,0,0,,-1.0,,0.0,14,0
525663******3799,2015-05-27 21:24:56,88.0,No,0,0,,-1.0,,0.0,21,0
525663******3946,2015-05-28 19:38:26,138.0,No,0,0,,-1.0,,0.0,19,0
525663******4006,2015-05-13 01:35:58,33.0,No,0,0,,-1.0,,0.0,1,1
525663******4117,2015-05-07 10:02:57,115.5,No,0,0,,-1.0,,0.0,10,0
525663******4171,2015-05-21 13:37:16,34.5,No,0,0,,-1.0,,0.0,13,0
525663******4326,2015-05-10 16:49:47,143.0,No,0,0,,-1.0,,0.0,16,0
525663******4439,2015-05-14 11:23:38,99.0,No,0,0,,-1.0,,0.0,11,0
525663******4537,2015-05-29 21:58:11,172.5,No,0,0,,-1.0,,0.0,21,0
525663******4539,2015-05-09 19:47:22,34.5,No,0,0,,-1.0,,0.0,19,0
525663******4674,2015-05-08 15:08:49,224.0,No,0,0,,-1.0,,0.0,15,0
525663******4677,2015-05-29 11:46:30,46.0,No,0,0,,-1.0,,0.0,11,0
525663******4746,2015-05-28 17:43:39,99.0,No,0,0,,-1.0,,0.0,17,0
525663******4844,2015-05-22 22:31:56,20.0,No,0,0,,-1.0,,0.0,22,0
525663******4852,2015-05-19 11:06:50,10.0,No,0,0,,-1.0,,0.0,11,0
525663******5075,2015-05-07 09:25:47,132.0,No,0,0,,-1.0,,0.0,9,0
525663******5112,2015-05-14 14:27:42,99.0,No,0,0,,-1.0,,0.0,14,0
525663******5242,2015-05-07 16:43:52,34.5,No,0,0,,-1.0,,0.0,16,0
525663******5260,2015-05-21 18:55:59,69.0,No,0,0,,-1.0,,0.0,18,0
525663******5260,2015-05-28 17:14:01,99.0,No,0,0,2015-05-21 18:55:59,9978.033333333333,69.0,0.4347826086956521,17,0
525663******5260,2015-05-29 19:38:15,88.0,No,0,0,2015-05-28 17:14:01,1584.2333333333333,84.0,0.04761904761904767,19,0
525663******5269,2015-05-22 18:19:55,69.0,No,0,0,,-1.0,,0.0,18,0
525663******5332,2015-05-25 18:48:31,207.0,No,0,0,,-1.0,,0.0,18,0
525663******5394,2015-05-20 22:51:58,20.0,No,0,0,,-1.0,,0.0,22,0
525663******5405,2015-05-21 22:57:53,33.0,No,0,0,,-1.0,,0.0,22,0
525663******5494,2015-05-15 09:36:14,99.0,No,0,0,,-1.0,,0.0,9,0
525663******5524,2015-05-29 13:05:18,138.0,No,0,0,,-1.0,,0.0,13,0
525663******5638,2015-05-16 17:49:39,33.0,No,0,0,,-1.0,,0.0,17,0
525663******5638,2015-05-16 18:13:42,16.5,No,0,1,2015-05-16 17:49:39,24.05,33.0,-0.5,18,0
525663******5767,2015-05-28 15:27:09,46.0,No,0,0,,-1.0,,0.0,15,0
525663******5836,2015-05-09 12:36:51,201.6,No,0,0,,-1.0,,0.0,12,0
525663******5969,2015-05-27 00:56:12,268.8,No,0,0,,-1.0,,0.0,0,1
525663******6170,2015-05-14 11:07:16,297.0,No,0,0,,-1.0,,0.0,11,0
525663******6170,2015-05-16 01:05:10,132.0,No,0,0,2015-05-14 11:07:16,2277.9,297.0,-0.5555555555555556,1,1
525663******6350,2015-05-11 22:00:24,55.0,No,0,0,,-1.0,,0.0,22,0
525663******6355,2015-05-18 07:29:22,112.0,No,0,0,,-1.0,,0.0,7,0
525663******6355,2015-05-18 08:09:19,112.0,No,0,1,2015-05-18 07:29:22,39.95,112.0,0.0,8,0
525663******6398,2015-05-23 17:14:03,190.4,No,0,0,,-1.0,,0.0,17,0
525663******6486,2015-05-13 16:29:47,235.2,No,0,0,,-1.0,,0.0,16,0
525663******6516,2015-05-22 01:37:13,103.5,No,0,0,,-1.0,,0.0,1,1
525663******6538,2015-05-11 14:09:11,134.4,No,0,0,,-1.0,,0.0,14,0
525663******6564,2015-05-12 18:19:48,235.2,No,0,0,,-1.0,,0.0,18,0
525663******6612,2015-05-13 22:34:11,44.0,No,0,0,,-1.0,,0.0,22,0
525663******6739,2015-05-20 14:37:05,26.45,No,0,0,,-1.0,,0.0,14,0
525663******6744,2015-05-09 19:10:40,112.0,No,0,0,,-1.0,,0.0,19,0
525663******6805,2015-05-21 08:53:08,78.4,No,0,0,,-1.0,,0.0,8,0
525663******6805,2015-05-21 08:58:03,56.0,No,0,1,2015-05-21 08:53:08,4.916666666666667,78.4,-0.2857142857142858,8,0
525663******6838,2015-05-29 12:00:52,67.2,No,0,0,,-1.0,,0.0,12,0
525663******6860,2015-05-26 07:48:18,224.0,No,0,0,,-1.0,,0.0,7,0
525663******7034,2015-05-15 00:47:13,112.0,No,0,0,,-1.0,,0.0,0,1
525663******7085,2015-05-04 20:17:31,80.5,No,0,0,,-1.0,,0.0,20,0
525663******7126,2015-05-20 14:58:14,110.0,No,0,0,,-1.0,,0.0,14,0
525663******7348,2015-05-26 21:39:18,134.4,No,0,0,,-1.0,,0.0,21,0
525663******7348,2015-05-26 21:51:39,134.4,No,0,1,2015-05-26 21:39:18,12.35,134.4,0.0,21,0
525663******7446,2015-05-22 14:26:41,138.0,No,0,0,,-1.0,,0.0,14,0
525663******7599,2015-05-11 22:25:50,145.6,No,0,0,,-1.0,,0.0,22,0
525663******7601,2015-05-15 18:56:57,145.6,Yes,1,0,,-1.0,,0.0,18,0
525663******7601,2015-05-15 18:58:07,145.6,Yes,1,1,2015-05-15 18:56:57,1.1666666666666667,145.6,0.0,18,0
525663******7700,2015-05-20 18:20:03,99.0,No,0,0,,-1.0,,0.0,18,0
525663******7706,2015-05-21 15:47:56,34.5,No,0,0,,-1.0,,0.0,15,0
525663******7706,2015-05-22 15:20:41,34.5,No,0,1,2015-05-21 15:47:56,1412.75,34.5,0.0,15,0
525663******7717,2015-05-06 17:00:19,66.0,No,0,0,,-1.0,,0.0,17,0
525663******7717,2015-05-10 11:04:58,46.0,No,0,0,2015-05-06 17:00:19,5404.65,66.0,-0.303030303030303,11,0
525663******7724,2015-05-25 13:01:58,69.0,No,0,0,,-1.0,,0.0,13,0
525663******7768,2015-05-18 18:15:59,23.0,No,0,0,,-1.0,,0.0,18,0
525663******7813,2015-05-19 18:15:43,57.5,No,0,0,,-1.0,,0.0,18,0
525663******7959,2015-05-26 11:32:35,224.0,No,0,0,,-1.0,,0.0,11,0
525663******7994,2015-05-13 11:26:21,77.0,No,0,0,,-1.0,,0.0,11,0
525663******8006,2015-05-24 12:51:12,20.0,No,0,0,,-1.0,,0.0,12,0
525663******8015,2015-05-14 13:08:17,49.5,No,0,0,,-1.0,,0.0,13,0
525663******8026,2015-05-14 19:50:05,78.4,No,0,0,,-1.0,,0.0,19,0
525663******8035,2015-05-13 15:57:59,46.0,No,0,0,,-1.0,,0.0,15,0
525663******8097,2015-05-15 14:42:00,176.0,No,0,0,,-1.0,,0.0,14,0
525663******8213,2015-05-15 17:18:59,291.2,No,0,0,,-1.0,,0.0,17,0
525663******8260,2015-05-22 22:02:43,165.0,No,0,0,,-1.0,,0.0,22,0
525663******8266,2015-05-28 14:59:04,34.5,No,0,0,,-1.0,,0.0,14,0
525663******8301,2015-05-18 10:04:46,88.0,No,0,0,,-1.0,,0.0,10,0
525663******8301,2015-05-20 13:21:58,44.0,No,0,0,2015-05-18 10:04:46,3077.2,88.0,-0.5,13,0
525663******8479,2015-05-06 17:50:40,69.0,No,0,0,,-1.0,,0.0,17,0
525663******8479,2015-05-09 15:10:53,34.5,No,0,0,2015-05-06 17:50:40,4160.216666666666,69.0,-0.5,15,0
525663******8486,2015-05-07 00:56:40,92.0,No,0,0,,-1.0,,0.0,0,1
525663******8545,2015-05-28 20:07:00,64.9,No,0,0,,-1.0,,0.0,20,0
525663******8581,2015-05-30 18:52:05,35.53,No,0,0,,-1.0,,0.0,18,0
525663******8581,2015-05-30 18:52:05,35.53,No,0,0,2015-05-30 18:52:05,0.0,35.53,0.0,18,0
525663******8590,2015-05-19 11:59:49,224.0,No,0,0,,-1.0,,0.0,11,0
525663******8732,2015-05-12 18:39:19,89.6,No,0,0,,-1.0,,0.0,18,0
525663******8742,2015-05-25 23:20:08,630.0,No,0,0,,-1.0,,0.0,23,1
525663******8882,2015-05-29 08:05:43,24.0,No,0,0,,-1.0,,0.0,8,0
525663******8915,2015-05-24 11:49:25,112.0,No,0,0,,-1.0,,0.0,11,0
525663******9038,2015-05-15 13:49:24,124.2,No,0,0,,-1.0,,0.0,13,0
525663******9065,2015-05-07 15:21:06,69.0,No,0,0,,-1.0,,0.0,15,0
525663******9103,2015-05-02 18:40:57,34.5,No,0,0,,-1.0,,0.0,18,0
525663******9172,2015-05-15 15:55:37,308.0,No,0,0,,-1.0,,0.0,15,0
525663******9301,2015-05-09 18:28:54,69.0,No,0,0,,-1.0,,0.0,18,0
525663******9371,2015-05-02 20:34:23,123.3,No,0,0,,-1.0,,0.0,20,0
525663******9453,2015-05-29 14:45:24,92.0,No,0,0,,-1.0,,0.0,14,0
525663******9582,2015-05-25 18:53:01,10.0,No,0,0,,-1.0,,0.0,18,0
525663******9608,2015-05-24 20:21:37,69.0,No,0,0,,-1.0,,0.0,20,0
525663******9641,2015-05-27 22:36:27,216.0,No,0,0,,-1.0,,0.0,22,0
525663******9691,2015-05-11 18:22:39,77.0,No,0,0,,-1.0,,0.0,18,0
525663******9738,2015-05-20 22:01:51,20.0,No,0,0,,-1.0,,0.0,22,0
525663******9829,2015-05-26 21:41:08,176.0,No,0,0,,-1.0,,0.0,21,0
525663******9870,2015-05-07 09:44:31,99.0,No,0,0,,-1.0,,0.0,9,0
525663******9926,2015-05-22 10:09:49,69.0,No,0,0,,-1.0,,0.0,10,0
525663******9981,2015-05-07 16:45:21,100.8,No,0,0,,-1.0,,0.0,16,0
525664******0085,2015-05-28 10:31:37,49.5,No,0,0,,-1.0,,0.0,10,0
525664******0093,2015-05-20 10:11:47,10.0,No,0,0,,-1.0,,0.0,10,0
525664******0129,2015-05-19 19:20:51,100.8,No,0,0,,-1.0,,0.0,19,0
525664******0218,2015-05-25 14:38:52,145.6,No,0,0,,-1.0,,0.0,14,0
525664******0296,2015-05-09 10:46:38,43.0,No,0,0,,-1.0,,0.0,10,0
525664******0314,2015-05-21 11:28:29,10.0,No,0,0,,-1.0,,0.0,11,0
525664******0481,2015-05-11 22:10:41,440.0,No,0,0,,-1.0,,0.0,22,0
525664******0498,2015-05-01 14:36:36,220.0,No,0,0,,-1.0,,0.0,14,0
525664******0550,2015-05-03 19:25:31,134.4,No,0,0,,-1.0,,0.0,19,0
525664******0729,2015-05-11 14:04:47,78.4,No,0,0,,-1.0,,0.0,14,0
525664******0933,2015-05-22 19:09:13,264.0,No,0,0,,-1.0,,0.0,19,0
525664******1087,2015-05-16 19:33:00,360.0,Yes,1,0,,-1.0,,0.0,19,0
525664******1087,2015-05-16 19:35:00,360.0,Yes,1,1,2015-05-16 19:33:00,2.0,360.0,0.0,19,0
525664******1199,2015-05-30 02:38:03,53.0,No,0,0,,-1.0,,0.0,2,1
525664******1238,2015-05-29 11:13:09,10.0,No,0,0,,-1.0,,0.0,11,0
525664******1338,2015-05-11 22:07:59,134.4,No,0,0,,-1.0,,0.0,22,0
525664******1883,2015-05-15 20:21:36,50.0,No,0,0,,-1.0,,0.0,20,0
525664******2168,2015-05-25 14:35:46,134.4,No,0,0,,-1.0,,0.0,14,0
525664******2340,2015-05-14 15:11:45,36.66,No,0,0,,-1.0,,0.0,15,0
525664******2452,2015-05-12 01:16:57,78.4,No,0,0,,-1.0,,0.0,1,1
525664******2495,2015-05-14 11:17:43,154.0,No,0,0,,-1.0,,0.0,11,0
525664******3151,2015-05-14 12:11:31,308.0,No,0,0,,-1.0,,0.0,12,0
525664******3204,2015-05-29 13:56:26,34.5,No,0,0,,-1.0,,0.0,13,0
525664******3306,2015-05-22 16:59:20,264.0,No,0,0,,-1.0,,0.0,16,0
525664******3306,2015-05-22 17:10:23,132.0,No,0,1,2015-05-22 16:59:20,11.05,264.0,-0.5,17,0
525664******3306,2015-05-22 17:31:16,132.0,No,0,2,2015-05-22 17:10:23,20.883333333333333,198.0,-0.33333333333333337,17,0
525664******3368,2015-05-13 18:15:59,89.6,No,0,0,,-1.0,,0.0,18,0
525664******3368,2015-05-15 10:28:26,154.0,No,0,0,2015-05-13 18:15:59,2412.45,89.6,0.71875,10,0
525664******3479,2015-05-04 19:29:28,132.0,No,0,0,,-1.0,,0.0,19,0
525664******3658,2015-05-27 18:19:24,92.0,No,0,0,,-1.0,,0.0,18,0
525664******3680,2015-05-08 17:45:53,34.5,No,0,0,,-1.0,,0.0,17,0
525664******3762,2015-05-06 00:21:44,143.0,No,0,0,,-1.0,,0.0,0,1
525664******3781,2015-05-07 11:30:31,90.4,No,0,0,,-1.0,,0.0,11,0
525664******3781,2015-05-11 23:41:49,44.8,No,0,0,2015-05-07 11:30:31,6491.3,90.4,-0.5044247787610621,23,1
525664******3781,2015-05-22 16:10:25,112.0,No,0,0,2015-05-11 23:41:49,15388.6,67.6,0.6568047337278109,16,0
525664******3781,2015-05-29 16:25:25,121.0,No,0,0,2015-05-22 16:10:25,10095.0,82.39999999999999,0.4684466019417477,16,0
525664******3782,2015-05-11 18:25:38,172.75,No,0,0,,-1.0,,0.0,18,0
525664******3874,2015-05-19 13:53:16,69.0,No,0,0,,-1.0,,0.0,13,0
525664******4281,2015-05-08 13:20:52,115.0,No,0,0,,-1.0,,0.0,13,0
525664******4300,2015-05-28 11:55:55,80.5,No,0,0,,-1.0,,0.0,11,0
525664******4343,2015-05-13 18:32:44,44.8,No,0,0,,-1.0,,0.0,18,0
525664******4356,2015-05-06 00:35:31,168.0,No,0,0,,-1.0,,0.0,0,1
525664******4527,2015-05-28 09:10:07,78.4,No,0,0,,-1.0,,0.0,9,0
525664******4535,2015-05-18 09:34:08,179.2,No,0,0,,-1.0,,0.0,9,0
525664******4550,2015-05-08 17:22:27,70.0,No,0,0,,-1.0,,0.0,17,0
525664******4994,2015-05-26 17:06:55,134.4,No,0,0,,-1.0,,0.0,17,0
525664******5274,2015-05-13 20:11:12,154.0,No,0,0,,-1.0,,0.0,20,0
525664******5495,2015-05-08 23:04:56,69.0,No,0,0,,-1.0,,0.0,23,1
525664******5542,2015-05-15 22:22:54,89.6,No,0,0,,-1.0,,0.0,22,0
525664******5592,2015-05-08 16:20:54,23.0,No,0,0,,-1.0,,0.0,16,0
525664******5653,2015-05-30 15:35:41,77.0,No,0,0,,-1.0,,0.0,15,0
525664******5653,2015-05-30 15:35:41,77.0,No,0,0,2015-05-30 15:35:41,0.0,77.0,0.0,15,0
525664******6356,2015-05-15 10:22:37,154.0,No,0,0,,-1.0,,0.0,10,0
525664******6448,2015-05-29 09:41:32,62.1,No,0,0,,-1.0,,0.0,9,0
525664******6469,2015-05-16 19:07:01,180.0,Yes,1,0,,-1.0,,0.0,19,0
525664******6477,2015-05-28 13:30:23,35.0,No,0,0,,-1.0,,0.0,13,0
525664******6701,2015-05-14 12:05:16,241.5,No,0,0,,-1.0,,0.0,12,0
525664******6734,2015-05-18 15:39:51,100.8,No,0,0,,-1.0,,0.0,15,0
525664******6797,2015-05-25 10:09:03,630.0,No,0,0,,-1.0,,0.0,10,0
525664******6938,2015-05-10 20:39:51,77.0,No,0,0,,-1.0,,0.0,20,0
525664******7234,2015-05-19 12:28:40,20.0,No,0,0,,-1.0,,0.0,12,0
525664******7236,2015-05-28 20:27:23,88.0,No,0,0,,-1.0,,0.0,20,0
525664******7236,2015-05-28 23:35:59,88.0,No,0,1,2015-05-28 20:27:23,188.6,88.0,0.0,23,1
525664******7577,2015-05-11 12:07:25,302.4,No,0,0,,-1.0,,0.0,12,0
525664******7665,2015-05-11 11:10:03,110.0,No,0,0,,-1.0,,0.0,11,0
525664******7709,2015-05-11 15:26:59,89.6,No,0,0,,-1.0,,0.0,15,0
525664******7719,2015-05-13 16:02:18,154.0,No,0,0,,-1.0,,0.0,16,0
525664******8149,2015-05-12 11:35:52,56.0,No,0,0,,-1.0,,0.0,11,0
525664******8385,2015-05-24 12:15:03,224.0,No,0,0,,-1.0,,0.0,12,0
525664******8799,2015-05-05 20:12:56,143.0,No,0,0,,-1.0,,0.0,20,0
525664******8843,2015-05-14 20:46:56,145.6,No,0,0,,-1.0,,0.0,20,0
525664******8843,2015-05-22 18:58:04,280.0,No,0,0,2015-05-14 20:46:56,11411.133333333333,145.6,0.9230769230769231,18,0
525664******8955,2015-05-04 13:39:44,92.0,No,0,0,,-1.0,,0.0,13,0
525664******9554,2015-05-29 12:56:59,33.0,No,0,0,,-1.0,,0.0,12,0
525664******9711,2015-05-05 21:20:45,23.0,No,0,0,,-1.0,,0.0,21,0
525664******9989,2015-05-11 18:03:19,132.0,No,0,0,,-1.0,,0.0,18,0
525664******9989,2015-05-11 20:52:55,55.0,No,0,1,2015-05-11 18:03:19,169.6,132.0,-0.5833333333333333,20,0
525718******0583,2015-05-12 09:48:06,78.4,No,0,0,,-1.0,,0.0,9,0
525718******1071,2015-05-02 18:25:24,105.0,No,0,0,,-1.0,,0.0,18,0
525718******1754,2015-05-14 11:28:12,154.0,No,0,0,,-1.0,,0.0,11,0
525718******5316,2015-05-14 14:16:30,184.0,No,0,0,,-1.0,,0.0,14,0
525718******6899,2015-05-13 16:21:04,156.8,No,0,0,,-1.0,,0.0,16,0
525718******6934,2015-05-11 10:10:11,134.4,No,0,0,,-1.0,,0.0,10,0
525718******7206,2015-05-09 13:20:54,78.4,No,0,0,,-1.0,,0.0,13,0
525718******7206,2015-05-21 22:14:47,78.4,No,0,0,2015-05-09 13:20:54,17813.883333333335,78.4,0.0,22,0
525718******7206,2015-05-23 21:39:10,78.4,No,0,0,2015-05-21 22:14:47,2844.383333333333,78.4,0.0,21,0
525718******7552,2015-05-15 11:10:50,89.6,No,0,0,,-1.0,,0.0,11,0
525718******8639,2015-05-21 12:51:17,121.0,No,0,0,,-1.0,,0.0,12,0
525718******9341,2015-05-16 16:13:55,16.5,No,0,0,,-1.0,,0.0,16,0
525925******8167,2015-05-25 19:15:54,112.0,No,0,0,,-1.0,,0.0,19,0
525925******9211,2015-05-14 00:42:15,154.0,No,0,0,,-1.0,,0.0,0,1
526769******0403,2015-05-07 17:19:02,180.0,No,0,0,,-1.0,,0.0,17,0
526769******5430,2015-05-06 19:32:57,23.0,No,0,0,,-1.0,,0.0,19,0
526769******5843,2015-05-21 11:24:35,62.69,No,0,0,,-1.0,,0.0,11,0
526769******7964,2015-05-24 22:54:22,39.07,No,0,0,,-1.0,,0.0,22,0
526769******9312,2015-05-07 21:10:18,330.0,Yes,1,0,,-1.0,,0.0,21,0
526769******9312,2015-05-07 21:11:02,330.0,No,0,1,2015-05-07 21:10:18,0.7333333333333333,330.0,0.0,21,0
526778******0018,2015-05-08 14:10:31,110.0,No,0,0,,-1.0,,0.0,14,0
526778******1039,2015-05-09 20:45:18,60.0,No,0,0,,-1.0,,0.0,20,0
526778******1071,2015-05-30 02:54:00,55.0,No,0,0,,-1.0,,0.0,2,1
526778******7032,2015-05-12 11:35:38,132.25,No,0,0,,-1.0,,0.0,11,0
526778******8034,2015-05-07 21:01:31,16.5,No,0,0,,-1.0,,0.0,21,0
526779******7018,2015-05-15 18:11:54,200.0,No,0,0,,-1.0,,0.0,18,0
526787******3011,2015-05-08 20:00:29,23.0,No,0,0,,-1.0,,0.0,20,0
526862******5233,2015-05-12 18:47:34,176.0,No,0,0,,-1.0,,0.0,18,0
526862******6971,2015-05-18 16:14:40,103.5,No,0,0,,-1.0,,0.0,16,0
526862******7702,2015-05-17 12:35:43,198.0,No,0,0,,-1.0,,0.0,12,0
526863******0046,2015-05-08 09:31:42,116.72,No,0,0,,-1.0,,0.0,9,0
526863******0047,2015-05-09 15:24:35,69.0,No,0,0,,-1.0,,0.0,15,0
526863******0140,2015-05-12 23:27:32,268.9,No,0,0,,-1.0,,0.0,23,1
526863******0208,2015-05-08 01:51:07,70.0,No,0,0,,-1.0,,0.0,1,1
526863******0219,2015-05-16 00:13:33,16.5,No,0,0,,-1.0,,0.0,0,1
526863******0741,2015-05-15 21:35:36,246.6,No,0,0,,-1.0,,0.0,21,0
526863******0766,2015-05-10 16:39:20,55.0,No,0,0,,-1.0,,0.0,16,0
526863******0766,2015-05-11 11:35:01,77.0,No,0,1,2015-05-10 16:39:20,1135.6833333333334,55.0,0.3999999999999999,11,0
526863******0903,2015-05-05 18:56:47,168.0,No,0,0,,-1.0,,0.0,18,0
526863******0903,2015-05-29 21:57:26,172.5,No,0,0,2015-05-05 18:56:47,34740.65,168.0,0.02678571428571419,21,0
526863******1095,2015-05-12 20:26:49,120.0,No,0,0,,-1.0,,0.0,20,0
526863******1428,2015-05-14 11:42:17,78.4,No,0,0,,-1.0,,0.0,11,0
526863******1631,2015-05-28 18:21:16,198.0,No,0,0,,-1.0,,0.0,18,0
526863******1970,2015-05-15 22:39:54,132.0,No,0,0,,-1.0,,0.0,22,0
526863******2092,2015-05-05 13:58:02,72.0,No,0,0,,-1.0,,0.0,13,0
526863******2454,2015-05-29 21:12:27,24.0,No,0,0,,-1.0,,0.0,21,0
526863******2483,2015-05-11 19:03:33,78.4,No,0,0,,-1.0,,0.0,19,0
526863******2546,2015-05-11 15:26:32,154.0,No,0,0,,-1.0,,0.0,15,0
526863******2546,2015-05-27 21:19:30,88.0,No,0,0,2015-05-11 15:26:32,23392.966666666667,154.0,-0.4285714285714286,21,0
526863******2664,2015-05-15 13:23:08,308.0,No,0,0,,-1.0,,0.0,13,0
526863******2721,2015-05-20 15:03:32,15.0,No,0,0,,-1.0,,0.0,15,0
526863******2966,2015-05-15 16:04:06,99.0,No,0,0,,-1.0,,0.0,16,0
526863******2966,2015-05-29 14:16:06,110.0,No,0,0,2015-05-15 16:04:06,20052.0,99.0,0.11111111111111116,14,0
526863******2980,2015-05-21 16:17:27,69.0,No,0,0,,-1.0,,0.0,16,0
526863******3005,2015-05-04 14:11:59,352.0,No,0,0,,-1.0,,0.0,14,0
526863******3042,2015-05-20 14:24:44,10.0,No,0,0,,-1.0,,0.0,14,0
526863******3176,2015-05-08 18:02:06,78.4,No,0,0,,-1.0,,0.0,18,0
526863******3245,2015-05-03 20:35:19,143.0,No,0,0,,-1.0,,0.0,20,0
526863******3371,2015-05-12 12:26:28,201.6,No,0,0,,-1.0,,0.0,12,0
526863******3462,2015-05-05 20:47:23,396.0,No,0,0,,-1.0,,0.0,20,0
526863******3539,2015-05-19 14:32:50,92.0,No,0,0,,-1.0,,0.0,14,0
526863******3664,2015-05-16 12:38:10,34.5,No,0,0,,-1.0,,0.0,12,0
526863******3679,2015-05-12 09:44:41,78.4,No,0,0,,-1.0,,0.0,9,0
526863******3799,2015-05-17 17:01:23,138.0,No,0,0,,-1.0,,0.0,17,0
526863******3851,2015-05-05 00:59:42,34.5,No,0,0,,-1.0,,0.0,0,1
526863******4034,2015-05-12 20:40:06,16.5,No,0,0,,-1.0,,0.0,20,0
526863******4481,2015-05-27 20:37:01,154.0,No,0,0,,-1.0,,0.0,20,0
526863******4601,2015-05-08 22:27:38,156.8,No,0,0,,-1.0,,0.0,22,0
526863******4601,2015-05-09 13:36:55,78.4,No,0,1,2015-05-08 22:27:38,909.2833333333333,156.8,-0.5,13,0
526863******4779,2015-05-14 16:43:10,55.0,No,0,0,,-1.0,,0.0,16,0
526863******4923,2015-05-06 09:29:52,121.0,No,0,0,,-1.0,,0.0,9,0
526863******4923,2015-05-10 00:02:04,143.0,No,0,0,2015-05-06 09:29:52,5192.2,121.0,0.18181818181818188,0,1
526863******4976,2015-05-11 17:09:11,89.6,No,0,0,,-1.0,,0.0,17,0
526863******4977,2015-05-25 11:24:05,80.5,No,0,0,,-1.0,,0.0,11,0
526863******5122,2015-05-21 22:44:44,161.0,No,0,0,,-1.0,,0.0,22,0
526863******5137,2015-05-15 22:24:02,77.0,No,0,0,,-1.0,,0.0,22,0
526863******5176,2015-05-27 19:55:15,88.0,No,0,0,,-1.0,,0.0,19,0
526863******5187,2015-05-12 08:26:14,44.8,No,0,0,,-1.0,,0.0,8,0
526863******5187,2015-05-21 21:41:52,78.4,No,0,0,2015-05-12 08:26:14,13755.633333333333,44.8,0.7500000000000002,21,0
526863******5187,2015-05-22 12:52:44,78.4,No,0,1,2015-05-21 21:41:52,910.8666666666667,61.6,0.2727272727272727,12,0
526863******5187,2015-05-28 17:01:58,77.0,No,0,0,2015-05-22 12:52:44,8889.233333333334,67.2,0.14583333333333326,17,0
526863******5566,2015-05-14 11:20:40,92.0,No,0,0,,-1.0,,0.0,11,0
526863******5572,2015-05-11 01:43:30,69.0,No,0,0,,-1.0,,0.0,1,1
526863******5572,2015-05-22 03:43:11,92.0,No,0,0,2015-05-11 01:43:30,15959.683333333332,69.0,0.33333333333333326,3,1
526863******5736,2015-05-11 23:29:52,156.8,No,0,0,,-1.0,,0.0,23,1
526863******5738,2015-05-11 18:08:59,156.8,No,0,0,,-1.0,,0.0,18,0
526863******5738,2015-05-13 18:14:54,156.8,No,0,0,2015-05-11 18:08:59,2885.9166666666665,156.8,0.0,18,0
526863******6277,2015-05-06 15:00:53,207.0,No,0,0,,-1.0,,0.0,15,0
526863******6624,2015-05-14 19:10:35,62.1,No,0,0,,-1.0,,0.0,19,0
526863******6708,2015-05-21 19:07:07,23.0,No,0,0,,-1.0,,0.0,19,0
526863******6708,2015-05-21 19:29:39,23.0,No,0,1,2015-05-21 19:07:07,22.533333333333335,23.0,0.0,19,0
526863******6770,2015-05-07 14:34:31,120.75,No,0,0,,-1.0,,0.0,14,0
526863******7005,2015-05-13 12:03:53,154.0,No,0,0,,-1.0,,0.0,12,0
526863******7005,2015-05-13 12:05:24,154.0,No,0,1,2015-05-13 12:03:53,1.5166666666666666,154.0,0.0,12,0
526863******7005,2015-05-22 13:20:02,121.0,No,0,0,2015-05-13 12:05:24,13034.633333333333,154.0,-0.2142857142857143,13,0
526863******7222,2015-05-28 17:03:51,77.0,No,0,0,,-1.0,,0.0,17,0
526863******7249,2015-05-13 14:27:32,78.4,No,0,0,,-1.0,,0.0,14,0
526863******7693,2015-05-18 16:59:14,112.0,No,0,0,,-1.0,,0.0,16,0
526863******7750,2015-05-07 21:47:02,34.5,No,0,0,,-1.0,,0.0,21,0
526863******7904,2015-05-25 17:48:41,110.0,No,0,0,,-1.0,,0.0,17,0
526863******7909,2015-05-28 17:01:52,99.0,No,0,0,,-1.0,,0.0,17,0
526863******8072,2015-05-11 11:50:18,78.4,No,0,0,,-1.0,,0.0,11,0
526863******8072,2015-05-14 23:13:23,89.6,No,0,0,2015-05-11 11:50:18,5003.083333333333,78.4,0.1428571428571428,23,1
526863******8099,2015-05-20 17:20:04,27.0,Yes,1,0,,-1.0,,0.0,17,0
526863******8202,2015-05-29 14:55:05,99.0,No,0,0,,-1.0,,0.0,14,0
526863******8218,2015-05-07 21:33:27,107.21,No,0,0,,-1.0,,0.0,21,0
526863******8346,2015-05-09 12:41:52,143.0,No,0,0,,-1.0,,0.0,12,0
526863******8869,2015-05-22 08:20:08,20.0,No,0,0,,-1.0,,0.0,8,0
526863******8967,2015-05-28 15:17:19,25.0,No,0,0,,-1.0,,0.0,15,0
526863******9690,2015-05-06 14:58:05,34.5,No,0,0,,-1.0,,0.0,14,0
526863******9880,2015-05-11 19:35:32,477.5,No,0,0,,-1.0,,0.0,19,0
526863******9887,2015-05-04 20:06:54,89.6,No,0,0,,-1.0,,0.0,20,0
526863******9905,2015-05-12 10:47:32,154.0,No,0,0,,-1.0,,0.0,10,0
526863******9913,2015-05-09 01:21:57,176.0,No,0,0,,-1.0,,0.0,1,1
526863******9940,2015-05-18 16:08:13,112.0,No,0,0,,-1.0,,0.0,16,0
527405******4587,2015-05-11 22:16:41,112.0,No,0,0,,-1.0,,0.0,22,0
527405******7714,2015-05-04 16:36:18,92.0,No,0,0,,-1.0,,0.0,16,0
527407******0122,2015-05-28 21:49:18,132.0,No,0,0,,-1.0,,0.0,21,0
527407******0178,2015-05-12 09:39:21,55.0,No,0,0,,-1.0,,0.0,9,0
527407******0769,2015-05-27 18:20:29,121.0,No,0,0,,-1.0,,0.0,18,0
527407******0894,2015-05-22 17:17:37,34.5,No,0,0,,-1.0,,0.0,17,0
527407******2545,2015-05-02 23:46:29,184.0,No,0,0,,-1.0,,0.0,23,1
527407******3257,2015-05-27 21:34:38,44.0,No,0,0,,-1.0,,0.0,21,0
527407******3660,2015-05-21 11:29:29,112.0,Yes,1,0,,-1.0,,0.0,11,0
527407******3660,2015-05-21 11:31:10,112.0,Yes,1,1,2015-05-21 11:29:29,1.6833333333333333,112.0,0.0,11,0
527407******3660,2015-05-21 11:33:07,112.0,Yes,1,2,2015-05-21 11:31:10,1.95,112.0,0.0,11,0
527407******3821,2015-05-08 12:13:04,57.5,Yes,1,0,,-1.0,,0.0,12,0
527407******5200,2015-05-15 13:51:38,23.0,No,0,0,,-1.0,,0.0,13,0
527407******5200,2015-05-15 14:10:38,23.0,No,0,1,2015-05-15 13:51:38,19.0,23.0,0.0,14,0
527407******5670,2015-05-08 08:52:42,59.22,No,0,0,,-1.0,,0.0,8,0
527407******6217,2015-05-01 17:08:19,135.0,No,0,0,,-1.0,,0.0,17,0
527407******6274,2015-05-21 19:13:11,46.0,No,0,0,,-1.0,,0.0,19,0
527407******6992,2015-05-23 11:00:08,100.0,No,0,0,,-1.0,,0.0,11,0
527407******8118,2015-05-29 11:26:25,92.0,No,0,0,,-1.0,,0.0,11,0
527407******8287,2015-05-25 16:17:08,46.0,No,0,0,,-1.0,,0.0,16,0
527407******9525,2015-05-03 16:50:05,92.0,No,0,0,,-1.0,,0.0,16,0
527407******9949,2015-05-04 20:46:03,138.0,No,0,0,,-1.0,,0.0,20,0
527430******1703,2015-05-23 11:16:57,10.0,No,0,0,,-1.0,,0.0,11,0
527430******3005,2015-05-15 12:30:03,154.0,No,0,0,,-1.0,,0.0,12,0
527437******5105,2015-05-17 20:35:59,138.0,No,0,0,,-1.0,,0.0,20,0
527437******9036,2015-05-09 23:39:29,77.0,No,0,0,,-1.0,,0.0,23,1
527462******8017,2015-05-21 21:50:41,23.0,No,0,0,,-1.0,,0.0,21,0
527468******0152,2015-05-09 20:17:11,92.0,No,0,0,,-1.0,,0.0,20,0
527468******0339,2015-05-04 21:13:34,48.0,No,0,0,,-1.0,,0.0,21,0
527468******2174,2015-05-05 23:05:43,176.0,No,0,0,,-1.0,,0.0,23,1
527468******3357,2015-05-09 14:45:58,34.5,No,0,0,,-1.0,,0.0,14,0
527468******4788,2015-05-05 23:14:59,88.0,No,0,0,,-1.0,,0.0,23,1
527468******4788,2015-05-28 09:05:13,88.0,No,0,0,2015-05-05 23:14:59,32270.233333333334,88.0,0.0,9,0
527468******5400,2015-05-01 19:28:11,64.51,No,0,0,,-1.0,,0.0,19,0
527468******6050,2015-05-10 09:00:21,36.66,No,0,0,,-1.0,,0.0,9,0
527468******6050,2015-05-13 08:39:56,55.0,No,0,0,2015-05-10 09:00:21,4299.583333333333,36.66,0.5002727768685218,8,0
527468******7804,2015-05-13 19:03:53,36.66,No,0,0,,-1.0,,0.0,19,0
527468******8579,2015-05-29 23:53:11,15.0,No,0,0,,-1.0,,0.0,23,1
527468******8579,2015-05-30 09:57:37,5.0,No,0,1,2015-05-29 23:53:11,604.4333333333333,15.0,-0.6666666666666667,9,0
527468******9533,2015-05-04 21:36:38,23.35,No,0,0,,-1.0,,0.0,21,0
527496******0820,2015-05-13 11:37:36,116.73,No,0,0,,-1.0,,0.0,11,0
527496******1162,2015-05-05 13:46:15,23.0,No,0,0,,-1.0,,0.0,13,0
527496******1234,2015-05-21 21:13:31,46.0,No,0,0,,-1.0,,0.0,21,0
527496******1280,2015-05-22 14:47:23,55.0,No,0,0,,-1.0,,0.0,14,0
527496******1340,2015-05-04 13:23:45,154.0,No,0,0,,-1.0,,0.0,13,0
527496******1388,2015-05-21 08:49:32,245.0,No,0,0,,-1.0,,0.0,8,0
527496******1388,2015-05-27 21:25:52,10.0,No,0,0,2015-05-21 08:49:32,9396.333333333334,245.0,-0.9591836734693877,21,0
527496******1521,2015-05-07 20:14:33,46.0,No,0,0,,-1.0,,0.0,20,0
527496******1648,2015-05-14 21:51:42,99.0,No,0,0,,-1.0,,0.0,21,0
527496******1933,2015-05-14 21:55:28,360.0,No,0,0,,-1.0,,0.0,21,0
527496******1933,2015-05-17 18:09:35,86.27,No,0,0,2015-05-14 21:55:28,4094.116666666667,360.0,-0.7603611111111112,18,0
527496******1954,2015-05-15 09:00:09,110.0,No,0,0,,-1.0,,0.0,9,0
527496******2093,2015-05-27 23:13:10,132.0,No,0,0,,-1.0,,0.0,23,1
527496******2487,2015-05-04 12:10:08,414.0,Yes,1,0,,-1.0,,0.0,12,0
527496******2487,2015-05-04 12:11:31,506.0,Yes,1,1,2015-05-04 12:10:08,1.3833333333333333,414.0,0.22222222222222232,12,0
527496******2487,2015-05-04 12:12:45,460.0,Yes,1,2,2015-05-04 12:11:31,1.2333333333333334,460.0,0.0,12,0
527496******3052,2015-05-22 09:16:20,27.0,No,0,0,,-1.0,,0.0,9,0
527496******3274,2015-05-28 23:46:16,121.0,No,0,0,,-1.0,,0.0,23,1
527496******3304,2015-05-15 21:12:14,55.0,No,0,0,,-1.0,,0.0,21,0
527496******3400,2015-05-14 16:25:33,55.0,No,0,0,,-1.0,,0.0,16,0
527496******3954,2015-05-05 20:52:08,92.0,No,0,0,,-1.0,,0.0,20,0
527496******4128,2015-05-14 23:25:54,180.0,No,0,0,,-1.0,,0.0,23,1
527496******4258,2015-05-11 12:11:17,89.6,No,0,0,,-1.0,,0.0,12,0
527496******4258,2015-05-11 12:18:17,89.6,No,0,1,2015-05-11 12:11:17,7.0,89.6,0.0,12,0
527496******4966,2015-05-17 19:38:42,46.0,No,0,0,,-1.0,,0.0,19,0
527496******5421,2015-05-12 19:39:27,60.0,No,0,0,,-1.0,,0.0,19,0
527496******5508,2015-05-05 16:51:55,105.0,No,0,0,,-1.0,,0.0,16,0
527496******5630,2015-05-11 18:21:40,55.0,No,0,0,,-1.0,,0.0,18,0
527496******5630,2015-05-26 17:54:37,69.0,No,0,0,2015-05-11 18:21:40,21572.95,55.0,0.25454545454545463,17,0
527496******6177,2015-05-22 12:26:58,99.0,No,0,0,,-1.0,,0.0,12,0
527496******6575,2015-05-01 20:37:38,73.07,No,0,0,,-1.0,,0.0,20,0
527496******6581,2015-05-11 20:49:03,16.5,No,0,0,,-1.0,,0.0,20,0
527496******7773,2015-05-05 11:00:15,46.0,No,0,0,,-1.0,,0.0,11,0
527496******7989,2015-05-29 13:30:24,69.0,No,0,0,,-1.0,,0.0,13,0
527496******8316,2015-05-07 10:15:37,89.6,No,0,0,,-1.0,,0.0,10,0
527496******8919,2015-05-06 07:54:26,88.0,No,0,0,,-1.0,,0.0,7,0
527496******9442,2015-05-30 17:09:01,207.0,Yes,1,0,,-1.0,,0.0,17,0
527496******9442,2015-05-30 17:09:01,207.0,Yes,1,0,2015-05-30 17:09:01,0.0,207.0,0.0,17,0
527497******0042,2015-05-15 08:30:04,55.0,No,0,0,,-1.0,,0.0,8,0
527497******0088,2015-05-15 12:48:59,231.0,No,0,0,,-1.0,,0.0,12,0
527497******0088,2015-05-22 17:35:08,336.0,No,0,0,2015-05-15 12:48:59,10366.15,231.0,0.4545454545454546,17,0
527497******0369,2015-05-04 10:19:06,82.9,No,0,0,,-1.0,,0.0,10,0
527497******0412,2015-05-11 12:08:28,224.0,No,0,0,,-1.0,,0.0,12,0
527497******0566,2015-05-29 13:42:24,172.5,No,0,0,,-1.0,,0.0,13,0
527497******1703,2015-05-21 22:10:05,46.0,No,0,0,,-1.0,,0.0,22,0
527497******2847,2015-05-04 13:46:52,110.0,Yes,1,0,,-1.0,,0.0,13,0
527497******2847,2015-05-04 13:48:13,88.0,Yes,1,1,2015-05-04 13:46:52,1.35,110.0,-0.19999999999999996,13,0
527497******3589,2015-05-19 16:45:31,20.0,No,0,0,,-1.0,,0.0,16,0
527497******5161,2015-05-21 19:17:30,80.5,No,0,0,,-1.0,,0.0,19,0
527497******6125,2015-05-28 15:47:23,88.0,No,0,0,,-1.0,,0.0,15,0
527497******7595,2015-05-12 12:14:50,201.25,Yes,1,0,,-1.0,,0.0,12,0
527497******7595,2015-05-12 12:16:08,201.25,Yes,1,1,2015-05-12 12:14:50,1.3,201.25,0.0,12,0
527497******7595,2015-05-12 12:18:28,304.75,Yes,1,2,2015-05-12 12:16:08,2.3333333333333335,201.25,0.5142857142857142,12,0
527497******7595,2015-05-12 12:20:51,440.0,Yes,1,3,2015-05-12 12:18:28,2.3833333333333333,235.75,0.8663838812301166,12,0
527497******8147,2015-05-11 16:49:01,60.89,No,0,0,,-1.0,,0.0,16,0
527497******8341,2015-05-27 19:09:02,172.5,No,0,0,,-1.0,,0.0,19,0
527497******8822,2015-05-13 21:14:32,154.0,No,0,0,,-1.0,,0.0,21,0
527497******9685,2015-05-14 18:27:30,60.89,No,0,0,,-1.0,,0.0,18,0
527497******9685,2015-05-15 10:53:33,30.45,No,0,1,2015-05-14 18:27:30,986.05,60.89,-0.4999178847101331,10,0
527533******2073,2015-05-28 20:26:12,60.89,No,0,0,,-1.0,,0.0,20,0
527533******2073,2015-05-29 11:53:58,55.0,No,0,1,2015-05-28 20:26:12,927.7666666666667,60.89,-0.09673181146329446,11,0
527616******1313,2015-05-12 17:25:48,154.0,No,0,0,,-1.0,,0.0,17,0
527616******1432,2015-05-28 16:57:36,99.0,No,0,0,,-1.0,,0.0,16,0
527616******3605,2015-05-08 00:18:00,121.0,No,0,0,,-1.0,,0.0,0,1
527616******3694,2015-05-29 13:38:43,176.0,No,0,0,,-1.0,,0.0,13,0
527616******4192,2015-05-13 11:04:47,115.5,No,0,0,,-1.0,,0.0,11,0
527616******5704,2015-05-22 08:42:34,900.0,No,0,0,,-1.0,,0.0,8,0
527616******7295,2015-05-29 08:58:39,121.0,No,0,0,,-1.0,,0.0,8,0
527616******7538,2015-05-04 18:30:08,168.0,No,0,0,,-1.0,,0.0,18,0
527616******8059,2015-05-27 23:49:42,172.5,No,0,0,,-1.0,,0.0,23,1
527616******8059,2015-05-29 15:20:41,172.5,No,0,0,2015-05-27 23:49:42,2370.983333333333,172.5,0.0,15,0
527616******8201,2015-05-15 12:18:18,115.0,No,0,0,,-1.0,,0.0,12,0
527616******8555,2015-05-14 17:25:54,99.0,No,0,0,,-1.0,,0.0,17,0
527616******9594,2015-05-12 12:24:42,154.0,No,0,0,,-1.0,,0.0,12,0
527889******7900,2015-05-29 12:48:16,44.0,No,0,0,,-1.0,,0.0,12,0
528052******4788,2015-05-11 19:15:18,66.0,No,0,0,,-1.0,,0.0,19,0
528635******0093,2015-05-12 11:51:33,46.0,No,0,0,,-1.0,,0.0,11,0
528635******0138,2015-05-15 20:54:29,264.0,No,0,0,,-1.0,,0.0,20,0
528635******0320,2015-05-28 22:28:46,15.8,No,0,0,,-1.0,,0.0,22,0
528635******0720,2015-05-14 22:35:45,23.0,No,0,0,,-1.0,,0.0,22,0
528635******0823,2015-05-14 21:01:07,92.0,No,0,0,,-1.0,,0.0,21,0
528635******1242,2015-05-29 20:18:42,81.0,No,0,0,,-1.0,,0.0,20,0
528635******1243,2015-05-07 22:38:23,31.05,No,0,0,,-1.0,,0.0,22,0
528635******1310,2015-05-17 12:28:27,23.0,No,0,0,,-1.0,,0.0,12,0
528635******1473,2015-05-03 10:50:58,184.0,No,0,0,,-1.0,,0.0,10,0
528635******1548,2015-05-22 19:20:32,25.37,No,0,0,,-1.0,,0.0,19,0
528635******1619,2015-05-05 11:26:29,138.0,No,0,0,,-1.0,,0.0,11,0
528635******1629,2015-05-04 09:29:21,268.8,No,0,0,,-1.0,,0.0,9,0
528635******1857,2015-05-21 19:27:13,46.0,No,0,0,,-1.0,,0.0,19,0
528635******2089,2015-05-07 22:25:42,23.0,No,0,0,,-1.0,,0.0,22,0
528635******2681,2015-05-28 11:36:45,132.0,No,0,0,,-1.0,,0.0,11,0
528635******2771,2015-05-21 23:20:04,23.0,No,0,0,,-1.0,,0.0,23,1
528635******3424,2015-05-08 18:31:18,165.0,Yes,1,0,,-1.0,,0.0,18,0
528635******3424,2015-05-08 18:35:49,165.0,Yes,1,1,2015-05-08 18:31:18,4.516666666666667,165.0,0.0,18,0
528635******3424,2015-05-08 18:51:21,165.0,Yes,1,2,2015-05-08 18:35:49,15.533333333333333,165.0,0.0,18,0
528635******3470,2015-05-22 10:49:59,46.0,No,0,0,,-1.0,,0.0,10,0
528635******3799,2015-05-08 14:35:47,29.18,No,0,0,,-1.0,,0.0,14,0
528635******4357,2015-05-06 21:33:17,115.0,No,0,0,,-1.0,,0.0,21,0
528635******4643,2015-05-15 13:32:23,23.0,No,0,0,,-1.0,,0.0,13,0
528635******4911,2015-05-30 09:59:51,101.49,No,0,0,,-1.0,,0.0,9,0
528635******6366,2015-05-15 20:59:55,264.0,No,0,0,,-1.0,,0.0,20,0
528635******6503,2015-05-08 14:42:03,276.0,No,0,0,,-1.0,,0.0,14,0
528635******6705,2015-05-22 13:09:12,55.27,No,0,0,,-1.0,,0.0,13,0
528635******7242,2015-05-07 16:07:43,44.0,No,0,0,,-1.0,,0.0,16,0
528635******7362,2015-05-16 08:32:19,138.0,No,0,0,,-1.0,,0.0,8,0
528635******7737,2015-05-28 14:50:31,172.5,Yes,1,0,,-1.0,,0.0,14,0
528635******7737,2015-05-28 15:04:49,172.5,Yes,1,1,2015-05-28 14:50:31,14.3,172.5,0.0,15,0
528635******7929,2015-05-30 13:10:21,50.0,No,0,0,,-1.0,,0.0,13,0
528635******8054,2015-05-22 15:08:04,100.0,No,0,0,,-1.0,,0.0,15,0
528635******8165,2015-05-13 18:56:25,46.0,No,0,0,,-1.0,,0.0,18,0
528635******8365,2015-05-19 13:31:04,5.0,No,0,0,,-1.0,,0.0,13,0
528635******8365,2015-05-19 13:43:47,5.0,No,0,1,2015-05-19 13:31:04,12.716666666666667,5.0,0.0,13,0
528635******9070,2015-05-11 18:03:28,201.25,No,0,0,,-1.0,,0.0,18,0
528635******9320,2015-05-21 19:25:57,23.0,No,0,0,,-1.0,,0.0,19,0
528635******9861,2015-05-11 13:55:07,49.5,No,0,0,,-1.0,,0.0,13,0
528860******1024,2015-05-15 17:05:08,154.0,No,0,0,,-1.0,,0.0,17,0
528860******2198,2015-05-11 19:26:14,154.0,No,0,0,,-1.0,,0.0,19,0
529285******0510,2015-05-12 12:12:57,154.0,No,0,0,,-1.0,,0.0,12,0
529285******1587,2015-05-05 10:50:07,69.0,No,0,0,,-1.0,,0.0,10,0
529285******1587,2015-05-13 11:31:04,55.0,No,0,0,2015-05-05 10:50:07,11560.95,69.0,-0.2028985507246377,11,0
529285******2673,2015-05-28 11:32:29,80.5,No,0,0,,-1.0,,0.0,11,0
529285******9709,2015-05-12 17:24:32,345.5,No,0,0,,-1.0,,0.0,17,0
529323******0037,2015-05-29 18:49:22,132.0,No,0,0,,-1.0,,0.0,18,0
529323******0079,2015-05-13 20:29:03,154.0,No,0,0,,-1.0,,0.0,20,0
529323******0111,2015-05-09 18:08:09,34.5,No,0,0,,-1.0,,0.0,18,0
529323******0140,2015-05-29 07:35:19,92.0,No,0,0,,-1.0,,0.0,7,0
529323******0144,2015-05-21 23:06:16,165.0,No,0,0,,-1.0,,0.0,23,1
529323******0174,2015-05-07 11:15:56,55.0,No,0,0,,-1.0,,0.0,11,0
529323******0174,2015-05-09 21:34:53,66.0,No,0,0,2015-05-07 11:15:56,3498.95,55.0,0.19999999999999996,21,0
529323******0182,2015-05-08 08:57:25,99.0,No,0,0,,-1.0,,0.0,8,0
529323******0207,2015-05-06 12:33:24,103.5,No,0,0,,-1.0,,0.0,12,0
529323******0207,2015-05-11 18:56:05,132.25,No,0,0,2015-05-06 12:33:24,7582.683333333333,103.5,0.2777777777777777,18,0
529323******0260,2015-05-22 20:12:55,132.0,No,0,0,,-1.0,,0.0,20,0
529323******0263,2015-05-29 23:06:37,121.0,No,0,0,,-1.0,,0.0,23,1
529323******0344,2015-05-15 13:44:26,77.0,No,0,0,,-1.0,,0.0,13,0
529323******0361,2015-05-28 22:22:38,88.0,No,0,0,,-1.0,,0.0,22,0
529323******0402,2015-05-14 01:17:59,77.0,No,0,0,,-1.0,,0.0,1,1
529323******0418,2015-05-11 19:26:22,27.5,No,0,0,,-1.0,,0.0,19,0
529323******0546,2015-05-20 15:29:36,70.0,No,0,0,,-1.0,,0.0,15,0
529323******0558,2015-05-29 19:53:28,218.5,No,0,0,,-1.0,,0.0,19,0
529323******0624,2015-05-08 16:21:56,77.0,No,0,0,,-1.0,,0.0,16,0
529323******0655,2015-05-15 21:12:00,165.0,No,0,0,,-1.0,,0.0,21,0
529323******0688,2015-05-21 08:21:01,190.4,No,0,0,,-1.0,,0.0,8,0
529323******0779,2015-05-30 10:57:15,121.0,No,0,0,,-1.0,,0.0,10,0
529323******1054,2015-05-14 23:34:58,23.0,No,0,0,,-1.0,,0.0,23,1
529323******1121,2015-05-12 15:27:16,77.0,No,0,0,,-1.0,,0.0,15,0
529323******1195,2015-05-06 15:00:22,45.2,No,0,0,,-1.0,,0.0,15,0
529323******1234,2015-05-21 15:56:00,92.0,No,0,0,,-1.0,,0.0,15,0
529323******1311,2015-05-21 10:31:54,117.6,No,0,0,,-1.0,,0.0,10,0
529323******1365,2015-05-12 22:26:01,72.8,No,0,0,,-1.0,,0.0,22,0
529323******1385,2015-05-07 13:30:37,104.5,No,0,0,,-1.0,,0.0,13,0
529323******1443,2015-05-29 12:34:04,99.0,No,0,0,,-1.0,,0.0,12,0
529323******1456,2015-05-09 20:40:39,34.5,No,0,0,,-1.0,,0.0,20,0
529323******1456,2015-05-14 13:47:33,78.4,No,0,0,2015-05-09 20:40:39,6786.9,34.5,1.272463768115942,13,0
529323******1468,2015-05-08 13:29:45,143.0,No,0,0,,-1.0,,0.0,13,0
529323******1477,2015-05-09 18:56:01,34.5,No,0,0,,-1.0,,0.0,18,0
529323******1488,2015-05-09 00:42:17,46.0,No,0,0,,-1.0,,0.0,0,1
529323******1521,2015-05-13 15:07:44,78.4,No,0,0,,-1.0,,0.0,15,0
529323******1552,2015-05-29 14:07:37,88.0,No,0,0,,-1.0,,0.0,14,0
529323******1617,2015-05-19 12:13:19,34.5,No,0,0,,-1.0,,0.0,12,0
529323******1617,2015-05-21 14:42:16,46.0,No,0,0,2015-05-19 12:13:19,3028.95,34.5,0.33333333333333326,14,0
529323******1630,2015-05-06 11:53:26,138.0,No,0,0,,-1.0,,0.0,11,0
529323******1652,2015-05-12 07:17:28,70.0,No,0,0,,-1.0,,0.0,7,0
529323******1652,2015-05-13 11:47:10,70.0,No,0,0,2015-05-12 07:17:28,1709.7,70.0,0.0,11,0
529323******1666,2015-05-11 12:05:39,44.8,No,0,0,,-1.0,,0.0,12,0
529323******1725,2015-05-08 17:41:48,66.0,Yes,1,0,,-1.0,,0.0,17,0
529323******1725,2015-05-08 17:52:18,165.0,Yes,1,1,2015-05-08 17:41:48,10.5,66.0,1.5,17,0
529323******1725,2015-05-08 17:53:52,99.0,Yes,1,2,2015-05-08 17:52:18,1.5666666666666667,115.5,-0.1428571428571429,17,0
529323******1725,2015-05-08 18:03:58,99.0,Yes,1,3,2015-05-08 17:53:52,10.1,110.0,-0.09999999999999998,18,0
529323******1725,2015-05-08 18:05:27,132.0,Yes,1,4,2015-05-08 18:03:58,1.4833333333333334,107.25,0.23076923076923084,18,0
529323******1797,2015-05-15 16:48:01,92.0,No,0,0,,-1.0,,0.0,16,0
529323******1799,2015-05-15 18:43:41,154.0,No,0,0,,-1.0,,0.0,18,0
529323******1945,2015-05-18 21:47:11,103.5,No,0,0,,-1.0,,0.0,21,0
529323******2036,2015-05-12 11:43:55,132.25,No,0,0,,-1.0,,0.0,11,0
529323******2047,2015-05-26 14:41:26,34.5,No,0,0,,-1.0,,0.0,14,0
529323******2097,2015-05-30 13:09:25,5.0,No,0,0,,-1.0,,0.0,13,0
529323******2120,2015-05-14 19:51:28,38.5,No,0,0,,-1.0,,0.0,19,0
529323******2136,2015-05-04 10:47:45,92.0,No,0,0,,-1.0,,0.0,10,0
529323******2139,2015-05-14 17:49:14,77.0,No,0,0,,-1.0,,0.0,17,0
529323******2144,2015-05-12 16:41:23,231.0,No,0,0,,-1.0,,0.0,16,0
529323******2189,2015-05-07 21:45:40,88.0,No,0,0,,-1.0,,0.0,21,0
529323******2189,2015-05-27 21:24:21,88.0,No,0,0,2015-05-07 21:45:40,28778.683333333334,88.0,0.0,21,0
529323******2189,2015-05-27 21:54:42,88.0,No,0,1,2015-05-27 21:24:21,30.35,88.0,0.0,21,0
529323******2253,2015-05-17 23:01:19,172.5,No,0,0,,-1.0,,0.0,23,1
529323******2426,2015-05-01 10:46:50,104.5,No,0,0,,-1.0,,0.0,10,0
529323******2445,2015-05-11 15:11:59,104.5,No,0,0,,-1.0,,0.0,15,0
529323******2445,2015-05-29 16:35:47,44.0,No,0,0,2015-05-11 15:11:59,26003.8,104.5,-0.5789473684210527,16,0
529323******2529,2015-05-13 21:40:49,99.0,No,0,0,,-1.0,,0.0,21,0
529323******2529,2015-05-15 16:08:55,77.0,No,0,0,2015-05-13 21:40:49,2548.1,99.0,-0.2222222222222222,16,0
529323******2532,2015-05-12 20:14:28,27.5,No,0,0,,-1.0,,0.0,20,0
529323******2642,2015-05-19 19:50:33,34.5,No,0,0,,-1.0,,0.0,19,0
529323******2775,2015-05-14 13:07:47,154.0,No,0,0,,-1.0,,0.0,13,0
529323******2803,2015-05-27 20:53:53,46.43,No,0,0,,-1.0,,0.0,20,0
529323******2931,2015-05-06 15:17:45,207.0,No,0,0,,-1.0,,0.0,15,0
529323******2981,2015-05-27 17:56:06,121.0,No,0,0,,-1.0,,0.0,17,0
529323******3001,2015-05-19 16:04:57,20.0,No,0,0,,-1.0,,0.0,16,0
529323******3070,2015-05-05 20:37:49,99.0,No,0,0,,-1.0,,0.0,20,0
529323******3084,2015-05-08 12:26:17,143.0,No,0,0,,-1.0,,0.0,12,0
529323******3091,2015-05-08 14:17:51,121.0,No,0,0,,-1.0,,0.0,14,0
529323******3165,2015-05-03 22:39:39,121.0,No,0,0,,-1.0,,0.0,22,0
529323******3273,2015-05-09 19:29:27,34.5,No,0,0,,-1.0,,0.0,19,0
529323******3358,2015-05-15 15:33:02,308.0,No,0,0,,-1.0,,0.0,15,0
529323******3448,2015-05-29 10:35:29,165.0,No,0,0,,-1.0,,0.0,10,0
529323******3523,2015-05-06 09:32:15,231.0,No,0,0,,-1.0,,0.0,9,0
529323******3700,2015-05-16 23:09:36,33.0,No,0,0,,-1.0,,0.0,23,1
529323******3755,2015-05-23 16:25:37,89.6,No,0,0,,-1.0,,0.0,16,0
529323******3816,2015-05-11 19:34:50,44.8,No,0,0,,-1.0,,0.0,19,0
529323******3828,2015-05-08 00:39:44,104.5,No,0,0,,-1.0,,0.0,0,1
529323******3844,2015-05-01 19:56:31,126.5,No,0,0,,-1.0,,0.0,19,0
529323******3870,2015-05-11 11:40:03,156.8,No,0,0,,-1.0,,0.0,11,0
529323******3870,2015-05-11 12:04:53,89.6,No,0,1,2015-05-11 11:40:03,24.833333333333332,156.8,-0.4285714285714286,12,0
529323******3872,2015-05-09 00:15:13,286.0,No,0,0,,-1.0,,0.0,0,1
529323******3872,2015-05-09 00:19:34,286.0,Yes,1,1,2015-05-09 00:15:13,4.35,286.0,0.0,0,1
529323******3879,2015-05-06 09:32:26,187.0,No,0,0,,-1.0,,0.0,9,0
529323******3894,2015-05-28 18:52:25,176.0,No,0,0,,-1.0,,0.0,18,0
529323******3914,2015-05-27 21:22:00,121.0,No,0,0,,-1.0,,0.0,21,0
529323******4012,2015-05-08 17:14:11,110.0,No,0,0,,-1.0,,0.0,17,0
529323******4038,2015-05-26 12:53:27,27.5,No,0,0,,-1.0,,0.0,12,0
529323******4056,2015-05-02 22:29:24,143.0,No,0,0,,-1.0,,0.0,22,0
529323******4074,2015-05-25 13:50:45,39.07,No,0,0,,-1.0,,0.0,13,0
529323******4150,2015-05-28 22:57:35,77.0,No,0,0,,-1.0,,0.0,22,0
529323******4151,2015-05-05 12:22:36,34.5,No,0,0,,-1.0,,0.0,12,0
529323******4151,2015-05-15 18:01:28,154.0,No,0,0,2015-05-05 12:22:36,14738.866666666667,34.5,3.4637681159420293,18,0
529323******4155,2015-05-19 10:24:26,84.0,No,0,0,,-1.0,,0.0,10,0
529323******4253,2015-05-29 11:48:19,80.5,No,0,0,,-1.0,,0.0,11,0
529323******4321,2015-05-21 20:59:34,121.0,No,0,0,,-1.0,,0.0,20,0
529323******4326,2015-05-12 16:13:31,44.8,No,0,0,,-1.0,,0.0,16,0
529323******4349,2015-05-09 21:40:10,66.0,No,0,0,,-1.0,,0.0,21,0
529323******4349,2015-05-29 21:10:13,132.0,No,0,0,2015-05-09 21:40:10,28770.05,66.0,1.0,21,0
529323******4381,2015-05-12 08:13:37,78.4,No,0,0,,-1.0,,0.0,8,0
529323******4399,2015-05-26 22:43:43,15.0,No,0,0,,-1.0,,0.0,22,0
529323******4401,2015-05-15 21:23:27,99.0,No,0,0,,-1.0,,0.0,21,0
529323******4406,2015-05-29 14:06:31,132.0,No,0,0,,-1.0,,0.0,14,0
529323******4584,2015-05-11 17:01:59,154.0,No,0,0,,-1.0,,0.0,17,0
529323******4616,2015-05-28 09:36:53,44.0,No,0,0,,-1.0,,0.0,9,0
529323******4700,2015-05-02 12:41:57,143.0,No,0,0,,-1.0,,0.0,12,0
529323******4774,2015-05-13 11:05:32,56.0,No,0,0,,-1.0,,0.0,11,0
529323******4892,2015-05-19 00:43:22,89.6,No,0,0,,-1.0,,0.0,0,1
529323******4902,2015-05-11 14:24:02,46.0,No,0,0,,-1.0,,0.0,14,0
529323******4902,2015-05-19 21:36:35,23.0,No,0,0,2015-05-11 14:24:02,11952.55,46.0,-0.5,21,0
529323******4917,2015-05-11 21:20:14,27.5,No,0,0,,-1.0,,0.0,21,0
529323******4961,2015-05-07 08:18:55,132.0,No,0,0,,-1.0,,0.0,8,0
529323******4961,2015-05-08 07:52:21,132.0,No,0,1,2015-05-07 08:18:55,1413.4333333333334,132.0,0.0,7,0
529323******4983,2015-05-29 22:00:18,89.6,No,0,0,,-1.0,,0.0,22,0
529323******4984,2015-05-29 17:53:39,34.5,No,0,0,,-1.0,,0.0,17,0
529323******4991,2015-05-09 17:36:44,34.5,No,0,0,,-1.0,,0.0,17,0
529323******5017,2015-05-09 17:57:04,66.0,No,0,0,,-1.0,,0.0,17,0
529323******5045,2015-05-25 13:23:19,112.0,No,0,0,,-1.0,,0.0,13,0
529323******5063,2015-05-11 23:01:44,77.0,No,0,0,,-1.0,,0.0,23,1
529323******5074,2015-05-06 17:00:41,103.5,No,0,0,,-1.0,,0.0,17,0
529323******5121,2015-05-08 12:01:43,99.0,No,0,0,,-1.0,,0.0,12,0
529323******5168,2015-05-29 11:09:04,209.0,No,0,0,,-1.0,,0.0,11,0
529323******5225,2015-05-19 22:09:28,112.0,No,0,0,,-1.0,,0.0,22,0
529323******5288,2015-05-11 13:03:21,132.0,No,0,0,,-1.0,,0.0,13,0
529323******5289,2015-05-10 21:07:01,148.5,No,0,0,,-1.0,,0.0,21,0
529323******5326,2015-05-10 17:55:07,572.0,No,0,0,,-1.0,,0.0,17,0
529323******5381,2015-05-27 21:07:21,44.8,No,0,0,,-1.0,,0.0,21,0
529323******5406,2015-05-19 08:26:48,69.0,No,0,0,,-1.0,,0.0,8,0
529323******5462,2015-05-15 16:09:00,176.0,No,0,0,,-1.0,,0.0,16,0
529323******5462,2015-05-16 01:44:42,132.0,No,0,1,2015-05-15 16:09:00,575.7,176.0,-0.25,1,1
529323******5555,2015-05-11 11:36:59,308.0,No,0,0,,-1.0,,0.0,11,0
529323******5583,2015-05-17 10:20:53,138.0,No,0,0,,-1.0,,0.0,10,0
529323******5675,2015-05-16 02:13:28,297.0,No,0,0,,-1.0,,0.0,2,1
529323******5703,2015-05-19 12:52:03,49.5,No,0,0,,-1.0,,0.0,12,0
529323******5751,2015-05-05 14:44:11,168.0,No,0,0,,-1.0,,0.0,14,0
529323******5922,2015-05-14 19:37:36,154.0,No,0,0,,-1.0,,0.0,19,0
529323******5950,2015-05-08 11:49:00,168.0,No,0,0,,-1.0,,0.0,11,0
529323******5950,2015-05-28 11:07:59,56.0,No,0,0,2015-05-08 11:49:00,28758.983333333334,168.0,-0.6666666666666667,11,0
529323******5967,2015-05-04 21:22:43,132.0,No,0,0,,-1.0,,0.0,21,0
529323******5986,2015-05-29 21:20:57,55.0,No,0,0,,-1.0,,0.0,21,0
529323******5991,2015-05-11 10:23:25,55.0,No,0,0,,-1.0,,0.0,10,0
529323******6036,2015-05-20 10:21:18,35.01,No,0,0,,-1.0,,0.0,10,0
529323******6038,2015-05-28 14:58:10,92.0,No,0,0,,-1.0,,0.0,14,0
529323******6041,2015-05-11 23:07:56,77.0,No,0,0,,-1.0,,0.0,23,1
529323******6041,2015-05-29 00:33:24,110.0,No,0,0,2015-05-11 23:07:56,24565.466666666667,77.0,0.4285714285714286,0,1
529323******6057,2015-05-11 19:29:39,132.25,No,0,0,,-1.0,,0.0,19,0
529323******6057,2015-05-11 19:42:54,132.25,No,0,1,2015-05-11 19:29:39,13.25,132.25,0.0,19,0
529323******6131,2015-05-12 08:12:57,78.4,No,0,0,,-1.0,,0.0,8,0
529323******6194,2015-05-14 11:14:25,78.4,No,0,0,,-1.0,,0.0,11,0
529323******6281,2015-05-26 11:41:16,20.0,No,0,0,,-1.0,,0.0,11,0
529323******6292,2015-05-10 17:27:42,104.5,No,0,0,,-1.0,,0.0,17,0
529323******6295,2015-05-29 17:45:21,88.0,No,0,0,,-1.0,,0.0,17,0
529323******6332,2015-05-27 08:00:10,134.4,No,0,0,,-1.0,,0.0,8,0
529323******6457,2015-05-11 15:04:54,154.0,No,0,0,,-1.0,,0.0,15,0
529323******6490,2015-05-07 12:41:58,77.0,No,0,0,,-1.0,,0.0,12,0
529323******6505,2015-05-14 14:40:56,46.0,No,0,0,,-1.0,,0.0,14,0
529323******6706,2015-05-03 19:35:25,60.0,No,0,0,,-1.0,,0.0,19,0
529323******6838,2015-05-13 23:13:43,154.0,No,0,0,,-1.0,,0.0,23,1
529323******6890,2015-05-26 16:10:12,49.5,No,0,0,,-1.0,,0.0,16,0
529323******6895,2015-05-06 12:26:50,540.0,No,0,0,,-1.0,,0.0,12,0
529323******6975,2015-05-09 20:14:51,138.0,No,0,0,,-1.0,,0.0,20,0
529323******7015,2015-05-14 13:49:15,99.0,No,0,0,,-1.0,,0.0,13,0
529323******7017,2015-05-07 00:15:11,145.6,No,0,0,,-1.0,,0.0,0,1
529323******7324,2015-05-10 23:11:18,55.0,No,0,0,,-1.0,,0.0,23,1
529323******7385,2015-05-30 15:59:52,67.2,No,0,0,,-1.0,,0.0,15,0
529323******7385,2015-05-30 15:59:52,67.2,No,0,0,2015-05-30 15:59:52,0.0,67.2,0.0,15,0
529323******7404,2015-05-13 14:18:20,77.0,No,0,0,,-1.0,,0.0,14,0
529323******7523,2015-05-06 16:38:43,34.5,No,0,0,,-1.0,,0.0,16,0
529323******7715,2015-05-06 09:40:50,297.0,No,0,0,,-1.0,,0.0,9,0
529323******7736,2015-05-12 11:22:05,132.0,No,0,0,,-1.0,,0.0,11,0
529323******7773,2015-05-28 17:15:55,99.0,No,0,0,,-1.0,,0.0,17,0
529323******7789,2015-05-12 21:43:37,165.0,No,0,0,,-1.0,,0.0,21,0
529323******7861,2015-05-27 22:51:38,110.0,No,0,0,,-1.0,,0.0,22,0
529323******7866,2015-05-20 14:32:32,26.45,No,0,0,,-1.0,,0.0,14,0
529323******7934,2015-05-15 18:16:47,99.0,No,0,0,,-1.0,,0.0,18,0
529323******7957,2015-05-24 23:35:42,150.0,No,0,0,,-1.0,,0.0,23,1
529323******7991,2015-05-13 21:32:10,518.25,No,0,0,,-1.0,,0.0,21,0
529323******8039,2015-05-11 19:31:41,201.25,No,0,0,,-1.0,,0.0,19,0
529323******8042,2015-05-22 19:47:28,110.0,No,0,0,,-1.0,,0.0,19,0
529323******8069,2015-05-06 11:13:30,209.0,No,0,0,,-1.0,,0.0,11,0
529323******8081,2015-05-09 16:32:14,69.0,No,0,0,,-1.0,,0.0,16,0
529323******8107,2015-05-25 14:28:20,46.0,No,0,0,,-1.0,,0.0,14,0
529323******8130,2015-05-20 23:11:31,13.5,No,0,0,,-1.0,,0.0,23,1
529323******8135,2015-05-15 17:41:26,77.0,No,0,0,,-1.0,,0.0,17,0
529323******8198,2015-05-24 23:30:42,49.5,No,0,0,,-1.0,,0.0,23,1
529323******8209,2015-05-27 18:33:31,103.5,No,0,0,,-1.0,,0.0,18,0
529323******8265,2015-05-27 22:04:55,134.4,No,0,0,,-1.0,,0.0,22,0
529323******8267,2015-05-27 22:47:47,99.0,No,0,0,,-1.0,,0.0,22,0
529323******8283,2015-05-08 20:37:08,66.0,No,0,0,,-1.0,,0.0,20,0
529323******8342,2015-05-07 13:55:21,69.0,No,0,0,,-1.0,,0.0,13,0
529323******8359,2015-05-11 23:45:42,78.4,No,0,0,,-1.0,,0.0,23,1
529323******8382,2015-05-29 17:48:20,44.0,No,0,0,,-1.0,,0.0,17,0
529323******8402,2015-05-16 01:40:09,132.0,No,0,0,,-1.0,,0.0,1,1
529323******8402,2015-05-28 22:44:08,132.0,No,0,0,2015-05-16 01:40:09,18543.983333333334,132.0,0.0,22,0
529323******8424,2015-05-14 12:08:36,268.8,No,0,0,,-1.0,,0.0,12,0
529323******8510,2015-05-11 15:18:18,78.4,No,0,0,,-1.0,,0.0,15,0
529323******8529,2015-05-06 10:16:02,143.0,No,0,0,,-1.0,,0.0,10,0
529323******8618,2015-05-06 10:36:45,207.0,No,0,0,,-1.0,,0.0,10,0
529323******8629,2015-05-14 16:06:33,154.0,No,0,0,,-1.0,,0.0,16,0
529323******8653,2015-05-14 16:15:17,23.0,No,0,0,,-1.0,,0.0,16,0
529323******8687,2015-05-17 10:47:45,23.0,No,0,0,,-1.0,,0.0,10,0
529323******8725,2015-05-11 17:44:55,78.4,No,0,0,,-1.0,,0.0,17,0
529323******8741,2015-05-15 14:16:52,99.0,No,0,0,,-1.0,,0.0,14,0
529323******8779,2015-05-19 00:52:53,89.6,No,0,0,,-1.0,,0.0,0,1
529323******8818,2015-05-27 18:24:19,132.0,No,0,0,,-1.0,,0.0,18,0
529323******8865,2015-05-17 20:58:40,23.0,No,0,0,,-1.0,,0.0,20,0
529323******8870,2015-05-04 15:59:04,110.0,No,0,0,,-1.0,,0.0,15,0
529323******8870,2015-05-11 21:08:04,235.2,No,0,0,2015-05-04 15:59:04,10389.0,110.0,1.1381818181818182,21,0
529323******8916,2015-05-07 13:43:44,120.75,No,0,0,,-1.0,,0.0,13,0
529323******8916,2015-05-07 13:48:59,120.75,No,0,1,2015-05-07 13:43:44,5.25,120.75,0.0,13,0
529323******8987,2015-05-29 07:07:37,88.0,No,0,0,,-1.0,,0.0,7,0
529323******8996,2015-05-21 08:15:58,110.0,No,0,0,,-1.0,,0.0,8,0
529323******9010,2015-05-29 13:36:17,34.5,No,0,0,,-1.0,,0.0,13,0
529323******9051,2015-05-11 13:56:54,112.0,No,0,0,,-1.0,,0.0,13,0
529323******9104,2015-05-11 19:35:54,121.0,No,0,0,,-1.0,,0.0,19,0
529323******9116,2015-05-06 10:21:18,143.0,No,0,0,,-1.0,,0.0,10,0
529323******9220,2015-05-15 18:01:42,154.0,No,0,0,,-1.0,,0.0,18,0
529323******9247,2015-05-10 21:54:20,148.5,No,0,0,,-1.0,,0.0,21,0
529323******9247,2015-05-12 20:23:32,78.4,No,0,0,2015-05-10 21:54:20,2789.2,148.5,-0.47205387205387206,20,0
529323******9300,2015-05-12 23:05:53,77.0,No,0,0,,-1.0,,0.0,23,1
529323******9303,2015-05-07 10:01:42,115.5,No,0,0,,-1.0,,0.0,10,0
529323******9312,2015-05-16 15:01:55,31.05,No,0,0,,-1.0,,0.0,15,0
529323******9348,2015-05-11 16:25:49,104.5,No,0,0,,-1.0,,0.0,16,0
529323******9406,2015-05-08 11:43:27,143.0,No,0,0,,-1.0,,0.0,11,0
529323******9406,2015-05-08 20:14:24,99.0,No,0,1,2015-05-08 11:43:27,510.95,143.0,-0.3076923076923077,20,0
529323******9406,2015-05-29 11:24:26,99.0,No,0,0,2015-05-08 20:14:24,29710.033333333333,121.0,-0.18181818181818177,11,0
529323******9459,2015-05-15 16:03:00,154.0,No,0,0,,-1.0,,0.0,16,0
529323******9531,2015-05-21 18:53:07,84.0,No,0,0,,-1.0,,0.0,18,0
529323******9583,2015-05-09 17:14:09,66.0,No,0,0,,-1.0,,0.0,17,0
529323******9587,2015-05-22 14:26:20,103.5,No,0,0,,-1.0,,0.0,14,0
529323******9592,2015-05-11 12:17:21,104.5,No,0,0,,-1.0,,0.0,12,0
529323******9600,2015-05-08 19:53:24,143.0,No,0,0,,-1.0,,0.0,19,0
529323******9600,2015-05-12 21:21:50,78.4,No,0,0,2015-05-08 19:53:24,5848.433333333333,143.0,-0.45174825174825173,21,0
529323******9658,2015-05-28 00:29:42,99.0,No,0,0,,-1.0,,0.0,0,1
529323******9658,2015-05-30 12:36:53,88.0,No,0,0,2015-05-28 00:29:42,3607.1833333333334,99.0,-0.11111111111111116,12,0
529323******9673,2015-05-28 20:07:09,92.0,No,0,0,,-1.0,,0.0,20,0
529323******9681,2015-05-28 13:13:18,44.0,No,0,0,,-1.0,,0.0,13,0
529323******9816,2015-05-18 22:22:28,84.0,No,0,0,,-1.0,,0.0,22,0
529323******9829,2015-05-12 19:29:53,154.0,No,0,0,,-1.0,,0.0,19,0
529323******9829,2015-05-12 19:48:42,154.0,No,0,1,2015-05-12 19:29:53,18.816666666666666,154.0,0.0,19,0
529323******9860,2015-05-20 10:10:45,34.5,No,0,0,,-1.0,,0.0,10,0
529323******9860,2015-05-22 11:39:11,46.0,No,0,0,2015-05-20 10:10:45,2968.4333333333334,34.5,0.33333333333333326,11,0
529323******9860,2015-05-22 14:02:52,46.0,No,0,1,2015-05-22 11:39:11,143.68333333333334,40.25,0.1428571428571428,14,0
529323******9984,2015-05-12 04:19:22,49.5,No,0,0,,-1.0,,0.0,4,1
529861******3012,2015-05-01 14:18:14,36.66,No,0,0,,-1.0,,0.0,14,0
529861******3014,2015-05-26 11:15:17,176.0,No,0,0,,-1.0,,0.0,11,0
530033******1544,2015-05-19 14:39:04,374.0,No,0,0,,-1.0,,0.0,14,0
530033******4091,2015-05-18 21:34:23,70.0,No,0,0,,-1.0,,0.0,21,0
530033******6153,2015-05-25 20:26:52,55.0,No,0,0,,-1.0,,0.0,20,0
530033******6424,2015-05-15 20:31:47,33.0,No,0,0,,-1.0,,0.0,20,0
530033******7809,2015-05-15 08:57:04,154.0,No,0,0,,-1.0,,0.0,8,0
530033******7809,2015-05-15 18:08:46,154.0,No,0,1,2015-05-15 08:57:04,551.7,154.0,0.0,18,0
530034******0050,2015-05-15 17:19:23,23.0,No,0,0,,-1.0,,0.0,17,0
530034******0209,2015-05-22 13:07:00,195.5,No,0,0,,-1.0,,0.0,13,0
530034******0222,2015-05-15 22:56:41,16.5,No,0,0,,-1.0,,0.0,22,0
530034******0339,2015-05-14 14:02:03,132.0,No,0,0,,-1.0,,0.0,14,0
530034******0342,2015-05-22 11:10:35,27.0,No,0,0,,-1.0,,0.0,11,0
530034******0613,2015-05-29 15:02:12,46.0,No,0,0,,-1.0,,0.0,15,0
530034******0666,2015-05-22 15:44:08,46.0,No,0,0,,-1.0,,0.0,15,0
530034******0824,2015-05-04 20:48:18,110.0,No,0,0,,-1.0,,0.0,20,0
530034******1115,2015-05-12 22:19:02,18.34,No,0,0,,-1.0,,0.0,22,0
530034******1115,2015-05-15 18:31:37,18.34,No,0,0,2015-05-12 22:19:02,4092.5833333333335,18.34,0.0,18,0
530034******1146,2015-05-22 11:14:58,132.0,No,0,0,,-1.0,,0.0,11,0
530034******1181,2015-05-19 19:40:19,95.2,No,0,0,,-1.0,,0.0,19,0
530034******1965,2015-05-02 15:56:55,345.0,No,0,0,,-1.0,,0.0,15,0
530034******2265,2015-05-12 08:04:11,154.0,No,0,0,,-1.0,,0.0,8,0
530034******2383,2015-05-13 19:55:10,495.0,No,0,0,,-1.0,,0.0,19,0
530034******2383,2015-05-28 16:31:28,99.0,No,0,0,2015-05-13 19:55:10,21396.3,495.0,-0.8,16,0
530034******2825,2015-05-05 16:16:06,89.6,No,0,0,,-1.0,,0.0,16,0
530034******2901,2015-05-11 15:21:35,18.34,No,0,0,,-1.0,,0.0,15,0
530034******2902,2015-05-20 18:04:54,92.0,No,0,0,,-1.0,,0.0,18,0
530034******2993,2015-05-28 23:42:22,103.5,No,0,0,,-1.0,,0.0,23,1
530034******3289,2015-05-18 00:41:04,122.53,No,0,0,,-1.0,,0.0,0,1
530034******3305,2015-05-02 16:56:05,207.0,No,0,0,,-1.0,,0.0,16,0
530034******3737,2015-05-02 14:48:27,48.0,No,0,0,,-1.0,,0.0,14,0
530034******3842,2015-05-29 15:09:11,88.0,No,0,0,,-1.0,,0.0,15,0
530034******4565,2015-05-26 09:39:36,46.69,No,0,0,,-1.0,,0.0,9,0
530034******4651,2015-05-25 21:02:51,92.0,No,0,0,,-1.0,,0.0,21,0
530034******4790,2015-05-11 15:06:48,49.5,No,0,0,,-1.0,,0.0,15,0
530034******4861,2015-05-15 17:15:02,220.0,No,0,0,,-1.0,,0.0,17,0
530034******4981,2015-05-12 23:03:56,253.0,No,0,0,,-1.0,,0.0,23,1
530034******5058,2015-05-26 18:48:43,138.0,No,0,0,,-1.0,,0.0,18,0
530034******5158,2015-05-01 21:07:08,175.08,No,0,0,,-1.0,,0.0,21,0
530034******5206,2015-05-04 17:55:45,80.5,No,0,0,,-1.0,,0.0,17,0
530034******5581,2015-05-19 14:07:31,46.0,No,0,0,,-1.0,,0.0,14,0
530034******5771,2015-05-30 18:20:44,15.0,No,0,0,,-1.0,,0.0,18,0
530034******5771,2015-05-30 18:20:44,15.0,No,0,0,2015-05-30 18:20:44,0.0,15.0,0.0,18,0
530034******5994,2015-05-13 15:36:21,56.0,No,0,0,,-1.0,,0.0,15,0
530034******6195,2015-05-17 20:03:59,46.0,No,0,0,,-1.0,,0.0,20,0
530034******6267,2015-05-21 11:30:55,55.0,Yes,1,0,,-1.0,,0.0,11,0
530034******6267,2015-05-21 11:32:00,27.91,Yes,1,1,2015-05-21 11:30:55,1.0833333333333333,55.0,-0.4925454545454545,11,0
530034******6306,2015-05-11 20:18:29,92.0,No,0,0,,-1.0,,0.0,20,0
530034******6340,2015-05-23 13:30:11,25.0,No,0,0,,-1.0,,0.0,13,0
530034******6346,2015-05-16 10:56:08,55.0,No,0,0,,-1.0,,0.0,10,0
530034******6433,2015-05-28 18:12:44,121.0,No,0,0,,-1.0,,0.0,18,0
530034******6467,2015-05-15 15:02:14,132.0,No,0,0,,-1.0,,0.0,15,0
530034******6570,2015-05-24 20:17:59,5.0,No,0,0,,-1.0,,0.0,20,0
530034******6626,2015-05-14 17:45:19,144.0,No,0,0,,-1.0,,0.0,17,0
530034******6656,2015-05-13 12:44:03,28.0,No,0,0,,-1.0,,0.0,12,0
530034******6750,2015-05-03 21:03:16,110.0,No,0,0,,-1.0,,0.0,21,0
530034******6774,2015-05-08 19:01:25,154.0,No,0,0,,-1.0,,0.0,19,0
530034******6929,2015-05-15 18:21:54,60.0,No,0,0,,-1.0,,0.0,18,0
530034******7062,2015-05-15 11:38:39,176.0,Yes,1,0,,-1.0,,0.0,11,0
530034******7288,2015-05-18 17:58:03,31.05,No,0,0,,-1.0,,0.0,17,0
530034******7444,2015-05-25 22:35:49,184.0,No,0,0,,-1.0,,0.0,22,0
530034******7550,2015-05-05 22:26:33,132.0,No,0,0,,-1.0,,0.0,22,0
530034******7550,2015-05-09 19:23:37,88.0,No,0,0,2015-05-05 22:26:33,5577.066666666667,132.0,-0.33333333333333337,19,0
530034******7628,2015-05-05 20:58:13,110.0,No,0,0,,-1.0,,0.0,20,0
530034******7628,2015-05-05 21:09:35,110.0,No,0,1,2015-05-05 20:58:13,11.366666666666667,110.0,0.0,21,0
530034******7680,2015-05-14 15:44:38,154.0,No,0,0,,-1.0,,0.0,15,0
530034******8331,2015-05-16 20:39:15,33.0,No,0,0,,-1.0,,0.0,20,0
530034******8746,2015-05-29 16:40:49,100.0,No,0,0,,-1.0,,0.0,16,0
530034******8885,2015-05-19 17:15:22,66.0,No,0,0,,-1.0,,0.0,17,0
530034******9370,2015-05-06 00:25:40,115.0,No,0,0,,-1.0,,0.0,0,1
530034******9497,2015-05-08 15:39:08,120.0,No,0,0,,-1.0,,0.0,15,0
530034******9637,2015-05-06 09:48:59,66.0,No,0,0,,-1.0,,0.0,9,0
530034******9940,2015-05-18 15:51:28,110.0,No,0,0,,-1.0,,0.0,15,0
530452******3252,2015-05-15 15:29:25,46.0,No,0,0,,-1.0,,0.0,15,0
530780******0229,2015-05-09 12:48:55,33.0,No,0,0,,-1.0,,0.0,12,0
530780******2152,2015-05-04 22:47:15,66.0,No,0,0,,-1.0,,0.0,22,0
530780******2829,2015-05-05 11:40:03,103.5,No,0,0,,-1.0,,0.0,11,0
530780******2889,2015-05-15 18:32:56,99.0,No,0,0,,-1.0,,0.0,18,0
530780******2921,2015-05-12 20:52:46,49.5,No,0,0,,-1.0,,0.0,20,0
530780******3176,2015-05-22 15:23:07,46.0,No,0,0,,-1.0,,0.0,15,0
530780******4017,2015-05-13 23:31:30,49.5,No,0,0,,-1.0,,0.0,23,1
530780******4205,2015-05-13 21:14:14,103.5,No,0,0,,-1.0,,0.0,21,0
530780******4643,2015-05-05 21:40:43,46.0,No,0,0,,-1.0,,0.0,21,0
530780******5033,2015-05-16 11:06:54,16.5,No,0,0,,-1.0,,0.0,11,0
530780******5033,2015-05-16 11:29:07,16.5,No,0,1,2015-05-16 11:06:54,22.216666666666665,16.5,0.0,11,0
530780******5731,2015-05-09 23:11:12,31.05,No,0,0,,-1.0,,0.0,23,1
530780******6001,2015-05-21 23:21:14,253.0,No,0,0,,-1.0,,0.0,23,1
530780******7606,2015-05-06 13:29:12,57.5,No,0,0,,-1.0,,0.0,13,0
530780******7606,2015-05-06 13:30:50,57.5,No,0,1,2015-05-06 13:29:12,1.6333333333333333,57.5,0.0,13,0
530780******7606,2015-05-06 13:32:57,57.5,No,0,2,2015-05-06 13:30:50,2.1166666666666667,57.5,0.0,13,0
530780******7606,2015-05-06 13:34:56,57.5,No,0,3,2015-05-06 13:32:57,1.9833333333333334,57.5,0.0,13,0
530780******7606,2015-05-06 13:40:41,57.5,No,0,4,2015-05-06 13:34:56,5.75,57.5,0.0,13,0
530780******8496,2015-05-10 12:58:54,46.69,No,0,0,,-1.0,,0.0,12,0
530780******8605,2015-05-20 22:46:47,57.5,No,0,0,,-1.0,,0.0,22,0
530780******8723,2015-05-10 16:02:37,259.2,No,0,0,,-1.0,,0.0,16,0
530780******9208,2015-05-16 20:20:57,33.0,No,0,0,,-1.0,,0.0,20,0
530780******9389,2015-05-19 11:50:27,20.0,No,0,0,,-1.0,,0.0,11,0
530780******9815,2015-05-15 18:57:29,33.0,No,0,0,,-1.0,,0.0,18,0
530780******9943,2015-05-16 13:04:49,16.5,No,0,0,,-1.0,,0.0,13,0
530994******2939,2015-05-03 10:43:11,46.0,No,0,0,,-1.0,,0.0,10,0
530994******3938,2015-05-05 23:32:56,33.0,No,0,0,,-1.0,,0.0,23,1
530994******6280,2015-05-16 17:24:02,16.5,No,0,0,,-1.0,,0.0,17,0
530994******6524,2015-05-16 15:37:50,16.5,No,0,0,,-1.0,,0.0,15,0
530994******6718,2015-05-26 23:20:41,46.0,No,0,0,,-1.0,,0.0,23,1
530994******7925,2015-05-22 16:15:57,92.0,No,0,0,,-1.0,,0.0,16,0
530994******7925,2015-05-26 16:34:10,23.35,No,0,0,2015-05-22 16:15:57,5778.216666666666,92.0,-0.746195652173913,16,0
530994******8013,2015-05-15 18:01:26,154.0,No,0,0,,-1.0,,0.0,18,0
530994******9377,2015-05-08 18:21:46,336.0,No,0,0,,-1.0,,0.0,18,0
530994******9887,2015-05-08 16:05:21,33.0,No,0,0,,-1.0,,0.0,16,0
530994******9887,2015-05-13 16:16:14,16.5,No,0,0,2015-05-08 16:05:21,7210.883333333333,33.0,-0.5,16,0
530994******9995,2015-05-16 20:13:06,16.5,No,0,0,,-1.0,,0.0,20,0
531304******1012,2015-05-22 00:26:45,210.0,No,0,0,,-1.0,,0.0,0,1
531304******3020,2015-05-23 16:50:26,86.0,No,0,0,,-1.0,,0.0,16,0
531304******6045,2015-05-07 15:46:19,207.0,No,0,0,,-1.0,,0.0,15,0
531654******5297,2015-05-08 14:49:59,69.0,No,0,0,,-1.0,,0.0,14,0
531681******0125,2015-05-06 14:26:56,49.5,No,0,0,,-1.0,,0.0,14,0
531681******0635,2015-05-09 10:14:01,28.0,No,0,0,,-1.0,,0.0,10,0
531681******0635,2015-05-09 10:23:48,34.5,No,0,1,2015-05-09 10:14:01,9.783333333333333,28.0,0.2321428571428572,10,0
531681******0736,2015-05-29 15:48:29,110.0,No,0,0,,-1.0,,0.0,15,0
531681******0875,2015-05-12 15:53:19,99.0,No,0,0,,-1.0,,0.0,15,0
531681******0884,2015-05-10 18:40:23,110.0,No,0,0,,-1.0,,0.0,18,0
531681******1358,2015-05-24 14:17:40,5.0,No,0,0,,-1.0,,0.0,14,0
531681******1456,2015-05-05 16:07:17,143.0,No,0,0,,-1.0,,0.0,16,0
531681******1489,2015-05-18 20:25:40,78.4,No,0,0,,-1.0,,0.0,20,0
531681******1641,2015-05-21 20:08:43,82.4,No,0,0,,-1.0,,0.0,20,0
531681******1697,2015-05-11 20:03:10,180.0,No,0,0,,-1.0,,0.0,20,0
531681******1782,2015-05-09 10:48:40,62.1,No,0,0,,-1.0,,0.0,10,0
531681******1805,2015-05-29 17:48:22,34.5,No,0,0,,-1.0,,0.0,17,0
531681******1909,2015-05-10 21:22:52,16.5,No,0,0,,-1.0,,0.0,21,0
531681******1997,2015-05-02 17:36:22,55.0,No,0,0,,-1.0,,0.0,17,0
531681******2716,2015-05-16 23:32:16,88.0,No,0,0,,-1.0,,0.0,23,1
531681******2790,2015-05-15 13:50:35,92.0,No,0,0,,-1.0,,0.0,13,0
531681******3008,2015-05-15 13:20:17,69.0,No,0,0,,-1.0,,0.0,13,0
531681******3059,2015-05-28 18:04:43,93.5,No,0,0,,-1.0,,0.0,18,0
531681******3084,2015-05-30 18:19:23,20.0,No,0,0,,-1.0,,0.0,18,0
531681******3084,2015-05-30 18:19:23,20.0,No,0,0,2015-05-30 18:19:23,0.0,20.0,0.0,18,0
531681******3236,2015-05-06 18:37:30,143.0,No,0,0,,-1.0,,0.0,18,0
531681******3306,2015-05-10 20:41:58,148.5,No,0,0,,-1.0,,0.0,20,0
531681******3827,2015-05-25 16:55:44,75.6,No,0,0,,-1.0,,0.0,16,0
531681******4090,2015-05-04 07:44:32,111.65,No,0,0,,-1.0,,0.0,7,0
531681******4106,2015-05-25 08:18:32,112.0,No,0,0,,-1.0,,0.0,8,0
531681******4305,2015-05-30 19:51:28,15.0,No,0,0,,-1.0,,0.0,19,0
531681******4305,2015-05-30 19:51:28,15.0,No,0,0,2015-05-30 19:51:28,0.0,15.0,0.0,19,0
531681******4624,2015-05-05 15:16:45,143.0,No,0,0,,-1.0,,0.0,15,0
531681******4713,2015-05-15 12:40:02,224.0,No,0,0,,-1.0,,0.0,12,0
531681******5172,2015-05-05 15:36:58,34.5,Yes,1,0,,-1.0,,0.0,15,0
531681******5172,2015-05-05 15:38:31,57.5,Yes,1,1,2015-05-05 15:36:58,1.55,34.5,0.6666666666666667,15,0
531681******5172,2015-05-05 15:39:39,57.5,Yes,1,2,2015-05-05 15:38:31,1.1333333333333333,46.0,0.25,15,0
531681******5172,2015-05-05 15:40:45,57.5,Yes,1,3,2015-05-05 15:39:39,1.1,49.833333333333336,0.15384615384615374,15,0
531681******5172,2015-05-05 15:42:03,57.5,Yes,1,4,2015-05-05 15:40:45,1.3,51.75,0.11111111111111116,15,0
531681******5172,2015-05-05 15:43:15,57.5,Yes,1,5,2015-05-05 15:42:03,1.2,52.9,0.08695652173913038,15,0
531681******5677,2015-05-02 00:49:14,89.6,No,0,0,,-1.0,,0.0,0,1
531681******5699,2015-05-04 20:07:41,111.65,No,0,0,,-1.0,,0.0,20,0
531681******5853,2015-05-03 22:42:49,66.0,No,0,0,,-1.0,,0.0,22,0
531681******5853,2015-05-14 10:09:43,78.4,No,0,0,2015-05-03 22:42:49,15086.9,66.0,0.18787878787878798,10,0
531681******6837,2015-05-24 21:20:54,10.0,No,0,0,,-1.0,,0.0,21,0
531681******7254,2015-05-07 21:28:13,99.0,No,0,0,,-1.0,,0.0,21,0
531681******7335,2015-05-07 13:56:49,362.25,No,0,0,,-1.0,,0.0,13,0
531681******7387,2015-05-22 12:22:00,132.0,No,0,0,,-1.0,,0.0,12,0
531681******7432,2015-05-08 17:56:16,69.0,No,0,0,,-1.0,,0.0,17,0
531681******7839,2015-05-28 16:56:55,49.5,No,0,0,,-1.0,,0.0,16,0
531681******7895,2015-05-22 08:23:45,20.0,No,0,0,,-1.0,,0.0,8,0
531681******7974,2015-05-11 10:45:17,55.0,No,0,0,,-1.0,,0.0,10,0
531681******8197,2015-05-22 06:36:37,10.0,No,0,0,,-1.0,,0.0,6,0
531681******8247,2015-05-12 13:39:28,110.0,No,0,0,,-1.0,,0.0,13,0
531681******8468,2015-05-13 08:12:28,145.6,No,0,0,,-1.0,,0.0,8,0
531681******8777,2015-05-01 16:55:10,49.5,No,0,0,,-1.0,,0.0,16,0
531681******9237,2015-05-15 14:40:18,308.0,No,0,0,,-1.0,,0.0,14,0
531681******9402,2015-05-22 14:19:52,46.0,No,0,0,,-1.0,,0.0,14,0
531681******9751,2015-05-14 22:53:05,154.0,No,0,0,,-1.0,,0.0,22,0
531681******9778,2015-05-01 01:32:46,132.0,No,0,0,,-1.0,,0.0,1,1
531681******9892,2015-05-13 16:39:46,264.0,No,0,0,,-1.0,,0.0,16,0
531705******0558,2015-05-22 14:08:13,23.0,No,0,0,,-1.0,,0.0,14,0
531705******1034,2015-05-28 14:44:29,46.0,Yes,1,0,,-1.0,,0.0,14,0
531705******1034,2015-05-28 14:45:35,46.0,Yes,1,1,2015-05-28 14:44:29,1.1,46.0,0.0,14,0
531705******1034,2015-05-28 14:46:56,46.0,Yes,1,2,2015-05-28 14:45:35,1.35,46.0,0.0,14,0
531705******1034,2015-05-28 14:48:09,46.0,Yes,1,3,2015-05-28 14:46:56,1.2166666666666666,46.0,0.0,14,0
531705******3646,2015-05-07 00:54:38,57.5,Yes,1,0,,-1.0,,0.0,0,1
531705******3646,2015-05-07 00:56:57,57.5,Yes,1,1,2015-05-07 00:54:38,2.316666666666667,57.5,0.0,0,1
531705******3646,2015-05-07 00:58:36,57.5,Yes,1,2,2015-05-07 00:56:57,1.65,57.5,0.0,0,1
531705******4742,2015-05-12 09:16:09,49.5,No,0,0,,-1.0,,0.0,9,0
531705******5211,2015-05-05 12:17:53,72.0,No,0,0,,-1.0,,0.0,12,0
531705******5483,2015-05-21 17:14:21,23.0,No,0,0,,-1.0,,0.0,17,0
531705******6859,2015-05-19 12:57:24,15.0,No,0,0,,-1.0,,0.0,12,0
531705******7119,2015-05-19 14:54:59,23.0,No,0,0,,-1.0,,0.0,14,0
531705******7239,2015-05-21 23:04:48,23.0,No,0,0,,-1.0,,0.0,23,1
531705******7239,2015-05-21 23:09:26,23.0,No,0,1,2015-05-21 23:04:48,4.633333333333334,23.0,0.0,23,1
531705******7239,2015-05-21 23:15:21,23.0,No,0,2,2015-05-21 23:09:26,5.916666666666667,23.0,0.0,23,1
531705******9309,2015-05-15 13:50:32,154.0,No,0,0,,-1.0,,0.0,13,0
532473******1045,2015-05-29 14:51:25,79.5,No,0,0,,-1.0,,0.0,14,0
532930******0111,2015-05-26 13:10:31,20.0,No,0,0,,-1.0,,0.0,13,0
532930******3210,2015-05-13 16:27:21,154.0,No,0,0,,-1.0,,0.0,16,0
532930******4317,2015-05-10 21:26:32,104.5,No,0,0,,-1.0,,0.0,21,0
532930******6114,2015-05-29 09:16:19,403.2,No,0,0,,-1.0,,0.0,9,0
532930******6116,2015-05-01 18:25:23,104.5,No,0,0,,-1.0,,0.0,18,0
532930******6118,2015-05-28 14:04:35,100.8,No,0,0,,-1.0,,0.0,14,0
532930******7115,2015-05-08 15:30:47,88.0,No,0,0,,-1.0,,0.0,15,0
532930******7117,2015-05-29 20:51:26,132.0,No,0,0,,-1.0,,0.0,20,0
532930******7218,2015-05-01 15:12:28,72.0,No,0,0,,-1.0,,0.0,15,0
532930******8119,2015-05-06 11:19:04,207.0,No,0,0,,-1.0,,0.0,11,0
532930******9129,2015-05-25 10:14:48,10.0,No,0,0,,-1.0,,0.0,10,0
532930******9233,2015-05-29 12:04:49,88.0,No,0,0,,-1.0,,0.0,12,0
532930******9312,2015-05-11 23:49:11,264.5,No,0,0,,-1.0,,0.0,23,1
532930******9312,2015-05-12 18:47:31,345.5,No,0,1,2015-05-11 23:49:11,1138.3333333333333,264.5,0.3062381852551985,18,0
532930******9322,2015-05-11 22:46:46,154.0,No,0,0,,-1.0,,0.0,22,0
534246******4016,2015-05-21 22:46:34,132.0,No,0,0,,-1.0,,0.0,22,0
534246******8012,2015-05-11 20:01:36,55.0,No,0,0,,-1.0,,0.0,20,0
534503******2380,2015-05-14 16:28:57,18.34,No,0,0,,-1.0,,0.0,16,0
534503******3645,2015-05-03 11:14:24,352.0,No,0,0,,-1.0,,0.0,11,0
534513******6571,2015-05-26 12:52:19,37.77,No,0,0,,-1.0,,0.0,12,0
534513******9313,2015-05-15 09:55:44,154.0,No,0,0,,-1.0,,0.0,9,0
535081******4294,2015-05-22 00:52:32,46.0,No,0,0,,-1.0,,0.0,0,1
535081******6632,2015-05-12 14:55:51,30.45,No,0,0,,-1.0,,0.0,14,0
535081******9571,2015-05-07 10:43:38,89.6,No,0,0,,-1.0,,0.0,10,0
535088******2002,2015-05-07 14:37:38,46.0,No,0,0,,-1.0,,0.0,14,0
535091******7924,2015-05-07 20:47:12,23.0,No,0,0,,-1.0,,0.0,20,0
535094******2339,2015-05-29 22:34:17,132.0,No,0,0,,-1.0,,0.0,22,0
535094******3483,2015-05-06 15:06:03,103.5,No,0,0,,-1.0,,0.0,15,0
535094******7195,2015-05-11 17:52:52,34.5,Yes,1,0,,-1.0,,0.0,17,0
535858******1168,2015-05-01 20:13:11,207.0,Yes,1,0,,-1.0,,0.0,20,0
535858******2823,2015-05-29 14:59:13,36.66,No,0,0,,-1.0,,0.0,14,0
535858******3861,2015-05-21 11:52:35,79.35,No,0,0,,-1.0,,0.0,11,0
535858******5653,2015-05-25 20:10:30,57.5,No,0,0,,-1.0,,0.0,20,0
535858******6929,2015-05-13 16:17:39,31.59,No,0,0,,-1.0,,0.0,16,0
535858******6929,2015-05-29 10:51:40,46.69,No,0,0,2015-05-13 16:17:39,22714.016666666666,31.59,0.4779993668882556,10,0
535867******2940,2015-05-06 14:53:48,154.0,No,0,0,,-1.0,,0.0,14,0
536143******1324,2015-05-26 11:20:02,78.15,No,0,0,,-1.0,,0.0,11,0
536143******5955,2015-05-26 13:04:41,176.0,No,0,0,,-1.0,,0.0,13,0
536143******8897,2015-05-15 15:20:16,154.0,No,0,0,,-1.0,,0.0,15,0
536380******0111,2015-05-07 19:07:30,156.8,No,0,0,,-1.0,,0.0,19,0
536380******0111,2015-05-13 22:06:38,33.0,No,0,0,2015-05-07 19:07:30,8819.133333333333,156.8,-0.7895408163265306,22,0
536380******0124,2015-05-06 22:25:15,99.0,No,0,0,,-1.0,,0.0,22,0
536380******3220,2015-05-15 16:30:38,154.0,No,0,0,,-1.0,,0.0,16,0
536380******4116,2015-05-13 15:42:39,110.0,No,0,0,,-1.0,,0.0,15,0
536380******5113,2015-05-29 18:52:41,88.0,No,0,0,,-1.0,,0.0,18,0
536380******9121,2015-05-14 10:14:08,93.15,No,0,0,,-1.0,,0.0,10,0
536518******0200,2015-05-16 21:49:03,120.0,No,0,0,,-1.0,,0.0,21,0
536518******0200,2015-05-21 08:21:16,86.0,No,0,0,2015-05-16 21:49:03,6392.216666666666,120.0,-0.2833333333333333,8,0
536518******1102,2015-05-16 12:38:13,116.72,No,0,0,,-1.0,,0.0,12,0
536518******1102,2015-05-16 15:25:00,360.0,No,0,1,2015-05-16 12:38:13,166.78333333333333,116.72,2.0843043180260454,15,0
536518******1103,2015-05-08 13:12:04,34.5,No,0,0,,-1.0,,0.0,13,0
536518******1115,2015-05-19 17:36:47,10.0,No,0,0,,-1.0,,0.0,17,0
536518******2101,2015-05-07 15:32:48,275.0,No,0,0,,-1.0,,0.0,15,0
536518******2101,2015-05-08 14:37:05,230.0,No,0,1,2015-05-07 15:32:48,1384.2833333333333,275.0,-0.1636363636363637,14,0
536518******2108,2015-05-01 00:01:54,36.54,No,0,0,,-1.0,,0.0,0,1
536518******2108,2015-05-01 00:03:46,36.54,No,0,1,2015-05-01 00:01:54,1.8666666666666667,36.54,0.0,0,1
536518******2109,2015-05-29 18:41:31,110.0,No,0,0,,-1.0,,0.0,18,0
536518******2203,2015-05-06 19:27:00,16.5,No,0,0,,-1.0,,0.0,19,0
536518******2207,2015-05-13 10:39:28,176.0,No,0,0,,-1.0,,0.0,10,0
536518******3102,2015-05-25 21:42:32,86.0,No,0,0,,-1.0,,0.0,21,0
536518******3105,2015-05-09 19:26:43,132.0,No,0,0,,-1.0,,0.0,19,0
536518******3118,2015-05-07 14:57:27,29.34,No,0,0,,-1.0,,0.0,14,0
536518******3201,2015-05-29 10:16:11,55.0,No,0,0,,-1.0,,0.0,10,0
536518******4101,2015-05-07 20:15:02,116.72,No,0,0,,-1.0,,0.0,20,0
536518******4101,2015-05-15 16:41:35,154.0,No,0,0,2015-05-07 20:15:02,11306.55,116.72,0.31939684715558614,16,0
536518******4215,2015-05-06 14:24:53,74.16,No,0,0,,-1.0,,0.0,14,0
536518******5126,2015-05-08 12:55:36,176.0,No,0,0,,-1.0,,0.0,12,0
536518******6100,2015-05-04 23:43:10,115.0,No,0,0,,-1.0,,0.0,23,1
536518******6100,2015-05-05 18:52:33,23.0,No,0,1,2015-05-04 23:43:10,1149.3833333333334,115.0,-0.8,18,0
536518******6100,2015-05-21 23:37:46,209.0,No,0,0,2015-05-05 18:52:33,23325.216666666667,69.0,2.028985507246377,23,1
536518******6101,2015-05-16 11:45:24,49.5,No,0,0,,-1.0,,0.0,11,0
536518******7108,2015-05-06 12:57:29,24.71,No,0,0,,-1.0,,0.0,12,0
536518******7108,2015-05-07 10:35:15,115.5,No,0,1,2015-05-06 12:57:29,1297.7666666666667,24.71,3.6742209631728047,10,0
536518******9101,2015-05-12 09:10:00,176.0,No,0,0,,-1.0,,0.0,9,0
536518******9109,2015-05-19 21:43:37,138.0,No,0,0,,-1.0,,0.0,21,0
536518******9115,2015-05-07 23:30:41,110.0,No,0,0,,-1.0,,0.0,23,1
536537******8118,2015-05-05 17:33:18,220.0,No,0,0,,-1.0,,0.0,17,0
538818******6989,2015-05-29 15:12:46,138.0,No,0,0,,-1.0,,0.0,15,0
539016******0424,2015-05-13 14:31:26,172.75,No,0,0,,-1.0,,0.0,14,0
539016******4477,2015-05-04 22:39:24,253.0,No,0,0,,-1.0,,0.0,22,0
539016******5714,2015-05-19 13:57:13,10.0,No,0,0,,-1.0,,0.0,13,0
539016******6500,2015-05-14 22:01:44,23.0,No,0,0,,-1.0,,0.0,22,0
539016******7303,2015-05-21 19:17:39,23.0,No,0,0,,-1.0,,0.0,19,0
539016******8277,2015-05-22 14:40:22,103.5,No,0,0,,-1.0,,0.0,14,0
539018******3123,2015-05-25 22:32:29,30.0,No,0,0,,-1.0,,0.0,22,0
539018******6900,2015-05-22 01:05:29,23.0,No,0,0,,-1.0,,0.0,1,1
539028******0373,2015-05-13 16:35:57,44.8,No,0,0,,-1.0,,0.0,16,0
539028******0516,2015-05-21 22:21:34,112.0,No,0,0,,-1.0,,0.0,22,0
539028******0547,2015-05-01 11:41:42,66.0,No,0,0,,-1.0,,0.0,11,0
539028******0547,2015-05-11 13:43:51,88.0,No,0,0,2015-05-01 11:41:42,14522.15,66.0,0.33333333333333326,13,0
539028******1106,2015-05-07 09:08:30,88.0,No,0,0,,-1.0,,0.0,9,0
539028******1161,2015-05-12 22:04:31,55.0,No,0,0,,-1.0,,0.0,22,0
539028******1376,2015-05-08 06:11:50,143.0,No,0,0,,-1.0,,0.0,6,0
539028******1614,2015-05-04 15:21:11,241.5,No,0,0,,-1.0,,0.0,15,0
539028******1778,2015-05-29 20:22:23,55.0,No,0,0,,-1.0,,0.0,20,0
539028******3406,2015-05-15 22:00:17,132.0,No,0,0,,-1.0,,0.0,22,0
539028******4197,2015-05-06 17:32:00,34.5,No,0,0,,-1.0,,0.0,17,0
539028******4712,2015-05-07 22:03:56,110.0,No,0,0,,-1.0,,0.0,22,0
539028******4903,2015-05-16 14:09:30,150.0,No,0,0,,-1.0,,0.0,14,0
539028******5301,2015-05-08 10:16:39,77.0,No,0,0,,-1.0,,0.0,10,0
539028******5301,2015-05-28 10:58:08,190.4,No,0,0,2015-05-08 10:16:39,28841.483333333334,77.0,1.4727272727272727,10,0
539028******5457,2015-05-15 10:01:51,84.0,No,0,0,,-1.0,,0.0,10,0
539028******5629,2015-05-04 04:20:06,115.0,No,0,0,,-1.0,,0.0,4,1
539028******5947,2015-05-29 16:57:21,46.0,Yes,1,0,,-1.0,,0.0,16,0
539028******5947,2015-05-29 16:58:18,46.0,Yes,1,1,2015-05-29 16:57:21,0.95,46.0,0.0,16,0
539028******5947,2015-05-29 16:59:15,46.0,Yes,1,2,2015-05-29 16:58:18,0.95,46.0,0.0,16,0
539028******5947,2015-05-29 17:00:23,46.0,Yes,1,3,2015-05-29 16:59:15,1.1333333333333333,46.0,0.0,17,0
539028******5947,2015-05-30 12:25:25,110.0,Yes,1,4,2015-05-29 17:00:23,1165.0333333333333,46.0,1.391304347826087,12,0
539028******5947,2015-05-30 12:26:30,110.0,Yes,1,5,2015-05-30 12:25:25,1.0833333333333333,58.8,0.870748299319728,12,0
539028******6040,2015-05-11 13:41:56,44.8,No,0,0,,-1.0,,0.0,13,0
539028******6577,2015-05-16 18:38:45,198.0,No,0,0,,-1.0,,0.0,18,0
539028******6829,2015-05-18 19:40:02,89.6,No,0,0,,-1.0,,0.0,19,0
539028******7409,2015-05-11 12:30:07,78.4,No,0,0,,-1.0,,0.0,12,0
539028******7862,2015-05-11 17:41:06,77.0,No,0,0,,-1.0,,0.0,17,0
539028******9584,2015-05-11 19:30:11,715.0,No,0,0,,-1.0,,0.0,19,0
539028******9890,2015-05-10 00:55:50,143.0,No,0,0,,-1.0,,0.0,0,1
539029******0655,2015-05-15 11:40:27,16.5,No,0,0,,-1.0,,0.0,11,0
539029******1852,2015-05-07 19:11:09,99.0,No,0,0,,-1.0,,0.0,19,0
539029******2159,2015-05-09 09:58:27,69.0,No,0,0,,-1.0,,0.0,9,0
539029******2742,2015-05-28 17:39:11,77.0,No,0,0,,-1.0,,0.0,17,0
539029******3062,2015-05-07 18:53:33,143.0,No,0,0,,-1.0,,0.0,18,0
539029******3552,2015-05-09 16:43:11,28.75,No,0,0,,-1.0,,0.0,16,0
539029******5205,2015-05-06 13:35:16,96.0,No,0,0,,-1.0,,0.0,13,0
539029******5205,2015-05-06 13:45:00,48.0,No,0,1,2015-05-06 13:35:16,9.733333333333333,96.0,-0.5,13,0
539029******5434,2015-05-07 11:56:50,57.5,No,0,0,,-1.0,,0.0,11,0
539029******5895,2015-05-14 17:22:46,55.0,No,0,0,,-1.0,,0.0,17,0
539029******6740,2015-05-12 09:36:22,60.89,No,0,0,,-1.0,,0.0,9,0
539029******7872,2015-05-05 14:38:26,176.0,No,0,0,,-1.0,,0.0,14,0
539029******7872,2015-05-28 08:18:18,88.0,No,0,0,2015-05-05 14:38:26,32739.866666666665,176.0,-0.5,8,0
539029******8409,2015-05-19 10:52:21,5.0,No,0,0,,-1.0,,0.0,10,0
539029******9173,2015-05-07 19:01:03,46.0,No,0,0,,-1.0,,0.0,19,0
539039******0475,2015-05-11 18:21:14,132.25,No,0,0,,-1.0,,0.0,18,0
539039******1396,2015-05-13 00:04:35,31.59,No,0,0,,-1.0,,0.0,0,1
539039******3021,2015-05-04 23:37:38,319.0,No,0,0,,-1.0,,0.0,23,1
539039******5187,2015-05-29 12:27:19,46.0,Yes,1,0,,-1.0,,0.0,12,0
539039******5187,2015-05-29 12:28:24,46.0,Yes,1,1,2015-05-29 12:27:19,1.0833333333333333,46.0,0.0,12,0
539039******5187,2015-05-29 12:29:31,46.0,Yes,1,2,2015-05-29 12:28:24,1.1166666666666667,46.0,0.0,12,0
539039******5187,2015-05-29 12:30:25,46.0,Yes,1,3,2015-05-29 12:29:31,0.9,46.0,0.0,12,0
539039******6251,2015-05-05 21:19:57,87.54,No,0,0,,-1.0,,0.0,21,0
539039******6251,2015-05-06 20:30:22,58.36,No,0,1,2015-05-05 21:19:57,1390.4166666666667,87.54,-0.33333333333333337,20,0
539039******6377,2015-05-27 09:05:06,112.0,No,0,0,,-1.0,,0.0,9,0
539039******6885,2015-05-15 18:58:31,77.0,No,0,0,,-1.0,,0.0,18,0
539039******7281,2015-05-15 17:29:48,110.0,No,0,0,,-1.0,,0.0,17,0
539039******8155,2015-05-08 22:17:57,201.6,No,0,0,,-1.0,,0.0,22,0
539063******2461,2015-05-18 22:48:55,34.5,No,0,0,,-1.0,,0.0,22,0
539063******2609,2015-05-10 20:27:35,77.0,No,0,0,,-1.0,,0.0,20,0
539063******4996,2015-05-19 16:02:39,195.5,No,0,0,,-1.0,,0.0,16,0
539063******4996,2015-05-19 16:48:19,69.0,No,0,1,2015-05-19 16:02:39,45.666666666666664,195.5,-0.6470588235294117,16,0
539063******4996,2015-05-20 14:50:47,34.5,No,0,2,2015-05-19 16:48:19,1322.4666666666667,132.25,-0.7391304347826086,14,0
539063******7318,2015-05-16 15:43:31,70.03,No,0,0,,-1.0,,0.0,15,0
539068******4368,2015-05-16 08:22:33,33.0,No,0,0,,-1.0,,0.0,8,0
539068******7538,2015-05-08 21:27:44,46.0,No,0,0,,-1.0,,0.0,21,0
539073******3172,2015-05-13 22:22:31,134.4,No,0,0,,-1.0,,0.0,22,0
539073******4210,2015-05-19 19:29:08,46.69,No,0,0,,-1.0,,0.0,19,0
539073******4632,2015-05-16 11:30:19,60.07,No,0,0,,-1.0,,0.0,11,0
539073******5687,2015-05-29 09:38:15,123.58,No,0,0,,-1.0,,0.0,9,0
539073******8292,2015-05-13 22:18:59,170.0,No,0,0,,-1.0,,0.0,22,0
539073******8864,2015-05-06 06:25:07,111.65,No,0,0,,-1.0,,0.0,6,0
539083******1470,2015-05-21 10:23:14,70.0,No,0,0,,-1.0,,0.0,10,0
539083******1743,2015-05-29 16:12:19,172.5,No,0,0,,-1.0,,0.0,16,0
539083******1877,2015-05-13 09:06:09,172.75,No,0,0,,-1.0,,0.0,9,0
539083******3080,2015-05-20 12:37:34,83.0,No,0,0,,-1.0,,0.0,12,0
539083******3342,2015-05-11 00:02:42,30.45,No,0,0,,-1.0,,0.0,0,1
539083******3582,2015-05-10 14:58:47,55.0,No,0,0,,-1.0,,0.0,14,0
539083******4568,2015-05-25 10:06:14,630.0,No,0,0,,-1.0,,0.0,10,0
539083******5953,2015-05-26 20:35:45,39.07,No,0,0,,-1.0,,0.0,20,0
539083******6076,2015-05-14 22:13:01,154.0,No,0,0,,-1.0,,0.0,22,0
539083******7443,2015-05-29 09:43:41,80.5,No,0,0,,-1.0,,0.0,9,0
539083******8880,2015-05-14 01:44:19,20.59,No,0,0,,-1.0,,0.0,1,1
539083******9385,2015-05-07 23:18:10,59.99,No,0,0,,-1.0,,0.0,23,1
539083******9795,2015-05-05 22:39:59,46.0,No,0,0,,-1.0,,0.0,22,0
539090******0143,2015-05-11 12:44:25,78.4,No,0,0,,-1.0,,0.0,12,0
539091******5274,2015-05-11 18:27:49,132.25,No,0,0,,-1.0,,0.0,18,0
539091******5910,2015-05-22 11:08:10,46.69,No,0,0,,-1.0,,0.0,11,0
539091******6521,2015-05-24 21:40:56,92.0,No,0,0,,-1.0,,0.0,21,0
539614******0092,2015-05-11 18:26:48,78.4,No,0,0,,-1.0,,0.0,18,0
539614******0217,2015-05-29 12:32:53,92.0,No,0,0,,-1.0,,0.0,12,0
539614******0221,2015-05-14 06:05:12,154.0,No,0,0,,-1.0,,0.0,6,0
539614******0225,2015-05-06 15:15:59,103.5,No,0,0,,-1.0,,0.0,15,0
539614******0225,2015-05-23 16:04:18,179.2,No,0,0,2015-05-06 15:15:59,24528.316666666666,103.5,0.7314009661835748,16,0
539614******0318,2015-05-06 10:03:25,99.0,No,0,0,,-1.0,,0.0,10,0
539614******0388,2015-05-14 15:29:34,43.0,No,0,0,,-1.0,,0.0,15,0
539614******0515,2015-05-11 17:56:43,156.8,No,0,0,,-1.0,,0.0,17,0
539614******0517,2015-05-15 18:25:02,154.0,No,0,0,,-1.0,,0.0,18,0
539614******0621,2015-05-20 22:26:21,190.4,No,0,0,,-1.0,,0.0,22,0
539614******0628,2015-05-19 12:53:33,15.0,No,0,0,,-1.0,,0.0,12,0
539614******0781,2015-05-06 09:53:52,132.0,No,0,0,,-1.0,,0.0,9,0
539614******0781,2015-05-06 15:45:09,138.0,No,0,1,2015-05-06 09:53:52,351.28333333333336,132.0,0.045454545454545414,15,0
539614******1142,2015-05-13 22:24:30,123.3,No,0,0,,-1.0,,0.0,22,0
539614******1213,2015-05-12 12:34:56,78.4,No,0,0,,-1.0,,0.0,12,0
539614******1213,2015-05-14 21:38:24,154.0,No,0,0,2015-05-12 12:34:56,3423.4666666666667,78.4,0.9642857142857142,21,0
539614******1312,2015-05-27 17:54:39,88.0,No,0,0,,-1.0,,0.0,17,0
539614******1360,2015-05-17 19:53:51,112.0,No,0,0,,-1.0,,0.0,19,0
539614******1410,2015-05-06 16:28:05,198.0,No,0,0,,-1.0,,0.0,16,0
539614******1412,2015-05-08 11:47:03,88.0,No,0,0,,-1.0,,0.0,11,0
539614******1556,2015-05-08 21:45:40,99.0,No,0,0,,-1.0,,0.0,21,0
539614******1610,2015-05-28 20:55:49,49.5,No,0,0,,-1.0,,0.0,20,0
539614******1756,2015-05-29 19:16:32,132.0,No,0,0,,-1.0,,0.0,19,0
539614******1772,2015-05-26 20:33:15,112.0,No,0,0,,-1.0,,0.0,20,0
539614******1817,2015-05-15 17:24:06,176.0,No,0,0,,-1.0,,0.0,17,0
539614******1817,2015-05-15 20:49:06,99.0,No,0,1,2015-05-15 17:24:06,205.0,176.0,-0.4375,20,0
539614******1940,2015-05-11 17:23:16,165.0,No,0,0,,-1.0,,0.0,17,0
539614******1958,2015-05-04 18:19:30,286.0,No,0,0,,-1.0,,0.0,18,0
539614******2110,2015-05-06 11:22:39,138.0,No,0,0,,-1.0,,0.0,11,0
539614******2126,2015-05-04 13:37:52,143.0,No,0,0,,-1.0,,0.0,13,0
539614******2140,2015-05-29 19:24:29,121.0,No,0,0,,-1.0,,0.0,19,0
539614******2212,2015-05-14 02:44:10,134.4,No,0,0,,-1.0,,0.0,2,1
539614******2309,2015-05-26 10:25:51,134.4,No,0,0,,-1.0,,0.0,10,0
539614******2319,2015-05-09 12:02:42,77.0,No,0,0,,-1.0,,0.0,12,0
539614******2371,2015-05-15 17:40:18,209.0,No,0,0,,-1.0,,0.0,17,0
539614******2687,2015-05-15 23:03:14,132.0,No,0,0,,-1.0,,0.0,23,1
539614******2687,2015-05-23 17:35:02,168.0,No,0,0,2015-05-15 23:03:14,11191.8,132.0,0.2727272727272727,17,0
539614******2835,2015-05-27 20:09:12,88.0,No,0,0,,-1.0,,0.0,20,0
539614******2848,2015-05-07 09:35:42,240.0,No,0,0,,-1.0,,0.0,9,0
539614******2981,2015-05-25 14:15:51,830.0,No,0,0,,-1.0,,0.0,14,0
539614******3073,2015-05-22 19:47:24,132.0,No,0,0,,-1.0,,0.0,19,0
539614******3194,2015-05-29 00:20:44,176.0,No,0,0,,-1.0,,0.0,0,1
539614******3308,2015-05-28 17:04:25,231.0,No,0,0,,-1.0,,0.0,17,0
539614******3308,2015-05-28 22:56:49,172.5,No,0,1,2015-05-28 17:04:25,352.4,231.0,-0.2532467532467533,22,0
539614******3442,2015-05-30 22:38:19,448.0,Yes,1,0,,-1.0,,0.0,22,0
539614******3442,2015-05-30 22:38:19,448.0,Yes,1,0,2015-05-30 22:38:19,0.0,448.0,0.0,22,0
539614******3711,2015-05-29 21:40:18,99.0,No,0,0,,-1.0,,0.0,21,0
539614******3848,2015-05-01 12:07:23,143.0,No,0,0,,-1.0,,0.0,12,0
539614******3974,2015-05-04 12:46:05,220.0,No,0,0,,-1.0,,0.0,12,0
539614******4015,2015-05-29 07:54:45,88.0,No,0,0,,-1.0,,0.0,7,0
539614******4080,2015-05-20 18:30:52,268.8,No,0,0,,-1.0,,0.0,18,0
539614******4113,2015-05-14 09:12:24,154.0,No,0,0,,-1.0,,0.0,9,0
539614******4129,2015-05-23 20:40:39,20.0,No,0,0,,-1.0,,0.0,20,0
539614******4220,2015-05-08 21:17:28,69.0,No,0,0,,-1.0,,0.0,21,0
539614******4319,2015-05-15 18:37:22,154.0,No,0,0,,-1.0,,0.0,18,0
539614******4325,2015-05-16 14:36:31,105.0,No,0,0,,-1.0,,0.0,14,0
539614******4516,2015-05-29 22:31:50,172.5,No,0,0,,-1.0,,0.0,22,0
539614******4776,2015-05-11 12:08:33,44.8,No,0,0,,-1.0,,0.0,12,0
539614******4982,2015-05-26 11:12:54,30.0,No,0,0,,-1.0,,0.0,11,0
539614******5110,2015-05-06 12:42:59,138.0,No,0,0,,-1.0,,0.0,12,0
539614******5216,2015-05-06 15:23:57,103.5,No,0,0,,-1.0,,0.0,15,0
539614******5317,2015-05-11 19:00:06,154.0,No,0,0,,-1.0,,0.0,19,0
539614******5328,2015-05-10 21:47:28,67.2,No,0,0,,-1.0,,0.0,21,0
539614******5363,2015-05-28 22:25:35,20.0,No,0,0,,-1.0,,0.0,22,0
539614******5414,2015-05-05 17:49:21,34.5,No,0,0,,-1.0,,0.0,17,0
539614******5414,2015-05-09 20:03:13,69.0,No,0,0,2015-05-05 17:49:21,5893.866666666667,34.5,1.0,20,0
539614******5414,2015-05-09 20:05:24,34.5,No,0,1,2015-05-09 20:03:13,2.183333333333333,51.75,-0.33333333333333337,20,0
539614******5414,2015-05-09 20:11:17,34.5,No,0,2,2015-05-09 20:05:24,5.883333333333334,46.0,-0.25,20,0
539614******5414,2015-05-22 16:35:32,89.6,No,0,0,2015-05-09 20:11:17,18504.25,43.125,1.0776811594202895,16,0
539614******5422,2015-05-03 18:08:16,143.0,No,0,0,,-1.0,,0.0,18,0
539614******5422,2015-05-14 16:02:12,104.5,No,0,0,2015-05-03 18:08:16,15713.933333333332,143.0,-0.2692307692307693,16,0
539614******5530,2015-05-27 09:26:07,78.4,No,0,0,,-1.0,,0.0,9,0
539614******5804,2015-05-22 11:55:07,10.0,No,0,0,,-1.0,,0.0,11,0
539614******5979,2015-05-12 08:10:56,154.0,No,0,0,,-1.0,,0.0,8,0
539614******6061,2015-05-14 08:55:48,70.0,No,0,0,,-1.0,,0.0,8,0
539614******6096,2015-05-25 21:28:43,10.0,No,0,0,,-1.0,,0.0,21,0
539614******6217,2015-05-17 22:32:00,46.0,No,0,0,,-1.0,,0.0,22,0
539614******6280,2015-05-23 17:18:31,70.0,No,0,0,,-1.0,,0.0,17,0
539614******6313,2015-05-11 22:43:43,132.25,No,0,0,,-1.0,,0.0,22,0
539614******6743,2015-05-23 16:28:57,117.6,No,0,0,,-1.0,,0.0,16,0
539614******6915,2015-05-07 18:34:49,69.0,No,0,0,,-1.0,,0.0,18,0
539614******7029,2015-05-24 11:39:18,20.0,No,0,0,,-1.0,,0.0,11,0
539614******7110,2015-05-21 14:34:45,156.8,No,0,0,,-1.0,,0.0,14,0
539614******7113,2015-05-08 18:41:49,92.0,No,0,0,,-1.0,,0.0,18,0
539614******7316,2015-05-30 19:47:16,89.6,No,0,0,,-1.0,,0.0,19,0
539614******7316,2015-05-30 19:47:16,89.6,No,0,0,2015-05-30 19:47:16,0.0,89.6,0.0,19,0
539614******7328,2015-05-07 09:13:54,123.3,No,0,0,,-1.0,,0.0,9,0
539614******7328,2015-05-07 14:10:33,123.3,No,0,1,2015-05-07 09:13:54,296.65,123.3,0.0,14,0
539614******7495,2015-05-28 20:34:43,99.0,No,0,0,,-1.0,,0.0,20,0
539614******7924,2015-05-12 12:46:46,77.0,No,0,0,,-1.0,,0.0,12,0
539614******8115,2015-05-09 16:17:59,123.2,No,0,0,,-1.0,,0.0,16,0
539614******8118,2015-05-01 15:18:56,92.0,No,0,0,,-1.0,,0.0,15,0
539614******8124,2015-05-11 23:27:28,156.8,No,0,0,,-1.0,,0.0,23,1
539614******8159,2015-05-01 13:13:37,70.0,No,0,0,,-1.0,,0.0,13,0
539614******8316,2015-05-16 10:08:39,112.0,No,0,0,,-1.0,,0.0,10,0
539614******8520,2015-05-21 00:28:54,145.6,No,0,0,,-1.0,,0.0,0,1
539614******8528,2015-05-08 23:51:50,99.0,No,0,0,,-1.0,,0.0,23,1
539614******8561,2015-05-03 18:27:09,81.71,No,0,0,,-1.0,,0.0,18,0
539614******8580,2015-05-30 18:43:09,106.0,No,0,0,,-1.0,,0.0,18,0
539614******8580,2015-05-30 18:43:09,106.0,No,0,0,2015-05-30 18:43:09,0.0,106.0,0.0,18,0
539614******8601,2015-05-26 12:01:41,20.0,No,0,0,,-1.0,,0.0,12,0
539614******8681,2015-05-22 17:01:14,184.0,No,0,0,,-1.0,,0.0,17,0
539614******8699,2015-05-24 22:46:30,15.0,No,0,0,,-1.0,,0.0,22,0
539614******9013,2015-05-11 21:57:02,78.4,No,0,0,,-1.0,,0.0,21,0
539614******9022,2015-05-03 17:18:19,80.5,No,0,0,,-1.0,,0.0,17,0
539614******9078,2015-05-11 21:00:19,89.6,No,0,0,,-1.0,,0.0,21,0
539614******9106,2015-05-10 16:24:01,143.0,No,0,0,,-1.0,,0.0,16,0
539614******9119,2015-05-13 01:51:27,440.0,No,0,0,,-1.0,,0.0,1,1
539614******9122,2015-05-04 10:17:02,132.0,No,0,0,,-1.0,,0.0,10,0
539614******9122,2015-05-22 18:03:33,88.0,No,0,0,2015-05-04 10:17:02,26386.516666666666,132.0,-0.33333333333333337,18,0
539614******9219,2015-05-05 19:00:48,34.5,No,0,0,,-1.0,,0.0,19,0
539614******9368,2015-05-29 23:32:38,30.0,No,0,0,,-1.0,,0.0,23,1
539614******9507,2015-05-08 10:22:52,104.5,No,0,0,,-1.0,,0.0,10,0
539614******9520,2015-05-29 13:36:46,67.2,No,0,0,,-1.0,,0.0,13,0
539614******9525,2015-05-13 07:29:31,44.8,No,0,0,,-1.0,,0.0,7,0
539614******9748,2015-05-16 17:11:10,440.0,No,0,0,,-1.0,,0.0,17,0
539614******9870,2015-05-11 19:49:22,176.0,No,0,0,,-1.0,,0.0,19,0
539614******9951,2015-05-15 15:42:47,154.0,No,0,0,,-1.0,,0.0,15,0
540105******0024,2015-05-20 13:54:05,121.0,No,0,0,,-1.0,,0.0,13,0
540105******0163,2015-05-05 17:25:35,24.0,No,0,0,,-1.0,,0.0,17,0
540105******0163,2015-05-05 17:33:38,48.0,No,0,1,2015-05-05 17:25:35,8.05,24.0,1.0,17,0
540105******0228,2015-05-12 15:00:11,154.0,No,0,0,,-1.0,,0.0,15,0
540105******0404,2015-05-24 22:45:38,89.6,No,0,0,,-1.0,,0.0,22,0
540105******0505,2015-05-15 23:46:45,396.0,No,0,0,,-1.0,,0.0,23,1
540105******0559,2015-05-28 15:32:42,34.5,No,0,0,,-1.0,,0.0,15,0
540105******0691,2015-05-11 20:37:35,132.25,No,0,0,,-1.0,,0.0,20,0
540105******0702,2015-05-29 14:41:15,242.0,No,0,0,,-1.0,,0.0,14,0
540105******0811,2015-05-22 15:36:14,34.5,No,0,0,,-1.0,,0.0,15,0
540105******0921,2015-05-06 16:22:46,138.0,No,0,0,,-1.0,,0.0,16,0
540105******0932,2015-05-01 19:26:16,82.5,No,0,0,,-1.0,,0.0,19,0
540105******1248,2015-05-14 17:16:33,89.6,No,0,0,,-1.0,,0.0,17,0
540105******1277,2015-05-21 22:24:45,78.4,No,0,0,,-1.0,,0.0,22,0
540105******1346,2015-05-20 20:54:05,10.0,No,0,0,,-1.0,,0.0,20,0
540105******1710,2015-05-19 01:22:02,31.05,No,0,0,,-1.0,,0.0,1,1
540105******1741,2015-05-22 13:37:32,121.0,No,0,0,,-1.0,,0.0,13,0
540105******1749,2015-05-15 10:05:43,72.8,No,0,0,,-1.0,,0.0,10,0
540105******1998,2015-05-04 16:28:44,34.5,No,0,0,,-1.0,,0.0,16,0
540105******2002,2015-05-04 23:17:41,161.0,No,0,0,,-1.0,,0.0,23,1
540105******2098,2015-05-06 19:08:55,143.0,No,0,0,,-1.0,,0.0,19,0
540105******2098,2015-05-10 21:48:03,55.0,No,0,0,2015-05-06 19:08:55,5919.133333333333,143.0,-0.6153846153846154,21,0
540105******2146,2015-05-22 00:25:16,46.0,No,0,0,,-1.0,,0.0,0,1
540105******2146,2015-05-22 13:00:27,23.0,No,0,1,2015-05-22 00:25:16,755.1833333333333,46.0,-0.5,13,0
540105******2221,2015-05-14 20:45:14,154.0,No,0,0,,-1.0,,0.0,20,0
540105******2248,2015-05-06 23:32:07,143.0,No,0,0,,-1.0,,0.0,23,1
540105******2248,2015-05-09 00:23:58,143.0,No,0,0,2015-05-06 23:32:07,2931.85,143.0,0.0,0,1
540105******2258,2015-05-27 22:20:51,104.13,No,0,0,,-1.0,,0.0,22,0
540105******2296,2015-05-11 11:20:25,156.8,No,0,0,,-1.0,,0.0,11,0
540105******2331,2015-05-06 10:19:52,99.0,No,0,0,,-1.0,,0.0,10,0
540105******2431,2015-05-15 16:48:06,154.0,No,0,0,,-1.0,,0.0,16,0
540105******2458,2015-05-09 16:38:23,66.0,No,0,0,,-1.0,,0.0,16,0
540105******2547,2015-05-29 19:37:17,46.0,No,0,0,,-1.0,,0.0,19,0
540105******2845,2015-05-15 10:37:43,123.3,No,0,0,,-1.0,,0.0,10,0
540105******2887,2015-05-01 19:03:09,126.5,No,0,0,,-1.0,,0.0,19,0
540105******2978,2015-05-29 16:07:24,88.0,No,0,0,,-1.0,,0.0,16,0
540105******3135,2015-05-08 17:03:54,123.3,No,0,0,,-1.0,,0.0,17,0
540105******3173,2015-05-12 09:57:40,33.0,No,0,0,,-1.0,,0.0,9,0
540105******3267,2015-05-29 18:29:51,121.0,No,0,0,,-1.0,,0.0,18,0
540105******3324,2015-05-21 14:59:12,84.0,No,0,0,,-1.0,,0.0,14,0
540105******3326,2015-05-06 14:58:04,207.0,No,0,0,,-1.0,,0.0,14,0
540105******3434,2015-05-29 00:25:56,88.0,No,0,0,,-1.0,,0.0,0,1
540105******3497,2015-05-14 09:41:28,31.05,No,0,0,,-1.0,,0.0,9,0
540105******3592,2015-05-29 16:37:50,44.0,No,0,0,,-1.0,,0.0,16,0
540105******3684,2015-05-11 21:22:19,308.0,No,0,0,,-1.0,,0.0,21,0
540105******3742,2015-05-11 20:54:44,78.4,No,0,0,,-1.0,,0.0,20,0
540105******3888,2015-05-29 20:00:09,55.0,No,0,0,,-1.0,,0.0,20,0
540105******3891,2015-05-11 14:40:50,78.4,No,0,0,,-1.0,,0.0,14,0
540105******3955,2015-05-13 22:31:31,82.5,No,0,0,,-1.0,,0.0,22,0
540105******4104,2015-05-22 18:28:54,99.0,No,0,0,,-1.0,,0.0,18,0
540105******4111,2015-05-13 15:02:21,110.0,No,0,0,,-1.0,,0.0,15,0
540105******4111,2015-05-14 14:36:50,110.0,No,0,1,2015-05-13 15:02:21,1414.4833333333333,110.0,0.0,14,0
540105******4186,2015-05-20 13:12:26,110.0,No,0,0,,-1.0,,0.0,13,0
540105******4186,2015-05-20 13:13:07,110.0,No,0,1,2015-05-20 13:12:26,0.6833333333333333,110.0,0.0,13,0
540105******4205,2015-05-11 22:19:36,308.0,No,0,0,,-1.0,,0.0,22,0
540105******4257,2015-05-29 18:21:13,69.0,No,0,0,,-1.0,,0.0,18,0
540105******4299,2015-05-21 09:21:58,121.0,No,0,0,,-1.0,,0.0,9,0
540105******4379,2015-05-29 13:48:37,46.0,No,0,0,,-1.0,,0.0,13,0
540105******4428,2015-05-11 13:52:58,92.0,No,0,0,,-1.0,,0.0,13,0
540105******4439,2015-05-11 12:43:25,78.4,No,0,0,,-1.0,,0.0,12,0
540105******4524,2015-05-04 23:58:02,143.0,No,0,0,,-1.0,,0.0,23,1
540105******4586,2015-05-13 15:05:47,78.4,No,0,0,,-1.0,,0.0,15,0
540105******4586,2015-05-13 15:07:57,78.4,No,0,1,2015-05-13 15:05:47,2.1666666666666665,78.4,0.0,15,0
540105******4616,2015-05-20 15:39:42,44.0,No,0,0,,-1.0,,0.0,15,0
540105******4673,2015-05-28 17:33:50,99.0,No,0,0,,-1.0,,0.0,17,0
540105******4673,2015-05-28 20:37:45,99.0,No,0,1,2015-05-28 17:33:50,183.91666666666666,99.0,0.0,20,0
540105******4738,2015-05-09 12:36:23,143.0,No,0,0,,-1.0,,0.0,12,0
540105******4756,2015-05-12 14:51:42,78.4,No,0,0,,-1.0,,0.0,14,0
540105******4756,2015-05-12 15:41:42,78.4,No,0,1,2015-05-12 14:51:42,50.0,78.4,0.0,15,0
540105******4825,2015-05-16 07:34:54,184.0,No,0,0,,-1.0,,0.0,7,0
540105******4836,2015-05-11 18:33:07,333.5,No,0,0,,-1.0,,0.0,18,0
540105******4874,2015-05-29 18:19:26,34.5,No,0,0,,-1.0,,0.0,18,0
540105******5219,2015-05-04 09:13:50,34.5,No,0,0,,-1.0,,0.0,9,0
540105******5311,2015-05-11 13:00:58,44.8,No,0,0,,-1.0,,0.0,13,0
540105******5322,2015-05-11 11:02:55,154.0,No,0,0,,-1.0,,0.0,11,0
540105******5403,2015-05-28 22:29:55,88.0,No,0,0,,-1.0,,0.0,22,0
540105******5403,2015-05-29 15:48:00,99.0,No,0,1,2015-05-28 22:29:55,1038.0833333333333,88.0,0.125,15,0
540105******5427,2015-05-16 09:52:06,16.5,No,0,0,,-1.0,,0.0,9,0
540105******5487,2015-05-06 09:42:45,154.0,No,0,0,,-1.0,,0.0,9,0
540105******5702,2015-05-29 11:49:31,100.0,No,0,0,,-1.0,,0.0,11,0
540105******5712,2015-05-20 23:01:23,15.0,No,0,0,,-1.0,,0.0,23,1
540105******5796,2015-05-02 15:51:28,143.0,No,0,0,,-1.0,,0.0,15,0
540105******5841,2015-05-11 10:57:44,78.4,No,0,0,,-1.0,,0.0,10,0
540105******5910,2015-05-06 10:51:21,103.5,No,0,0,,-1.0,,0.0,10,0
540105******5930,2015-05-29 13:01:20,55.0,No,0,0,,-1.0,,0.0,13,0
540105******6041,2015-05-29 18:44:50,99.0,No,0,0,,-1.0,,0.0,18,0
540105******6110,2015-05-13 14:23:05,33.0,No,0,0,,-1.0,,0.0,14,0
540105******6228,2015-05-12 11:14:54,145.6,No,0,0,,-1.0,,0.0,11,0
540105******6267,2015-05-08 14:44:12,55.0,No,0,0,,-1.0,,0.0,14,0
540105******6267,2015-05-13 14:36:26,110.0,No,0,0,2015-05-08 14:44:12,7192.233333333334,55.0,1.0,14,0
540105******6361,2015-05-13 18:21:02,142.5,No,0,0,,-1.0,,0.0,18,0
540105******6614,2015-05-14 16:45:50,165.0,No,0,0,,-1.0,,0.0,16,0
540105******6614,2015-05-22 12:37:49,150.0,No,0,0,2015-05-14 16:45:50,11271.983333333334,165.0,-0.09090909090909094,12,0
540105******6646,2015-05-04 14:33:57,99.0,No,0,0,,-1.0,,0.0,14,0
540105******6678,2015-05-29 12:22:04,34.5,No,0,0,,-1.0,,0.0,12,0
540105******6770,2015-05-06 17:07:13,103.5,No,0,0,,-1.0,,0.0,17,0
540105******6821,2015-05-07 21:01:10,138.0,No,0,0,,-1.0,,0.0,21,0
540105******6831,2015-05-14 22:09:00,33.0,No,0,0,,-1.0,,0.0,22,0
540105******6875,2015-05-05 14:37:12,57.5,No,0,0,,-1.0,,0.0,14,0
540105******6875,2015-05-10 22:18:35,28.75,No,0,0,2015-05-05 14:37:12,7661.383333333333,57.5,-0.5,22,0
540105******6920,2015-05-14 15:44:48,69.0,No,0,0,,-1.0,,0.0,15,0
540105******7053,2015-05-08 21:36:51,123.3,No,0,0,,-1.0,,0.0,21,0
540105******7190,2015-05-29 12:45:33,55.0,No,0,0,,-1.0,,0.0,12,0
540105******7195,2015-05-05 10:40:44,143.0,No,0,0,,-1.0,,0.0,10,0
540105******7202,2015-05-15 14:44:08,308.0,No,0,0,,-1.0,,0.0,14,0
540105******7237,2015-05-01 19:24:11,247.5,No,0,0,,-1.0,,0.0,19,0
540105******7307,2015-05-04 12:19:44,92.0,No,0,0,,-1.0,,0.0,12,0
540105******7333,2015-05-12 11:12:08,66.0,No,0,0,,-1.0,,0.0,11,0
540105******7345,2015-05-25 15:25:55,92.0,No,0,0,,-1.0,,0.0,15,0
540105******7423,2015-05-29 15:43:59,209.0,No,0,0,,-1.0,,0.0,15,0
540105******7470,2015-05-12 09:31:53,38.5,No,0,0,,-1.0,,0.0,9,0
540105******7589,2015-05-30 22:15:48,77.0,No,0,0,,-1.0,,0.0,22,0
540105******7589,2015-05-30 22:15:48,77.0,No,0,0,2015-05-30 22:15:48,0.0,77.0,0.0,22,0
540105******7634,2015-05-27 20:21:15,88.0,No,0,0,,-1.0,,0.0,20,0
540105******7651,2015-05-11 12:40:29,112.0,No,0,0,,-1.0,,0.0,12,0
540105******7651,2015-05-14 19:01:11,62.1,No,0,0,2015-05-11 12:40:29,4700.7,112.0,-0.44553571428571426,19,0
540105******7742,2015-05-16 19:31:25,62.1,No,0,0,,-1.0,,0.0,19,0
540105******7747,2015-05-14 19:39:47,154.0,No,0,0,,-1.0,,0.0,19,0
540105******7868,2015-05-11 12:04:59,78.4,No,0,0,,-1.0,,0.0,12,0
540105******7868,2015-05-11 13:24:06,78.4,No,0,1,2015-05-11 12:04:59,79.11666666666666,78.4,0.0,13,0
540105******7949,2015-05-18 19:16:51,70.0,No,0,0,,-1.0,,0.0,19,0
540105******8200,2015-05-29 00:20:32,46.0,No,0,0,,-1.0,,0.0,0,1
540105******8240,2015-05-25 22:28:32,268.8,No,0,0,,-1.0,,0.0,22,0
540105******8243,2015-05-10 23:57:28,30.53,No,0,0,,-1.0,,0.0,23,1
540105******8367,2015-05-28 14:39:50,34.5,No,0,0,,-1.0,,0.0,14,0
540105******8383,2015-05-11 11:55:54,134.4,No,0,0,,-1.0,,0.0,11,0
540105******8386,2015-05-09 12:47:31,143.0,No,0,0,,-1.0,,0.0,12,0
540105******8386,2015-05-14 22:39:09,154.0,No,0,0,2015-05-09 12:47:31,7791.633333333333,143.0,0.07692307692307687,22,0
540105******8451,2015-05-05 17:50:50,34.5,No,0,0,,-1.0,,0.0,17,0
540105******8451,2015-05-22 11:53:49,89.6,No,0,0,2015-05-05 17:50:50,24122.983333333334,34.5,1.5971014492753621,11,0
540105******8627,2015-05-12 16:16:03,55.0,No,0,0,,-1.0,,0.0,16,0
540105******8631,2015-05-27 20:00:32,216.0,No,0,0,,-1.0,,0.0,20,0
540105******8646,2015-05-18 16:20:29,165.0,No,0,0,,-1.0,,0.0,16,0
540105******8751,2015-05-25 22:12:29,67.2,No,0,0,,-1.0,,0.0,22,0
540105******8795,2015-05-10 22:38:52,45.2,No,0,0,,-1.0,,0.0,22,0
540105******8832,2015-05-14 12:42:03,77.0,No,0,0,,-1.0,,0.0,12,0
540105******8870,2015-05-22 12:39:43,70.0,No,0,0,,-1.0,,0.0,12,0
540105******8949,2015-05-06 08:30:24,143.0,No,0,0,,-1.0,,0.0,8,0
540105******9039,2015-05-16 00:35:44,33.0,No,0,0,,-1.0,,0.0,0,1
540105******9066,2015-05-25 13:01:46,49.5,No,0,0,,-1.0,,0.0,13,0
540105******9193,2015-05-09 12:34:38,201.6,No,0,0,,-1.0,,0.0,12,0
540105******9577,2015-05-06 00:38:57,27.5,No,0,0,,-1.0,,0.0,0,1
540105******9579,2015-05-11 19:34:04,44.8,No,0,0,,-1.0,,0.0,19,0
540105******9737,2015-05-21 14:41:39,34.5,No,0,0,,-1.0,,0.0,14,0
540105******9746,2015-05-27 10:13:11,99.0,No,0,0,,-1.0,,0.0,10,0
540105******9752,2015-05-22 18:23:09,1980.0,No,0,0,,-1.0,,0.0,18,0
540105******9761,2015-05-12 12:15:14,154.0,No,0,0,,-1.0,,0.0,12,0
540105******9929,2015-05-07 10:05:13,115.5,No,0,0,,-1.0,,0.0,10,0
540105******9931,2015-05-13 15:48:51,33.0,No,0,0,,-1.0,,0.0,15,0
540106******6689,2015-05-04 19:22:20,110.0,No,0,0,,-1.0,,0.0,19,0
540631******8722,2015-05-30 02:15:18,55.0,No,0,0,,-1.0,,0.0,2,1
541187******0778,2015-05-06 14:46:45,165.0,No,0,0,,-1.0,,0.0,14,0
541187******0874,2015-05-08 16:57:22,36.66,No,0,0,,-1.0,,0.0,16,0
541187******1017,2015-05-15 17:49:16,37.6,No,0,0,,-1.0,,0.0,17,0
541187******1255,2015-05-30 10:38:22,25.37,No,0,0,,-1.0,,0.0,10,0
541187******1618,2015-05-22 08:51:03,23.0,No,0,0,,-1.0,,0.0,8,0
541187******2154,2015-05-25 16:14:18,77.0,No,0,0,,-1.0,,0.0,16,0
541187******2555,2015-05-30 19:39:19,43.42,No,0,0,,-1.0,,0.0,19,0
541187******2555,2015-05-30 19:39:19,43.42,No,0,0,2015-05-30 19:39:19,0.0,43.42,0.0,19,0
541187******2625,2015-05-19 02:33:37,55.0,No,0,0,,-1.0,,0.0,2,1
541187******2978,2015-05-03 22:09:20,414.0,No,0,0,,-1.0,,0.0,22,0
541187******2993,2015-05-16 18:05:48,115.0,No,0,0,,-1.0,,0.0,18,0
541187******3017,2015-05-14 12:54:28,36.66,No,0,0,,-1.0,,0.0,12,0
541187******3113,2015-05-04 21:26:13,44.0,No,0,0,,-1.0,,0.0,21,0
541187******3136,2015-05-15 20:19:35,23.0,No,0,0,,-1.0,,0.0,20,0
541187******3411,2015-05-17 17:57:17,46.0,No,0,0,,-1.0,,0.0,17,0
541187******4042,2015-05-16 12:20:06,23.0,No,0,0,,-1.0,,0.0,12,0
541187******4177,2015-05-13 18:42:25,110.0,No,0,0,,-1.0,,0.0,18,0
541187******4382,2015-05-11 23:58:28,28.75,No,0,0,,-1.0,,0.0,23,1
541187******4609,2015-05-27 22:12:52,55.82,No,0,0,,-1.0,,0.0,22,0
541187******4844,2015-05-16 15:46:33,35.01,No,0,0,,-1.0,,0.0,15,0
541187******4872,2015-05-23 07:09:30,92.0,No,0,0,,-1.0,,0.0,7,0
541187******5069,2015-05-15 14:31:07,16.5,No,0,0,,-1.0,,0.0,14,0
541187******5166,2015-05-01 16:18:14,57.5,No,0,0,,-1.0,,0.0,16,0
541187******5784,2015-05-19 11:19:06,115.0,No,0,0,,-1.0,,0.0,11,0
541187******5928,2015-05-10 17:26:24,154.0,No,0,0,,-1.0,,0.0,17,0
541187******6171,2015-05-11 14:15:40,33.0,No,0,0,,-1.0,,0.0,14,0
541187******6876,2015-05-28 15:52:07,55.82,No,0,0,,-1.0,,0.0,15,0
541187******7057,2015-05-12 14:55:56,180.0,No,0,0,,-1.0,,0.0,14,0
541187******7226,2015-05-04 14:47:40,44.0,No,0,0,,-1.0,,0.0,14,0
541187******7971,2015-05-11 21:23:30,201.25,No,0,0,,-1.0,,0.0,21,0
541187******8036,2015-05-29 17:02:53,100.0,No,0,0,,-1.0,,0.0,17,0
541187******8407,2015-05-26 21:50:10,55.0,No,0,0,,-1.0,,0.0,21,0
541187******8495,2015-05-25 21:41:26,37.77,No,0,0,,-1.0,,0.0,21,0
541187******8696,2015-05-22 20:28:40,105.0,No,0,0,,-1.0,,0.0,20,0
541187******8966,2015-05-21 13:22:02,138.0,No,0,0,,-1.0,,0.0,13,0
541187******8966,2015-05-22 13:05:14,69.0,No,0,1,2015-05-21 13:22:02,1423.2,138.0,-0.5,13,0
541187******9167,2015-05-22 16:08:53,31.59,No,0,0,,-1.0,,0.0,16,0
541187******9967,2015-05-07 21:21:50,46.0,No,0,0,,-1.0,,0.0,21,0
541465******3021,2015-05-28 15:29:48,92.0,No,0,0,,-1.0,,0.0,15,0
541465******4018,2015-05-26 22:22:05,200.0,No,0,0,,-1.0,,0.0,22,0
541465******4024,2015-05-13 22:05:01,184.0,No,0,0,,-1.0,,0.0,22,0
541465******5028,2015-05-29 00:11:59,5.0,No,0,0,,-1.0,,0.0,0,1
541465******5029,2015-05-06 20:12:12,69.0,No,0,0,,-1.0,,0.0,20,0
541555******0022,2015-05-30 11:44:36,26.5,No,0,0,,-1.0,,0.0,11,0
541555******0152,2015-05-23 18:39:38,10.0,No,0,0,,-1.0,,0.0,18,0
541555******0224,2015-05-12 17:05:50,209.0,No,0,0,,-1.0,,0.0,17,0
541555******0235,2015-05-14 12:06:44,138.0,No,0,0,,-1.0,,0.0,12,0
541555******0586,2015-05-23 09:31:25,52.5,No,0,0,,-1.0,,0.0,9,0
541555******0632,2015-05-09 11:16:11,165.0,No,0,0,,-1.0,,0.0,11,0
541555******0781,2015-05-03 18:20:33,92.0,No,0,0,,-1.0,,0.0,18,0
541555******0781,2015-05-03 18:21:00,92.0,No,0,1,2015-05-03 18:20:33,0.45,92.0,0.0,18,0
541555******1104,2015-05-05 12:27:27,34.5,No,0,0,,-1.0,,0.0,12,0
541555******1161,2015-05-09 13:25:49,88.0,No,0,0,,-1.0,,0.0,13,0
541555******1277,2015-05-07 13:18:04,45.2,No,0,0,,-1.0,,0.0,13,0
541555******1338,2015-05-19 15:06:30,66.0,No,0,0,,-1.0,,0.0,15,0
541555******1755,2015-05-12 13:44:05,78.4,No,0,0,,-1.0,,0.0,13,0
541555******1755,2015-05-12 20:05:32,154.0,No,0,1,2015-05-12 13:44:05,381.45,78.4,0.9642857142857142,20,0
541555******1843,2015-05-11 18:46:43,132.25,No,0,0,,-1.0,,0.0,18,0
541555******1878,2015-05-08 18:07:10,99.0,No,0,0,,-1.0,,0.0,18,0
541555******2155,2015-05-29 16:20:47,220.0,No,0,0,,-1.0,,0.0,16,0
541555******2190,2015-05-12 13:42:07,55.0,No,0,0,,-1.0,,0.0,13,0
541555******2334,2015-05-09 21:57:33,134.4,No,0,0,,-1.0,,0.0,21,0
541555******2334,2015-05-12 12:32:36,145.6,No,0,0,2015-05-09 21:57:33,3755.05,134.4,0.08333333333333326,12,0
541555******2387,2015-05-29 21:20:05,201.6,No,0,0,,-1.0,,0.0,21,0
541555******2690,2015-05-11 17:45:51,78.4,No,0,0,,-1.0,,0.0,17,0
541555******2690,2015-05-19 21:43:01,67.2,No,0,0,2015-05-11 17:45:51,11757.166666666666,78.4,-0.1428571428571429,21,0
541555******2890,2015-05-15 18:44:53,154.0,No,0,0,,-1.0,,0.0,18,0
541555******2940,2015-05-27 10:19:19,111.65,No,0,0,,-1.0,,0.0,10,0
541555******2967,2015-05-10 19:37:59,148.5,No,0,0,,-1.0,,0.0,19,0
541555******3065,2015-05-07 22:38:39,403.2,No,0,0,,-1.0,,0.0,22,0
541555******3163,2015-05-04 17:31:01,143.0,No,0,0,,-1.0,,0.0,17,0
541555******3475,2015-05-07 12:50:22,352.0,No,0,0,,-1.0,,0.0,12,0
541555******3479,2015-05-09 19:31:45,220.0,No,0,0,,-1.0,,0.0,19,0
541555******3558,2015-05-03 11:44:57,220.0,Yes,1,0,,-1.0,,0.0,11,0
541555******3600,2015-05-28 18:58:49,46.0,No,0,0,,-1.0,,0.0,18,0
541555******3600,2015-05-28 19:00:17,46.0,No,0,1,2015-05-28 18:58:49,1.4666666666666666,46.0,0.0,19,0
541555******3600,2015-05-28 19:01:40,46.0,No,0,2,2015-05-28 19:00:17,1.3833333333333333,46.0,0.0,19,0
541555******3885,2015-05-08 15:46:05,143.0,No,0,0,,-1.0,,0.0,15,0
541555******4124,2015-05-11 17:47:50,440.0,No,0,0,,-1.0,,0.0,17,0
541555******4363,2015-05-30 12:54:33,110.0,Yes,1,0,,-1.0,,0.0,12,0
541555******4363,2015-05-30 12:55:29,110.0,Yes,1,1,2015-05-30 12:54:33,0.9333333333333333,110.0,0.0,12,0
541555******4363,2015-05-30 12:56:27,110.0,Yes,1,2,2015-05-30 12:55:29,0.9666666666666667,110.0,0.0,12,0
541555******4363,2015-05-30 12:57:33,110.0,Yes,1,3,2015-05-30 12:56:27,1.1,110.0,0.0,12,0
541555******4578,2015-05-21 17:58:38,105.0,No,0,0,,-1.0,,0.0,17,0
541555******4709,2015-05-29 18:23:08,69.0,No,0,0,,-1.0,,0.0,18,0
541555******5327,2015-05-22 11:07:30,230.0,No,0,0,,-1.0,,0.0,11,0
541555******5344,2015-05-20 21:49:12,165.0,No,0,0,,-1.0,,0.0,21,0
541555******5362,2015-05-13 11:45:33,134.4,No,0,0,,-1.0,,0.0,11,0
541555******5362,2015-05-29 20:35:30,77.0,No,0,0,2015-05-13 11:45:33,23569.95,134.4,-0.42708333333333337,20,0
541555******5382,2015-05-18 16:06:01,69.0,No,0,0,,-1.0,,0.0,16,0
541555******5519,2015-05-14 21:37:48,33.0,No,0,0,,-1.0,,0.0,21,0
541555******5531,2015-05-24 16:18:44,10.0,No,0,0,,-1.0,,0.0,16,0
541555******5560,2015-05-06 21:14:48,69.0,No,0,0,,-1.0,,0.0,21,0
541555******5608,2015-05-08 19:55:42,176.0,No,0,0,,-1.0,,0.0,19,0
541555******5947,2015-05-10 12:55:17,156.8,No,0,0,,-1.0,,0.0,12,0
541555******5955,2015-05-29 08:23:14,99.0,No,0,0,,-1.0,,0.0,8,0
541555******6009,2015-05-07 10:03:27,352.0,No,0,0,,-1.0,,0.0,10,0
541555******6135,2015-05-14 11:49:46,99.0,No,0,0,,-1.0,,0.0,11,0
541555******6504,2015-05-11 18:25:53,264.5,No,0,0,,-1.0,,0.0,18,0
541555******6570,2015-05-15 15:36:37,69.0,No,0,0,,-1.0,,0.0,15,0
541555******6701,2015-05-19 17:18:31,187.0,No,0,0,,-1.0,,0.0,17,0
541555******6701,2015-05-19 17:22:28,187.0,No,0,1,2015-05-19 17:18:31,3.95,187.0,0.0,17,0
541555******6821,2015-05-07 10:08:27,156.8,No,0,0,,-1.0,,0.0,10,0
541555******7076,2015-05-21 13:09:57,93.15,No,0,0,,-1.0,,0.0,13,0
541555******7101,2015-05-13 12:03:04,62.1,No,0,0,,-1.0,,0.0,12,0
541555******7108,2015-05-11 18:46:04,264.5,No,0,0,,-1.0,,0.0,18,0
541555******7125,2015-05-11 14:07:37,78.4,No,0,0,,-1.0,,0.0,14,0
541555******7362,2015-05-26 10:11:51,78.15,No,0,0,,-1.0,,0.0,10,0
541555******8170,2015-05-06 14:56:38,517.5,No,0,0,,-1.0,,0.0,14,0
541555******8277,2015-05-22 11:37:42,46.0,No,0,0,,-1.0,,0.0,11,0
541555******8347,2015-05-13 22:04:21,78.4,No,0,0,,-1.0,,0.0,22,0
541555******9271,2015-05-26 15:28:42,40.0,No,0,0,,-1.0,,0.0,15,0
541555******9304,2015-05-14 08:51:34,297.0,No,0,0,,-1.0,,0.0,8,0
541555******9320,2015-05-05 12:10:16,99.0,No,0,0,,-1.0,,0.0,12,0
541555******9385,2015-05-25 15:34:52,134.4,No,0,0,,-1.0,,0.0,15,0
541555******9550,2015-05-11 18:35:17,132.25,No,0,0,,-1.0,,0.0,18,0
541555******9655,2015-05-28 17:39:03,198.0,No,0,0,,-1.0,,0.0,17,0
541555******9756,2015-05-20 14:51:45,110.0,No,0,0,,-1.0,,0.0,14,0
541555******9756,2015-05-20 15:48:54,66.0,No,0,1,2015-05-20 14:51:45,57.15,110.0,-0.4,15,0
541555******9851,2015-05-02 13:08:28,352.0,No,0,0,,-1.0,,0.0,13,0
541555******9917,2015-05-24 21:27:01,89.6,No,0,0,,-1.0,,0.0,21,0
541555******9994,2015-05-20 19:38:19,55.27,No,0,0,,-1.0,,0.0,19,0
541555******9994,2015-05-21 16:27:52,69.0,No,0,1,2015-05-20 19:38:19,1249.55,55.27,0.24841686267414498,16,0
541759******0597,2015-05-19 10:30:40,20.0,No,0,0,,-1.0,,0.0,10,0
541759******0643,2015-05-29 21:06:26,172.5,Yes,1,0,,-1.0,,0.0,21,0
541759******1078,2015-05-27 21:39:03,28.0,No,0,0,,-1.0,,0.0,21,0
541759******3522,2015-05-26 22:24:49,134.4,No,0,0,,-1.0,,0.0,22,0
541759******4195,2015-05-29 08:05:03,88.0,No,0,0,,-1.0,,0.0,8,0
541759******6679,2015-05-22 15:53:13,138.0,No,0,0,,-1.0,,0.0,15,0
541759******6904,2015-05-22 15:35:16,64.89,No,0,0,,-1.0,,0.0,15,0
541759******8804,2015-05-22 19:29:57,70.0,No,0,0,,-1.0,,0.0,19,0
541759******9892,2015-05-01 17:38:35,24.0,No,0,0,,-1.0,,0.0,17,0
541886******8024,2015-05-10 21:08:40,55.0,No,0,0,,-1.0,,0.0,21,0
542661******2031,2015-05-26 21:45:14,43.0,No,0,0,,-1.0,,0.0,21,0
542661******3526,2015-05-08 09:15:46,23.35,No,0,0,,-1.0,,0.0,9,0
542661******6265,2015-05-14 01:02:10,462.0,No,0,0,,-1.0,,0.0,1,1
542661******8326,2015-05-03 23:58:33,220.0,No,0,0,,-1.0,,0.0,23,1
542820******0008,2015-05-15 18:55:37,104.5,No,0,0,,-1.0,,0.0,18,0
542820******0067,2015-05-29 18:38:46,69.0,No,0,0,,-1.0,,0.0,18,0
542820******0120,2015-05-21 17:00:23,95.2,No,0,0,,-1.0,,0.0,17,0
542820******0132,2015-05-05 20:24:49,80.5,No,0,0,,-1.0,,0.0,20,0
542820******0132,2015-05-13 15:16:11,23.0,No,0,0,2015-05-05 20:24:49,11211.366666666667,80.5,-0.7142857142857143,15,0
542820******0162,2015-05-30 20:06:15,96.42,No,0,0,,-1.0,,0.0,20,0
542820******0162,2015-05-30 20:06:15,96.42,No,0,0,2015-05-30 20:06:15,0.0,96.42,0.0,20,0
542820******0321,2015-05-11 16:05:58,92.0,No,0,0,,-1.0,,0.0,16,0
542820******0321,2015-05-16 04:22:34,46.0,No,0,0,2015-05-11 16:05:58,6496.6,92.0,-0.5,4,1
542820******0408,2015-05-05 14:40:04,115.0,No,0,0,,-1.0,,0.0,14,0
542820******0454,2015-05-07 11:26:08,145.6,No,0,0,,-1.0,,0.0,11,0
542820******0500,2015-05-04 15:21:33,143.0,No,0,0,,-1.0,,0.0,15,0
542820******0577,2015-05-06 18:04:08,179.2,No,0,0,,-1.0,,0.0,18,0
542820******0587,2015-05-27 20:40:46,216.0,No,0,0,,-1.0,,0.0,20,0
542820******0594,2015-05-10 22:11:45,165.0,No,0,0,,-1.0,,0.0,22,0
542820******0639,2015-05-10 03:48:44,143.0,No,0,0,,-1.0,,0.0,3,1
542820******0710,2015-05-24 10:09:45,20.0,No,0,0,,-1.0,,0.0,10,0
542820******0785,2015-05-12 10:41:11,231.0,No,0,0,,-1.0,,0.0,10,0
542820******0898,2015-05-15 16:11:37,34.5,No,0,0,,-1.0,,0.0,16,0
542820******1104,2015-05-09 15:54:31,154.0,No,0,0,,-1.0,,0.0,15,0
542820******1301,2015-05-01 16:59:23,89.6,No,0,0,,-1.0,,0.0,16,0
542820******1308,2015-05-13 19:55:01,154.0,No,0,0,,-1.0,,0.0,19,0
542820******1329,2015-05-11 11:40:06,33.0,No,0,0,,-1.0,,0.0,11,0
542820******1329,2015-05-11 13:40:01,33.0,No,0,1,2015-05-11 11:40:06,119.91666666666667,33.0,0.0,13,0
542820******1376,2015-05-11 21:33:03,16.5,No,0,0,,-1.0,,0.0,21,0
542820******1462,2015-05-13 12:30:04,89.6,No,0,0,,-1.0,,0.0,12,0
542820******1462,2015-05-28 12:41:35,88.0,No,0,0,2015-05-13 12:30:04,21611.516666666666,89.6,-0.017857142857142794,12,0
542820******1462,2015-05-29 03:00:14,88.0,No,0,1,2015-05-28 12:41:35,858.65,88.8,-0.009009009009009028,3,1
542820******1472,2015-05-08 16:28:36,115.0,No,0,0,,-1.0,,0.0,16,0
542820******1518,2015-05-18 21:14:29,69.0,No,0,0,,-1.0,,0.0,21,0
542820******1518,2015-05-22 01:03:32,34.5,No,0,0,2015-05-18 21:14:29,4549.05,69.0,-0.5,1,1
542820******1518,2015-05-22 19:59:57,34.5,No,0,1,2015-05-22 01:03:32,1136.4166666666667,51.75,-0.33333333333333337,19,0
542820******1612,2015-05-28 21:01:51,172.5,No,0,0,,-1.0,,0.0,21,0
542820******1612,2015-05-28 21:03:18,172.5,No,0,1,2015-05-28 21:01:51,1.45,172.5,0.0,21,0
542820******1612,2015-05-28 21:04:23,172.5,No,0,2,2015-05-28 21:03:18,1.0833333333333333,172.5,0.0,21,0
542820******1612,2015-05-28 21:07:07,46.0,No,0,3,2015-05-28 21:04:23,2.7333333333333334,172.5,-0.7333333333333334,21,0
542820******1753,2015-05-15 14:34:13,154.0,No,0,0,,-1.0,,0.0,14,0
542820******1794,2015-05-21 22:47:48,117.6,No,0,0,,-1.0,,0.0,22,0
542820******1841,2015-05-21 18:42:27,23.0,No,0,0,,-1.0,,0.0,18,0
542820******1841,2015-05-21 21:25:42,23.0,No,0,1,2015-05-21 18:42:27,163.25,23.0,0.0,21,0
542820******1907,2015-05-29 01:08:47,187.0,No,0,0,,-1.0,,0.0,1,1
542820******2261,2015-05-10 21:55:36,148.5,No,0,0,,-1.0,,0.0,21,0
542820******2261,2015-05-18 14:02:04,121.0,No,0,0,2015-05-10 21:55:36,11046.466666666667,148.5,-0.18518518518518523,14,0
542820******2359,2015-05-16 18:48:41,73.34,No,0,0,,-1.0,,0.0,18,0
542820******2384,2015-05-20 14:22:00,35.0,No,0,0,,-1.0,,0.0,14,0
542820******2384,2015-05-20 15:13:10,35.0,No,0,1,2015-05-20 14:22:00,51.166666666666664,35.0,0.0,15,0
542820******2549,2015-05-24 11:07:12,5.0,No,0,0,,-1.0,,0.0,11,0
542820******2576,2015-05-15 14:31:51,308.0,No,0,0,,-1.0,,0.0,14,0
542820******2779,2015-05-15 14:13:24,308.0,No,0,0,,-1.0,,0.0,14,0
542820******2791,2015-05-22 17:12:07,34.5,No,0,0,,-1.0,,0.0,17,0
542820******2868,2015-05-05 08:23:29,46.0,No,0,0,,-1.0,,0.0,8,0
542820******2944,2015-05-29 18:19:31,92.0,No,0,0,,-1.0,,0.0,18,0
542820******2981,2015-05-12 20:07:26,154.0,No,0,0,,-1.0,,0.0,20,0
542820******2992,2015-05-10 23:06:05,77.0,No,0,0,,-1.0,,0.0,23,1
542820******3161,2015-05-05 17:52:31,132.0,No,0,0,,-1.0,,0.0,17,0
542820******3476,2015-05-13 15:55:04,78.4,No,0,0,,-1.0,,0.0,15,0
542820******3614,2015-05-08 16:11:13,209.0,No,0,0,,-1.0,,0.0,16,0
542820******3805,2015-05-06 13:56:41,172.5,No,0,0,,-1.0,,0.0,13,0
542820******3859,2015-05-06 17:10:31,138.0,No,0,0,,-1.0,,0.0,17,0
542820******3914,2015-05-08 22:06:13,80.5,No,0,0,,-1.0,,0.0,22,0
542820******3922,2015-05-16 12:32:08,220.0,No,0,0,,-1.0,,0.0,12,0
542820******4033,2015-05-07 13:26:16,23.0,No,0,0,,-1.0,,0.0,13,0
542820******4084,2015-05-03 21:07:41,80.5,No,0,0,,-1.0,,0.0,21,0
542820******4154,2015-05-13 00:14:24,88.0,No,0,0,,-1.0,,0.0,0,1
542820******4453,2015-05-07 10:02:11,352.0,No,0,0,,-1.0,,0.0,10,0
542820******4574,2015-05-04 20:31:18,69.0,No,0,0,,-1.0,,0.0,20,0
542820******5033,2015-05-26 22:34:38,138.0,No,0,0,,-1.0,,0.0,22,0
542820******5033,2015-05-29 12:30:17,46.0,No,0,0,2015-05-26 22:34:38,3715.65,138.0,-0.6666666666666667,12,0
542820******5068,2015-05-15 13:41:19,23.0,No,0,0,,-1.0,,0.0,13,0
542820******5118,2015-05-16 17:23:18,70.0,No,0,0,,-1.0,,0.0,17,0
542820******5132,2015-05-15 14:03:09,77.0,No,0,0,,-1.0,,0.0,14,0
542820******5198,2015-05-30 18:20:21,67.2,No,0,0,,-1.0,,0.0,18,0
542820******5198,2015-05-30 18:20:21,67.2,No,0,0,2015-05-30 18:20:21,0.0,67.2,0.0,18,0
542820******5453,2015-05-21 15:03:45,115.0,No,0,0,,-1.0,,0.0,15,0
542820******5466,2015-05-15 13:47:55,66.0,No,0,0,,-1.0,,0.0,13,0
542820******5623,2015-05-19 11:44:16,145.6,No,0,0,,-1.0,,0.0,11,0
542820******5897,2015-05-30 13:51:32,20.0,No,0,0,,-1.0,,0.0,13,0
542820******5907,2015-05-11 22:42:39,308.0,No,0,0,,-1.0,,0.0,22,0
542820******6017,2015-05-28 13:58:35,69.0,No,0,0,,-1.0,,0.0,13,0
542820******6058,2015-05-12 20:32:50,172.75,No,0,0,,-1.0,,0.0,20,0
542820******6068,2015-05-07 10:09:01,115.5,No,0,0,,-1.0,,0.0,10,0
542820******6220,2015-05-28 19:41:57,99.0,No,0,0,,-1.0,,0.0,19,0
542820******6385,2015-05-18 21:56:14,100.0,No,0,0,,-1.0,,0.0,21,0
542820******6416,2015-05-08 21:13:38,132.0,No,0,0,,-1.0,,0.0,21,0
542820******6460,2015-05-11 21:48:26,132.25,No,0,0,,-1.0,,0.0,21,0
542820******6516,2015-05-13 12:55:10,23.0,No,0,0,,-1.0,,0.0,12,0
542820******6565,2015-05-28 14:02:40,10.0,No,0,0,,-1.0,,0.0,14,0
542820******6701,2015-05-12 15:15:54,264.5,No,0,0,,-1.0,,0.0,15,0
542820******6770,2015-05-15 14:32:14,33.0,No,0,0,,-1.0,,0.0,14,0
542820******6804,2015-05-10 12:06:39,23.35,No,0,0,,-1.0,,0.0,12,0
542820******6918,2015-05-06 00:58:57,143.0,No,0,0,,-1.0,,0.0,0,1
542820******6921,2015-05-04 19:47:58,184.0,No,0,0,,-1.0,,0.0,19,0
542820******7086,2015-05-28 16:20:02,34.5,No,0,0,,-1.0,,0.0,16,0
542820******7137,2015-05-28 13:48:34,46.0,Yes,1,0,,-1.0,,0.0,13,0
542820******7137,2015-05-28 13:50:00,46.0,Yes,1,1,2015-05-28 13:48:34,1.4333333333333333,46.0,0.0,13,0
542820******7137,2015-05-28 13:51:14,46.0,Yes,1,2,2015-05-28 13:50:00,1.2333333333333334,46.0,0.0,13,0
542820******7137,2015-05-28 13:52:28,46.0,Yes,1,3,2015-05-28 13:51:14,1.2333333333333334,46.0,0.0,13,0
542820******7238,2015-05-07 22:04:09,110.0,No,0,0,,-1.0,,0.0,22,0
542820******7303,2015-05-03 10:59:07,63.16,No,0,0,,-1.0,,0.0,10,0
542820******7321,2015-05-29 10:55:35,44.0,No,0,0,,-1.0,,0.0,10,0
542820******7349,2015-05-11 16:30:46,156.8,No,0,0,,-1.0,,0.0,16,0
542820******7457,2015-05-06 23:02:59,143.0,No,0,0,,-1.0,,0.0,23,1
542820******7728,2015-05-12 19:27:21,224.0,No,0,0,,-1.0,,0.0,19,0
542820******7737,2015-05-28 18:29:11,88.0,No,0,0,,-1.0,,0.0,18,0
542820******7743,2015-05-02 19:30:29,143.0,No,0,0,,-1.0,,0.0,19,0
542820******7937,2015-05-19 15:16:48,110.0,No,0,0,,-1.0,,0.0,15,0
542820******7938,2015-05-15 10:01:36,873.6,No,0,0,,-1.0,,0.0,10,0
542820******7939,2015-05-09 18:50:11,66.0,No,0,0,,-1.0,,0.0,18,0
542820******7939,2015-05-09 21:06:48,55.0,No,0,1,2015-05-09 18:50:11,136.61666666666667,66.0,-0.16666666666666663,21,0
542820******7991,2015-05-12 22:19:22,77.0,No,0,0,,-1.0,,0.0,22,0
542820******8077,2015-05-21 16:24:24,132.0,No,0,0,,-1.0,,0.0,16,0
542820******8099,2015-05-22 01:16:38,46.0,No,0,0,,-1.0,,0.0,1,1
542820******8247,2015-05-24 23:07:48,224.0,No,0,0,,-1.0,,0.0,23,1
542820******8442,2015-05-16 01:07:30,627.0,No,0,0,,-1.0,,0.0,1,1
542820******8466,2015-05-14 08:47:39,134.4,No,0,0,,-1.0,,0.0,8,0
542820******8483,2015-05-25 17:33:23,34.5,No,0,0,,-1.0,,0.0,17,0
542820******8670,2015-05-06 20:36:35,23.0,No,0,0,,-1.0,,0.0,20,0
542820******8707,2015-05-28 19:53:46,70.03,No,0,0,,-1.0,,0.0,19,0
542820******8707,2015-05-29 11:35:30,46.0,No,0,1,2015-05-28 19:53:46,941.7333333333333,70.03,-0.34313865486220196,11,0
542820******8966,2015-05-19 16:50:58,35.53,No,0,0,,-1.0,,0.0,16,0
542820******9152,2015-05-27 20:17:44,20.0,No,0,0,,-1.0,,0.0,20,0
542820******9152,2015-05-27 20:33:07,20.0,No,0,1,2015-05-27 20:17:44,15.383333333333333,20.0,0.0,20,0
542820******9206,2015-05-05 12:21:47,89.6,No,0,0,,-1.0,,0.0,12,0
542820******9344,2015-05-04 19:34:18,89.6,No,0,0,,-1.0,,0.0,19,0
542820******9384,2015-05-04 18:33:13,110.0,No,0,0,,-1.0,,0.0,18,0
542820******9773,2015-05-28 08:29:25,34.5,No,0,0,,-1.0,,0.0,8,0
542820******9782,2015-05-29 10:28:31,15.0,No,0,0,,-1.0,,0.0,10,0
542820******9955,2015-05-09 23:15:58,45.2,No,0,0,,-1.0,,0.0,23,1
542820******9969,2015-05-20 17:41:21,88.0,No,0,0,,-1.0,,0.0,17,0
542974******0010,2015-05-11 22:30:20,44.8,No,0,0,,-1.0,,0.0,22,0
542974******0152,2015-05-11 11:33:07,112.0,No,0,0,,-1.0,,0.0,11,0
542974******0734,2015-05-30 16:25:48,20.0,No,0,0,,-1.0,,0.0,16,0
542974******0734,2015-05-30 16:25:48,20.0,No,0,0,2015-05-30 16:25:48,0.0,20.0,0.0,16,0
542974******0972,2015-05-23 14:15:24,69.0,No,0,0,,-1.0,,0.0,14,0
542974******1504,2015-05-19 11:09:19,69.0,No,0,0,,-1.0,,0.0,11,0
542974******1733,2015-05-21 11:42:35,100.8,No,0,0,,-1.0,,0.0,11,0
542974******2342,2015-05-13 11:44:35,145.6,No,0,0,,-1.0,,0.0,11,0
542974******2455,2015-05-21 11:45:13,80.5,No,0,0,,-1.0,,0.0,11,0
542974******2499,2015-05-15 14:54:57,176.0,No,0,0,,-1.0,,0.0,14,0
542974******3835,2015-05-11 13:13:52,145.6,No,0,0,,-1.0,,0.0,13,0
542974******3908,2015-05-07 13:40:04,123.3,No,0,0,,-1.0,,0.0,13,0
542974******4151,2015-05-19 21:49:50,10.0,No,0,0,,-1.0,,0.0,21,0
542974******4170,2015-05-15 17:18:04,291.2,No,0,0,,-1.0,,0.0,17,0
542974******4375,2015-05-22 23:18:56,84.0,No,0,0,,-1.0,,0.0,23,1
542974******4405,2015-05-13 11:03:36,115.0,No,0,0,,-1.0,,0.0,11,0
542974******4494,2015-05-25 12:55:19,15.0,No,0,0,,-1.0,,0.0,12,0
542974******4496,2015-05-29 10:28:43,25.0,No,0,0,,-1.0,,0.0,10,0
542974******4652,2015-05-17 16:08:56,34.5,No,0,0,,-1.0,,0.0,16,0
542974******5050,2015-05-19 07:19:33,23.0,No,0,0,,-1.0,,0.0,7,0
542974******5185,2015-05-15 10:06:49,154.0,No,0,0,,-1.0,,0.0,10,0
542974******5709,2015-05-21 15:06:54,40.0,No,0,0,,-1.0,,0.0,15,0
542974******5731,2015-05-27 22:19:57,99.0,No,0,0,,-1.0,,0.0,22,0
542974******5932,2015-05-28 12:39:19,103.5,No,0,0,,-1.0,,0.0,12,0
542974******5993,2015-05-18 10:00:34,57.5,No,0,0,,-1.0,,0.0,10,0
542974******5993,2015-05-18 10:03:24,57.5,No,0,1,2015-05-18 10:00:34,2.8333333333333335,57.5,0.0,10,0
542974******6509,2015-05-22 14:39:13,69.0,No,0,0,,-1.0,,0.0,14,0
542974******6509,2015-05-22 15:10:03,34.5,No,0,1,2015-05-22 14:39:13,30.833333333333332,69.0,-0.5,15,0
542974******6580,2015-05-09 20:40:21,23.0,No,0,0,,-1.0,,0.0,20,0
542974******6739,2015-05-22 12:25:34,34.5,No,0,0,,-1.0,,0.0,12,0
542974******6744,2015-05-09 00:33:41,201.6,No,0,0,,-1.0,,0.0,0,1
542974******7104,2015-05-14 21:57:58,99.0,No,0,0,,-1.0,,0.0,21,0
542974******7247,2015-05-21 14:36:09,46.0,No,0,0,,-1.0,,0.0,14,0
542974******7318,2015-05-19 15:17:33,330.0,No,0,0,,-1.0,,0.0,15,0
542974******8128,2015-05-05 13:11:09,230.0,No,0,0,,-1.0,,0.0,13,0
542974******8128,2015-05-05 13:20:13,57.5,No,0,1,2015-05-05 13:11:09,9.066666666666666,230.0,-0.75,13,0
542974******8140,2015-05-01 13:48:06,112.0,No,0,0,,-1.0,,0.0,13,0
542974******8399,2015-05-05 17:51:28,89.6,No,0,0,,-1.0,,0.0,17,0
542974******8399,2015-05-20 10:44:51,89.6,No,0,0,2015-05-05 17:51:28,21173.383333333335,89.6,0.0,10,0
542974******8399,2015-05-26 11:27:31,134.4,No,0,0,2015-05-20 10:44:51,8682.666666666666,89.6,0.5000000000000002,11,0
542974******8470,2015-05-18 18:37:15,75.52,No,0,0,,-1.0,,0.0,18,0
542974******8470,2015-05-18 20:27:22,75.52,No,0,1,2015-05-18 18:37:15,110.11666666666666,75.52,0.0,20,0
542974******8515,2015-05-24 22:04:36,336.0,No,0,0,,-1.0,,0.0,22,0
542974******8703,2015-05-14 10:38:22,176.0,No,0,0,,-1.0,,0.0,10,0
542974******8712,2015-05-12 13:42:48,78.4,No,0,0,,-1.0,,0.0,13,0
542974******8765,2015-05-08 00:29:49,35.01,No,0,0,,-1.0,,0.0,0,1
542974******9392,2015-05-19 15:26:04,10.0,No,0,0,,-1.0,,0.0,15,0
542974******9401,2015-05-02 16:21:21,70.0,No,0,0,,-1.0,,0.0,16,0
542974******9407,2015-05-06 17:10:21,253.0,Yes,1,0,,-1.0,,0.0,17,0
542974******9407,2015-05-06 17:11:35,506.0,Yes,1,1,2015-05-06 17:10:21,1.2333333333333334,253.0,1.0,17,0
542974******9599,2015-05-21 17:10:22,46.0,No,0,0,,-1.0,,0.0,17,0
542974******9599,2015-05-21 18:04:24,34.5,No,0,1,2015-05-21 17:10:22,54.03333333333333,46.0,-0.25,18,0
542974******9706,2015-05-08 13:14:31,201.6,No,0,0,,-1.0,,0.0,13,0
542974******9761,2015-05-11 23:52:53,154.0,No,0,0,,-1.0,,0.0,23,1
542974******9832,2015-05-28 16:30:13,132.0,No,0,0,,-1.0,,0.0,16,0
542974******9870,2015-05-11 12:07:17,112.0,No,0,0,,-1.0,,0.0,12,0
542974******9870,2015-05-11 12:08:55,112.0,No,0,1,2015-05-11 12:07:17,1.6333333333333333,112.0,0.0,12,0
542976******1029,2015-05-11 17:30:21,112.0,No,0,0,,-1.0,,0.0,17,0
542976******1029,2015-05-11 17:33:09,275.0,No,0,1,2015-05-11 17:30:21,2.8,112.0,1.4553571428571428,17,0
542976******3493,2015-05-15 17:58:06,67.2,No,0,0,,-1.0,,0.0,17,0
542976******5167,2015-05-16 01:44:16,198.0,No,0,0,,-1.0,,0.0,1,1
542976******5609,2015-05-11 13:30:07,336.0,No,0,0,,-1.0,,0.0,13,0
542976******5609,2015-05-23 13:06:05,80.5,No,0,0,2015-05-11 13:30:07,17255.966666666667,336.0,-0.7604166666666666,13,0
542976******5985,2015-05-03 19:01:33,143.0,No,0,0,,-1.0,,0.0,19,0
542976******6044,2015-05-18 21:34:31,165.0,No,0,0,,-1.0,,0.0,21,0
542976******6670,2015-05-17 21:50:30,67.2,No,0,0,,-1.0,,0.0,21,0
542976******7836,2015-05-28 12:46:18,99.0,No,0,0,,-1.0,,0.0,12,0
542976******8600,2015-05-26 13:21:41,630.0,No,0,0,,-1.0,,0.0,13,0
544169******2965,2015-05-13 00:52:13,154.0,No,0,0,,-1.0,,0.0,0,1
544199******0577,2015-05-20 10:36:00,13.5,No,0,0,,-1.0,,0.0,10,0
544199******4328,2015-05-26 22:29:15,176.0,No,0,0,,-1.0,,0.0,22,0
544199******5250,2015-05-21 17:56:03,20.0,No,0,0,,-1.0,,0.0,17,0
544199******6073,2015-05-29 14:00:23,20.0,No,0,0,,-1.0,,0.0,14,0
544199******6925,2015-05-15 22:49:14,57.5,No,0,0,,-1.0,,0.0,22,0
544199******7247,2015-05-08 22:57:10,34.5,No,0,0,,-1.0,,0.0,22,0
544199******8856,2015-05-06 14:11:58,44.0,No,0,0,,-1.0,,0.0,14,0
544300******0042,2015-05-25 11:27:19,115.0,No,0,0,,-1.0,,0.0,11,0
544300******0096,2015-05-22 16:49:13,132.0,No,0,0,,-1.0,,0.0,16,0
544300******0632,2015-05-09 15:00:29,34.5,No,0,0,,-1.0,,0.0,15,0
544300******1432,2015-05-26 16:58:16,67.2,No,0,0,,-1.0,,0.0,16,0
544300******4211,2015-05-13 13:51:47,179.2,No,0,0,,-1.0,,0.0,13,0
544300******5272,2015-05-13 14:49:22,134.4,No,0,0,,-1.0,,0.0,14,0
544300******5272,2015-05-18 23:11:27,67.2,No,0,0,2015-05-13 14:49:22,7702.083333333333,134.4,-0.5,23,1
544300******6385,2015-05-28 17:49:39,46.69,No,0,0,,-1.0,,0.0,17,0
544300******7755,2015-05-15 22:08:30,176.0,No,0,0,,-1.0,,0.0,22,0
544300******9814,2015-05-26 22:36:00,67.2,No,0,0,,-1.0,,0.0,22,0
544315******0025,2015-05-25 10:29:25,20.0,No,0,0,,-1.0,,0.0,10,0
544315******0025,2015-05-28 09:01:57,5.0,No,0,0,2015-05-25 10:29:25,4232.533333333334,20.0,-0.75,9,0
544315******0173,2015-05-05 19:09:26,115.0,No,0,0,,-1.0,,0.0,19,0
544315******0357,2015-05-08 11:10:58,66.0,No,0,0,,-1.0,,0.0,11,0
544315******0547,2015-05-07 12:06:04,58.36,No,0,0,,-1.0,,0.0,12,0
544315******1655,2015-05-01 12:31:18,69.0,No,0,0,,-1.0,,0.0,12,0
544315******2259,2015-05-02 15:28:25,198.0,No,0,0,,-1.0,,0.0,15,0
544315******2826,2015-05-12 19:39:33,172.75,No,0,0,,-1.0,,0.0,19,0
544315******2913,2015-05-22 14:49:32,138.0,No,0,0,,-1.0,,0.0,14,0
544315******3418,2015-05-28 19:41:04,77.0,No,0,0,,-1.0,,0.0,19,0
544315******4386,2015-05-12 22:23:18,184.0,No,0,0,,-1.0,,0.0,22,0
544315******4496,2015-05-29 17:23:13,46.0,No,0,0,,-1.0,,0.0,17,0
544315******4496,2015-05-29 17:24:50,46.0,No,0,1,2015-05-29 17:23:13,1.6166666666666667,46.0,0.0,17,0
544315******4496,2015-05-29 17:28:11,46.0,No,0,2,2015-05-29 17:24:50,3.35,46.0,0.0,17,0
544315******4496,2015-05-29 17:29:27,46.0,No,0,3,2015-05-29 17:28:11,1.2666666666666666,46.0,0.0,17,0
544315******4496,2015-05-30 12:20:11,110.0,No,0,4,2015-05-29 17:29:27,1130.7333333333333,46.0,1.391304347826087,12,0
544315******4496,2015-05-30 12:21:20,110.0,No,0,5,2015-05-30 12:20:11,1.15,58.8,0.870748299319728,12,0
544315******4994,2015-05-12 13:47:00,77.0,No,0,0,,-1.0,,0.0,13,0
544315******5329,2015-05-28 12:57:57,154.0,No,0,0,,-1.0,,0.0,12,0
544315******6028,2015-05-04 00:01:58,92.0,No,0,0,,-1.0,,0.0,0,1
544315******6493,2015-05-19 22:23:47,110.0,No,0,0,,-1.0,,0.0,22,0
544315******7527,2015-05-22 21:00:15,86.0,No,0,0,,-1.0,,0.0,21,0
544315******7807,2015-05-16 10:33:27,60.0,No,0,0,,-1.0,,0.0,10,0
544315******7864,2015-05-04 19:28:07,111.65,No,0,0,,-1.0,,0.0,19,0
544315******9565,2015-05-29 13:36:33,92.0,No,0,0,,-1.0,,0.0,13,0
544315******9698,2015-05-12 19:42:30,110.0,No,0,0,,-1.0,,0.0,19,0
544315******9777,2015-05-25 18:48:09,176.0,No,0,0,,-1.0,,0.0,18,0
544507******5286,2015-05-04 19:18:29,143.0,No,0,0,,-1.0,,0.0,19,0
544507******7109,2015-05-15 16:39:49,154.0,No,0,0,,-1.0,,0.0,16,0
544507******7162,2015-05-08 09:26:34,121.0,No,0,0,,-1.0,,0.0,9,0
544507******9263,2015-05-14 11:54:02,156.8,No,0,0,,-1.0,,0.0,11,0
544507******9263,2015-05-14 11:59:08,156.8,No,0,1,2015-05-14 11:54:02,5.1,156.8,0.0,11,0
544540******0942,2015-05-28 23:04:18,40.0,No,0,0,,-1.0,,0.0,23,1
544540******1001,2015-05-20 12:53:06,46.0,No,0,0,,-1.0,,0.0,12,0
544540******1019,2015-05-22 16:45:02,13.5,No,0,0,,-1.0,,0.0,16,0
544540******1061,2015-05-06 13:48:24,276.0,No,0,0,,-1.0,,0.0,13,0
544540******1224,2015-05-14 18:08:12,154.0,No,0,0,,-1.0,,0.0,18,0
544540******1275,2015-05-10 00:27:14,165.0,No,0,0,,-1.0,,0.0,0,1
544540******2339,2015-05-11 11:21:16,224.0,No,0,0,,-1.0,,0.0,11,0
544540******2500,2015-05-06 09:33:26,132.0,No,0,0,,-1.0,,0.0,9,0
544540******2826,2015-05-14 21:17:06,172.5,No,0,0,,-1.0,,0.0,21,0
544540******3356,2015-05-04 17:24:15,368.0,No,0,0,,-1.0,,0.0,17,0
544540******3600,2015-05-21 07:24:56,70.0,No,0,0,,-1.0,,0.0,7,0
544540******3600,2015-05-21 22:12:38,70.0,No,0,1,2015-05-21 07:24:56,887.7,70.0,0.0,22,0
544540******3720,2015-05-14 09:45:46,149.5,No,0,0,,-1.0,,0.0,9,0
544540******3733,2015-05-12 21:50:39,154.0,No,0,0,,-1.0,,0.0,21,0
544540******4430,2015-05-20 18:49:14,46.69,No,0,0,,-1.0,,0.0,18,0
544540******4854,2015-05-29 15:13:50,46.0,No,0,0,,-1.0,,0.0,15,0
544540******4982,2015-05-28 23:36:40,34.5,No,0,0,,-1.0,,0.0,23,1
544540******5033,2015-05-11 21:13:00,89.6,No,0,0,,-1.0,,0.0,21,0
544540******5126,2015-05-08 21:40:43,69.0,No,0,0,,-1.0,,0.0,21,0
544540******5571,2015-05-11 17:36:51,880.0,No,0,0,,-1.0,,0.0,17,0
544540******6000,2015-05-14 22:24:38,34.5,No,0,0,,-1.0,,0.0,22,0
544540******6076,2015-05-14 18:54:30,176.0,No,0,0,,-1.0,,0.0,18,0
544540******6132,2015-05-28 18:33:18,20.0,No,0,0,,-1.0,,0.0,18,0
544540******6431,2015-05-01 13:57:14,410.0,No,0,0,,-1.0,,0.0,13,0
544540******6431,2015-05-01 14:03:27,50.0,No,0,1,2015-05-01 13:57:14,6.216666666666667,410.0,-0.8780487804878049,14,0
544540******6460,2015-05-28 07:06:14,49.5,No,0,0,,-1.0,,0.0,7,0
544540******7141,2015-05-01 08:30:16,159.5,No,0,0,,-1.0,,0.0,8,0
544540******7602,2015-05-28 11:57:44,57.5,No,0,0,,-1.0,,0.0,11,0
544540******8143,2015-05-12 15:36:19,246.6,No,0,0,,-1.0,,0.0,15,0
544540******8901,2015-05-13 21:11:30,110.0,Yes,1,0,,-1.0,,0.0,21,0
544540******8901,2015-05-13 21:12:43,165.0,Yes,1,1,2015-05-13 21:11:30,1.2166666666666666,110.0,0.5,21,0
544540******8901,2015-05-13 21:13:51,165.0,Yes,1,2,2015-05-13 21:12:43,1.1333333333333333,137.5,0.19999999999999996,21,0
544540******8901,2015-05-14 11:08:49,110.0,Yes,1,3,2015-05-13 21:13:51,834.9666666666667,146.66666666666666,-0.25,11,0
544540******8901,2015-05-14 11:10:02,82.5,Yes,1,4,2015-05-14 11:08:49,1.2166666666666666,137.5,-0.4,11,0
544540******9110,2015-05-28 17:01:45,154.0,No,0,0,,-1.0,,0.0,17,0
544540******9464,2015-05-26 22:24:06,179.2,No,0,0,,-1.0,,0.0,22,0
544570******0122,2015-05-07 10:09:22,115.5,No,0,0,,-1.0,,0.0,10,0
544570******0965,2015-05-29 12:18:31,34.5,No,0,0,,-1.0,,0.0,12,0
544570******1285,2015-05-26 16:38:06,112.0,No,0,0,,-1.0,,0.0,16,0
544570******1865,2015-05-06 21:06:55,92.0,No,0,0,,-1.0,,0.0,21,0
544570******3078,2015-05-04 15:13:02,143.0,No,0,0,,-1.0,,0.0,15,0
544570******3177,2015-05-22 16:24:10,150.0,No,0,0,,-1.0,,0.0,16,0
544570******6913,2015-05-28 19:26:26,31.05,No,0,0,,-1.0,,0.0,19,0
544570******8157,2015-05-25 18:34:24,179.2,No,0,0,,-1.0,,0.0,18,0
544570******9483,2015-05-01 17:31:22,104.5,No,0,0,,-1.0,,0.0,17,0
544570******9483,2015-05-13 15:45:40,154.0,No,0,0,2015-05-01 17:31:22,17174.3,104.5,0.4736842105263157,15,0
544654******0132,2015-05-19 14:58:06,166.0,No,0,0,,-1.0,,0.0,14,0
544654******0132,2015-05-22 20:35:43,105.0,No,0,0,2015-05-19 14:58:06,4657.616666666667,166.0,-0.3674698795180723,20,0
544654******8914,2015-05-05 00:32:07,48.0,No,0,0,,-1.0,,0.0,0,1
544665******5291,2015-05-25 20:05:45,247.17,No,0,0,,-1.0,,0.0,20,0
544665******5931,2015-05-22 16:58:18,105.0,No,0,0,,-1.0,,0.0,16,0
544731******0044,2015-05-18 16:58:39,44.0,No,0,0,,-1.0,,0.0,16,0
544731******0044,2015-05-19 17:22:08,44.0,No,0,0,2015-05-18 16:58:39,1463.4833333333333,44.0,0.0,17,0
544731******0096,2015-05-12 18:13:52,78.4,No,0,0,,-1.0,,0.0,18,0
544731******0138,2015-05-21 13:09:35,70.0,No,0,0,,-1.0,,0.0,13,0
544731******0149,2015-05-06 17:08:08,138.0,No,0,0,,-1.0,,0.0,17,0
544731******0151,2015-05-23 21:44:00,23.0,No,0,0,,-1.0,,0.0,21,0
544731******0157,2015-05-08 14:27:02,172.5,No,0,0,,-1.0,,0.0,14,0
544731******0242,2015-05-16 10:09:49,23.0,No,0,0,,-1.0,,0.0,10,0
544731******0323,2015-05-20 14:21:43,50.75,No,0,0,,-1.0,,0.0,14,0
544731******0323,2015-05-20 14:32:44,50.0,No,0,1,2015-05-20 14:21:43,11.016666666666667,50.75,-0.014778325123152691,14,0
544731******0323,2015-05-20 15:16:13,50.0,No,0,2,2015-05-20 14:32:44,43.483333333333334,50.375,-0.007444168734491274,15,0
544731******0448,2015-05-19 10:51:40,10.0,No,0,0,,-1.0,,0.0,10,0
544731******0511,2015-05-30 17:25:04,230.0,No,0,0,,-1.0,,0.0,17,0
544731******0511,2015-05-30 17:25:04,230.0,No,0,0,2015-05-30 17:25:04,0.0,230.0,0.0,17,0
544731******0569,2015-05-29 15:16:34,46.0,No,0,0,,-1.0,,0.0,15,0
544731******0569,2015-05-29 15:19:29,46.0,No,0,1,2015-05-29 15:16:34,2.9166666666666665,46.0,0.0,15,0
544731******0626,2015-05-12 21:55:05,55.0,No,0,0,,-1.0,,0.0,21,0
544731******0645,2015-05-23 13:18:22,374.0,No,0,0,,-1.0,,0.0,13,0
544731******0660,2015-05-04 23:39:20,55.0,No,0,0,,-1.0,,0.0,23,1
544731******0772,2015-05-13 18:57:29,16.5,No,0,0,,-1.0,,0.0,18,0
544731******0928,2015-05-14 13:19:39,23.0,No,0,0,,-1.0,,0.0,13,0
544731******0933,2015-05-14 17:36:00,104.5,No,0,0,,-1.0,,0.0,17,0
544731******0969,2015-05-11 11:49:11,156.8,No,0,0,,-1.0,,0.0,11,0
544731******1004,2015-05-12 22:58:03,154.0,No,0,0,,-1.0,,0.0,22,0
544731******1026,2015-05-07 21:34:08,23.0,No,0,0,,-1.0,,0.0,21,0
544731******1098,2015-05-24 10:25:28,15.0,No,0,0,,-1.0,,0.0,10,0
544731******1100,2015-05-19 11:34:56,31.59,No,0,0,,-1.0,,0.0,11,0
544731******1118,2015-05-11 13:50:35,78.4,No,0,0,,-1.0,,0.0,13,0
544731******1124,2015-05-06 13:46:20,138.0,No,0,0,,-1.0,,0.0,13,0
544731******1133,2015-05-07 21:36:11,55.0,No,0,0,,-1.0,,0.0,21,0
544731******1161,2015-05-21 21:39:49,69.0,No,0,0,,-1.0,,0.0,21,0
544731******1195,2015-05-14 19:34:13,16.5,No,0,0,,-1.0,,0.0,19,0
544731******1255,2015-05-25 11:32:00,44.0,No,0,0,,-1.0,,0.0,11,0
544731******1294,2015-05-11 19:55:48,275.0,No,0,0,,-1.0,,0.0,19,0
544731******1294,2015-05-11 20:05:45,112.0,No,0,1,2015-05-11 19:55:48,9.95,275.0,-0.5927272727272728,20,0
544731******1533,2015-05-07 22:25:27,140.0,No,0,0,,-1.0,,0.0,22,0
544731******1646,2015-05-30 20:18:19,68.66,No,0,0,,-1.0,,0.0,20,0
544731******1646,2015-05-30 20:18:19,68.66,No,0,0,2015-05-30 20:18:19,0.0,68.66,0.0,20,0
544731******1666,2015-05-12 16:18:36,49.5,No,0,0,,-1.0,,0.0,16,0
544731******1666,2015-05-13 15:57:19,16.5,No,0,1,2015-05-12 16:18:36,1418.7166666666667,49.5,-0.6666666666666667,15,0
544731******1666,2015-05-14 12:49:50,33.0,No,0,1,2015-05-13 15:57:19,1252.5166666666667,33.0,0.0,12,0
544731******1689,2015-05-11 13:12:48,154.0,No,0,0,,-1.0,,0.0,13,0
544731******1862,2015-05-29 22:31:02,172.5,No,0,0,,-1.0,,0.0,22,0
544731******1883,2015-05-12 22:20:31,33.0,No,0,0,,-1.0,,0.0,22,0
544731******1902,2015-05-23 11:14:47,70.0,No,0,0,,-1.0,,0.0,11,0
544731******1930,2015-05-09 19:21:07,70.0,No,0,0,,-1.0,,0.0,19,0
544731******1987,2015-05-07 01:10:17,92.0,No,0,0,,-1.0,,0.0,1,1
544731******2028,2015-05-12 09:44:52,16.5,No,0,0,,-1.0,,0.0,9,0
544731******2028,2015-05-14 13:55:59,16.5,No,0,0,2015-05-12 09:44:52,3131.116666666667,16.5,0.0,13,0
544731******2066,2015-05-09 01:26:04,143.0,No,0,0,,-1.0,,0.0,1,1
544731******2070,2015-05-01 09:39:05,478.5,No,0,0,,-1.0,,0.0,9,0
544731******2079,2015-05-25 11:03:29,830.0,No,0,0,,-1.0,,0.0,11,0
544731******2095,2015-05-25 13:43:41,10.0,No,0,0,,-1.0,,0.0,13,0
544731******2104,2015-05-15 09:31:15,46.0,No,0,0,,-1.0,,0.0,9,0
544731******2116,2015-05-01 11:59:59,104.5,No,0,0,,-1.0,,0.0,11,0
544731******2187,2015-05-21 18:39:19,23.0,No,0,0,,-1.0,,0.0,18,0
544731******2199,2015-05-25 15:19:23,34.5,No,0,0,,-1.0,,0.0,15,0
544731******2235,2015-05-01 21:35:43,690.0,Yes,1,0,,-1.0,,0.0,21,0
544731******2290,2015-05-29 15:27:11,57.5,No,0,0,,-1.0,,0.0,15,0
544731******2319,2015-05-08 11:42:18,66.0,No,0,0,,-1.0,,0.0,11,0
544731******2325,2015-05-12 16:57:28,308.0,No,0,0,,-1.0,,0.0,16,0
544731******2412,2015-05-05 15:54:13,36.66,No,0,0,,-1.0,,0.0,15,0
544731******2480,2015-05-08 12:14:02,58.36,No,0,0,,-1.0,,0.0,12,0
544731******2560,2015-05-13 21:27:19,49.5,No,0,0,,-1.0,,0.0,21,0
544731******2637,2015-05-16 19:36:49,46.0,No,0,0,,-1.0,,0.0,19,0
544731******2706,2015-05-04 18:11:53,207.0,No,0,0,,-1.0,,0.0,18,0
544731******2869,2015-05-09 13:26:18,89.6,No,0,0,,-1.0,,0.0,13,0
544731******2874,2015-05-15 18:49:24,33.0,No,0,0,,-1.0,,0.0,18,0
544731******2891,2015-05-28 12:20:21,28.0,No,0,0,,-1.0,,0.0,12,0
544731******2942,2015-05-15 17:56:58,33.0,No,0,0,,-1.0,,0.0,17,0
544731******3095,2015-05-28 19:31:24,92.0,No,0,0,,-1.0,,0.0,19,0
544731******3158,2015-05-20 10:03:27,115.0,No,0,0,,-1.0,,0.0,10,0
544731******3238,2015-05-27 00:03:48,93.5,No,0,0,,-1.0,,0.0,0,1
544731******3268,2015-05-24 20:46:14,112.0,No,0,0,,-1.0,,0.0,20,0
544731******3317,2015-05-01 14:21:38,138.0,No,0,0,,-1.0,,0.0,14,0
544731******3345,2015-05-22 08:57:40,112.0,No,0,0,,-1.0,,0.0,8,0
544731******3388,2015-05-13 14:57:20,15.0,No,0,0,,-1.0,,0.0,14,0
544731******3393,2015-05-12 22:08:05,55.0,No,0,0,,-1.0,,0.0,22,0
544731******3420,2015-05-19 10:21:39,17.16,No,0,0,,-1.0,,0.0,10,0
544731******3444,2015-05-15 17:59:31,33.0,No,0,0,,-1.0,,0.0,17,0
544731******3545,2015-05-18 16:32:00,190.4,No,0,0,,-1.0,,0.0,16,0
544731******3588,2015-05-05 11:34:34,143.0,No,0,0,,-1.0,,0.0,11,0
544731******3656,2015-05-15 11:52:31,112.0,No,0,0,,-1.0,,0.0,11,0
544731******3707,2015-05-16 16:25:40,274.38,No,0,0,,-1.0,,0.0,16,0
544731******3707,2015-05-24 20:14:31,80.5,No,0,0,2015-05-16 16:25:40,11748.85,274.38,-0.7066112690429331,20,0
544731******3758,2015-05-20 12:06:38,83.0,No,0,0,,-1.0,,0.0,12,0
544731******3824,2015-05-06 09:58:27,154.0,No,0,0,,-1.0,,0.0,9,0
544731******3906,2015-05-27 07:58:47,56.0,No,0,0,,-1.0,,0.0,7,0
544731******3921,2015-05-28 15:24:26,172.5,Yes,1,0,,-1.0,,0.0,15,0
544731******3921,2015-05-28 15:25:51,172.5,Yes,1,1,2015-05-28 15:24:26,1.4166666666666667,172.5,0.0,15,0
544731******3921,2015-05-28 15:26:54,172.5,Yes,1,2,2015-05-28 15:25:51,1.05,172.5,0.0,15,0
544731******3958,2015-05-11 21:36:11,264.5,No,0,0,,-1.0,,0.0,21,0
544731******4003,2015-05-06 15:20:35,154.0,No,0,0,,-1.0,,0.0,15,0
544731******4003,2015-05-22 14:02:50,46.0,No,0,0,2015-05-06 15:20:35,22962.25,154.0,-0.7012987012987013,14,0
544731******4021,2015-05-12 16:51:14,132.25,Yes,1,0,,-1.0,,0.0,16,0
544731******4021,2015-05-12 16:52:34,304.75,Yes,1,1,2015-05-12 16:51:14,1.3333333333333333,132.25,1.3043478260869565,16,0
544731******4021,2015-05-12 16:53:58,304.75,Yes,1,2,2015-05-12 16:52:34,1.4,218.5,0.39473684210526305,16,0
544731******4036,2015-05-13 14:09:15,34.5,No,0,0,,-1.0,,0.0,14,0
544731******4093,2015-05-23 23:38:30,23.0,No,0,0,,-1.0,,0.0,23,1
544731******4112,2015-05-11 20:10:23,201.25,No,0,0,,-1.0,,0.0,20,0
544731******4117,2015-05-14 11:31:10,154.0,No,0,0,,-1.0,,0.0,11,0
544731******4122,2015-05-30 12:42:42,100.8,No,0,0,,-1.0,,0.0,12,0
544731******4148,2015-05-21 18:45:11,23.0,No,0,0,,-1.0,,0.0,18,0
544731******4160,2015-05-01 16:20:23,56.65,No,0,0,,-1.0,,0.0,16,0
544731******4189,2015-05-13 18:52:28,156.8,No,0,0,,-1.0,,0.0,18,0
544731******4189,2015-05-28 23:22:58,69.0,No,0,0,2015-05-13 18:52:28,21870.5,156.8,-0.5599489795918368,23,1
544731******4219,2015-05-05 14:43:39,172.5,No,0,0,,-1.0,,0.0,14,0
544731******4219,2015-05-16 14:43:17,103.5,No,0,0,2015-05-05 14:43:39,15839.633333333333,172.5,-0.4,14,0
544731******4235,2015-05-22 15:35:03,69.0,No,0,0,,-1.0,,0.0,15,0
544731******4242,2015-05-16 20:04:02,34.5,No,0,0,,-1.0,,0.0,20,0
544731******4293,2015-05-13 23:04:35,62.1,No,0,0,,-1.0,,0.0,23,1
544731******4293,2015-05-14 22:54:21,31.05,No,0,1,2015-05-13 23:04:35,1429.7666666666667,62.1,-0.5,22,0
544731******4569,2015-05-28 20:31:38,168.0,No,0,0,,-1.0,,0.0,20,0
544731******4614,2015-05-30 10:53:43,15.0,No,0,0,,-1.0,,0.0,10,0
544731******4628,2015-05-12 12:02:50,154.0,No,0,0,,-1.0,,0.0,12,0
544731******4661,2015-05-29 11:14:03,92.0,No,0,0,,-1.0,,0.0,11,0
544731******4725,2015-05-11 16:14:42,104.5,No,0,0,,-1.0,,0.0,16,0
544731******4761,2015-05-13 22:27:27,49.5,No,0,0,,-1.0,,0.0,22,0
544731******4803,2015-05-13 10:14:48,30.45,No,0,0,,-1.0,,0.0,10,0
544731******4910,2015-05-05 07:47:32,69.0,No,0,0,,-1.0,,0.0,7,0
544731******4999,2015-05-06 23:22:12,78.4,No,0,0,,-1.0,,0.0,23,1
544731******5054,2015-05-09 15:50:53,69.0,No,0,0,,-1.0,,0.0,15,0
544731******5083,2015-05-22 16:33:06,15.0,No,0,0,,-1.0,,0.0,16,0
544731******5110,2015-05-11 13:57:01,78.4,No,0,0,,-1.0,,0.0,13,0
544731******5139,2015-05-19 08:22:44,138.0,No,0,0,,-1.0,,0.0,8,0
544731******5535,2015-05-06 15:19:56,165.0,No,0,0,,-1.0,,0.0,15,0
544731******5539,2015-05-08 11:08:45,179.2,No,0,0,,-1.0,,0.0,11,0
544731******5539,2015-05-08 12:46:44,88.0,No,0,1,2015-05-08 11:08:45,97.98333333333333,179.2,-0.5089285714285714,12,0
544731******5570,2015-05-01 17:37:35,126.5,No,0,0,,-1.0,,0.0,17,0
544731******5903,2015-05-21 10:14:03,20.0,No,0,0,,-1.0,,0.0,10,0
544731******5950,2015-05-15 21:17:36,16.5,No,0,0,,-1.0,,0.0,21,0
544731******6055,2015-05-14 19:30:52,55.0,No,0,0,,-1.0,,0.0,19,0
544731******6068,2015-05-08 17:41:45,115.0,No,0,0,,-1.0,,0.0,17,0
544731******6163,2015-05-15 20:06:24,16.5,No,0,0,,-1.0,,0.0,20,0
544731******6170,2015-05-08 15:48:07,34.5,No,0,0,,-1.0,,0.0,15,0
544731******6191,2015-05-16 14:21:36,33.0,No,0,0,,-1.0,,0.0,14,0
544731******6204,2015-05-26 12:35:48,70.0,No,0,0,,-1.0,,0.0,12,0
544731******6258,2015-05-14 00:48:44,92.0,No,0,0,,-1.0,,0.0,0,1
544731******6286,2015-05-26 22:42:04,112.0,No,0,0,,-1.0,,0.0,22,0
544731******6286,2015-05-26 23:34:51,112.0,Yes,1,1,2015-05-26 22:42:04,52.78333333333333,112.0,0.0,23,1
544731******6286,2015-05-26 23:45:37,112.0,No,0,2,2015-05-26 23:34:51,10.766666666666667,112.0,0.0,23,1
544731******6288,2015-05-23 16:40:29,168.0,No,0,0,,-1.0,,0.0,16,0
544731******6318,2015-05-14 19:37:39,16.5,No,0,0,,-1.0,,0.0,19,0
544731******6338,2015-05-11 22:38:39,27.5,No,0,0,,-1.0,,0.0,22,0
544731******6338,2015-05-12 08:11:28,27.5,No,0,1,2015-05-11 22:38:39,572.8166666666667,27.5,0.0,8,0
544731******6347,2015-05-22 16:54:31,46.0,No,0,0,,-1.0,,0.0,16,0
544731******6468,2015-05-25 09:45:13,170.0,No,0,0,,-1.0,,0.0,9,0
544731******6468,2015-05-29 08:14:35,20.0,No,0,0,2015-05-25 09:45:13,5669.366666666667,170.0,-0.8823529411764706,8,0
544731******6470,2015-05-19 17:10:25,10.0,No,0,0,,-1.0,,0.0,17,0
544731******6494,2015-05-06 15:08:40,103.5,No,0,0,,-1.0,,0.0,15,0
544731******6525,2015-05-15 23:04:24,165.0,No,0,0,,-1.0,,0.0,23,1
544731******6541,2015-05-28 12:20:00,55.0,No,0,0,,-1.0,,0.0,12,0
544731******6558,2015-05-22 19:33:41,34.5,No,0,0,,-1.0,,0.0,19,0
544731******6707,2015-05-11 18:36:31,55.0,No,0,0,,-1.0,,0.0,18,0
544731******6708,2015-05-27 21:15:26,123.2,No,0,0,,-1.0,,0.0,21,0
544731******6789,2015-05-13 01:42:07,154.0,No,0,0,,-1.0,,0.0,1,1
544731******6789,2015-05-13 01:51:41,38.5,No,0,1,2015-05-13 01:42:07,9.566666666666666,154.0,-0.75,1,1
544731******6896,2015-05-19 12:13:43,71.05,No,0,0,,-1.0,,0.0,12,0
544731******6934,2015-05-28 23:37:30,132.0,No,0,0,,-1.0,,0.0,23,1
544731******6987,2015-05-05 20:26:51,207.0,No,0,0,,-1.0,,0.0,20,0
544731******7048,2015-05-10 13:00:13,31.59,No,0,0,,-1.0,,0.0,13,0
544731******7075,2015-05-12 13:11:55,16.5,No,0,0,,-1.0,,0.0,13,0
544731******7078,2015-05-08 08:37:02,70.0,No,0,0,,-1.0,,0.0,8,0
544731******7132,2015-05-08 12:34:34,34.5,No,0,0,,-1.0,,0.0,12,0
544731******7237,2015-05-22 10:44:57,57.5,No,0,0,,-1.0,,0.0,10,0
544731******7254,2015-05-29 17:57:34,110.0,No,0,0,,-1.0,,0.0,17,0
544731******7283,2015-05-19 17:25:39,58.78,No,0,0,,-1.0,,0.0,17,0
544731******7295,2015-05-08 22:39:36,126.5,No,0,0,,-1.0,,0.0,22,0
544731******7326,2015-05-06 03:14:24,46.0,No,0,0,,-1.0,,0.0,3,1
544731******7358,2015-05-06 12:43:38,207.0,No,0,0,,-1.0,,0.0,12,0
544731******7358,2015-05-06 12:57:45,103.5,No,0,1,2015-05-06 12:43:38,14.116666666666667,207.0,-0.5,12,0
544731******7358,2015-05-06 14:35:58,207.0,No,0,2,2015-05-06 12:57:45,98.21666666666667,155.25,0.33333333333333326,14,0
544731******7417,2015-05-08 14:50:13,110.0,No,0,0,,-1.0,,0.0,14,0
544731******7544,2015-05-28 14:40:41,112.0,No,0,0,,-1.0,,0.0,14,0
544731******7594,2015-05-16 21:52:54,33.0,No,0,0,,-1.0,,0.0,21,0
544731******7599,2015-05-19 10:47:33,25.0,No,0,0,,-1.0,,0.0,10,0
544731******7601,2015-05-12 12:42:11,182.69,No,0,0,,-1.0,,0.0,12,0
544731******7634,2015-05-22 20:00:07,50.0,No,0,0,,-1.0,,0.0,20,0
544731******7649,2015-05-28 09:17:49,88.0,No,0,0,,-1.0,,0.0,9,0
544731******7713,2015-05-08 22:39:16,440.0,No,0,0,,-1.0,,0.0,22,0
544731******7758,2015-05-18 16:46:26,23.0,No,0,0,,-1.0,,0.0,16,0
544731******7809,2015-05-19 11:59:19,20.0,No,0,0,,-1.0,,0.0,11,0
544731******7839,2015-05-21 00:37:44,39.48,No,0,0,,-1.0,,0.0,0,1
544731******7919,2015-05-13 09:56:46,57.5,No,0,0,,-1.0,,0.0,9,0
544731******7971,2015-05-11 12:34:00,115.0,No,0,0,,-1.0,,0.0,12,0
544731******8039,2015-05-06 21:19:14,165.0,No,0,0,,-1.0,,0.0,21,0
544731******8075,2015-05-08 14:41:41,57.5,Yes,1,0,,-1.0,,0.0,14,0
544731******8075,2015-05-08 14:43:18,57.5,No,0,1,2015-05-08 14:41:41,1.6166666666666667,57.5,0.0,14,0
544731******8146,2015-05-26 14:35:17,34.5,No,0,0,,-1.0,,0.0,14,0
544731******8500,2015-05-16 17:00:06,33.0,No,0,0,,-1.0,,0.0,17,0
544731******8503,2015-05-11 13:14:39,78.4,No,0,0,,-1.0,,0.0,13,0
544731******8551,2015-05-04 22:02:55,138.0,No,0,0,,-1.0,,0.0,22,0
544731******8570,2015-05-29 11:08:43,88.0,No,0,0,,-1.0,,0.0,11,0
544731******8573,2015-05-15 13:27:16,308.0,No,0,0,,-1.0,,0.0,13,0
544731******8597,2015-05-07 23:41:44,121.0,No,0,0,,-1.0,,0.0,23,1
544731******8644,2015-05-01 22:11:23,92.0,No,0,0,,-1.0,,0.0,22,0
544731******8647,2015-05-11 13:58:14,34.5,No,0,0,,-1.0,,0.0,13,0
544731******8727,2015-05-26 08:31:17,38.5,No,0,0,,-1.0,,0.0,8,0
544731******8742,2015-05-01 21:28:33,690.0,Yes,1,0,,-1.0,,0.0,21,0
544731******8790,2015-05-06 15:46:07,103.5,No,0,0,,-1.0,,0.0,15,0
544731******8804,2015-05-08 15:58:33,57.5,Yes,1,0,,-1.0,,0.0,15,0
544731******8804,2015-05-29 14:30:13,172.5,Yes,1,0,2015-05-08 15:58:33,30151.666666666668,57.5,2.0,14,0
544731******8804,2015-05-29 14:31:13,172.5,Yes,1,1,2015-05-29 14:30:13,1.0,115.0,0.5,14,0
544731******8871,2015-05-13 11:57:54,31.05,No,0,0,,-1.0,,0.0,11,0
544731******8924,2015-05-16 15:17:52,33.0,No,0,0,,-1.0,,0.0,15,0
544731******8960,2015-05-13 13:01:50,33.0,No,0,0,,-1.0,,0.0,13,0
544731******9038,2015-05-19 08:38:16,210.0,No,0,0,,-1.0,,0.0,8,0
544731******9038,2015-05-19 11:16:45,70.0,No,0,1,2015-05-19 08:38:16,158.48333333333332,210.0,-0.6666666666666667,11,0
544731******9039,2015-05-26 12:01:37,134.4,No,0,0,,-1.0,,0.0,12,0
544731******9161,2015-05-04 17:48:43,115.0,No,0,0,,-1.0,,0.0,17,0
544731******9206,2015-05-18 00:48:29,190.4,Yes,1,0,,-1.0,,0.0,0,1
544731******9206,2015-05-18 00:49:50,190.4,Yes,1,1,2015-05-18 00:48:29,1.35,190.4,0.0,0,1
544731******9265,2015-05-11 21:03:48,253.0,No,0,0,,-1.0,,0.0,21,0
544731******9291,2015-05-12 18:49:53,154.0,No,0,0,,-1.0,,0.0,18,0
544731******9293,2015-05-02 14:30:32,132.0,No,0,0,,-1.0,,0.0,14,0
544731******9479,2015-05-06 21:11:57,69.0,No,0,0,,-1.0,,0.0,21,0
544731******9592,2015-05-19 18:26:09,138.0,No,0,0,,-1.0,,0.0,18,0
544731******9728,2015-05-12 20:04:45,78.4,No,0,0,,-1.0,,0.0,20,0
544731******9994,2015-05-11 12:54:04,78.4,No,0,0,,-1.0,,0.0,12,0
544817******1250,2015-05-25 19:06:23,77.0,Yes,1,0,,-1.0,,0.0,19,0
544817******1250,2015-05-25 19:07:50,65.3,Yes,1,1,2015-05-25 19:06:23,1.45,77.0,-0.15194805194805194,19,0
544817******1250,2015-05-25 19:09:32,79.31,Yes,1,2,2015-05-25 19:07:50,1.7,71.15,0.11468728039353482,19,0
544817******1250,2015-05-25 19:19:38,77.0,Yes,1,3,2015-05-25 19:09:32,10.1,73.87,0.042371734127521155,19,0
544817******1250,2015-05-25 19:20:42,418.0,Yes,1,4,2015-05-25 19:19:38,1.0666666666666667,74.6525,4.59927664847125,19,0
544817******1250,2015-05-25 19:21:29,418.0,Yes,1,5,2015-05-25 19:20:42,0.7833333333333333,143.322,1.9165096775093846,19,0
544817******1250,2015-05-25 19:23:08,40.22,Yes,1,6,2015-05-25 19:21:29,1.65,189.1016666666667,-0.7873101770652471,19,0
544817******1250,2015-05-25 19:24:45,77.0,Yes,1,7,2015-05-25 19:23:08,1.6166666666666667,167.83285714285714,-0.5412102176485108,19,0
544817******1463,2015-05-09 19:06:46,77.0,No,0,0,,-1.0,,0.0,19,0
544817******4807,2015-05-15 14:42:47,92.0,No,0,0,,-1.0,,0.0,14,0
544817******5363,2015-05-25 14:05:22,71.75,No,0,0,,-1.0,,0.0,14,0
544818******9617,2015-05-09 03:58:37,297.0,No,0,0,,-1.0,,0.0,3,1
544828******0092,2015-05-06 11:19:12,138.0,No,0,0,,-1.0,,0.0,11,0
544828******0173,2015-05-07 10:13:15,286.0,No,0,0,,-1.0,,0.0,10,0
544828******0173,2015-05-08 14:12:13,78.4,No,0,0,2015-05-07 10:13:15,1678.9666666666667,286.0,-0.7258741258741259,14,0
544828******0199,2015-05-29 12:16:15,10.0,No,0,0,,-1.0,,0.0,12,0
544828******0622,2015-05-05 23:52:21,253.0,Yes,1,0,,-1.0,,0.0,23,1
544828******0622,2015-05-05 23:53:39,506.0,Yes,1,1,2015-05-05 23:52:21,1.3,253.0,1.0,23,1
544828******0622,2015-05-05 23:54:34,667.0,Yes,1,2,2015-05-05 23:53:39,0.9166666666666666,379.5,0.7575757575757576,23,1
544828******0622,2015-05-06 00:10:16,253.0,Yes,1,3,2015-05-05 23:54:34,15.7,475.3333333333333,-0.467741935483871,0,1
544828******0622,2015-05-06 00:12:07,506.0,Yes,1,4,2015-05-06 00:10:16,1.85,419.75,0.20547945205479445,0,1
544828******1118,2015-05-09 01:18:14,403.2,No,0,0,,-1.0,,0.0,1,1
544828******1239,2015-05-03 17:26:27,67.2,No,0,0,,-1.0,,0.0,17,0
544828******1245,2015-05-14 18:56:54,156.8,No,0,0,,-1.0,,0.0,18,0
544828******1283,2015-05-30 09:34:24,99.0,No,0,0,,-1.0,,0.0,9,0
544828******1614,2015-05-08 18:30:47,247.5,No,0,0,,-1.0,,0.0,18,0
544828******1658,2015-05-15 14:26:40,154.0,No,0,0,,-1.0,,0.0,14,0
544828******1884,2015-05-19 23:29:16,120.0,No,0,0,,-1.0,,0.0,23,1
544828******2137,2015-05-29 11:56:42,34.5,No,0,0,,-1.0,,0.0,11,0
544828******2231,2015-05-26 11:39:08,20.0,No,0,0,,-1.0,,0.0,11,0
544828******2255,2015-05-08 16:14:52,88.0,No,0,0,,-1.0,,0.0,16,0
544828******2280,2015-05-11 16:26:20,134.4,Yes,1,0,,-1.0,,0.0,16,0
544828******2412,2015-05-11 10:03:48,148.5,No,0,0,,-1.0,,0.0,10,0
544828******2412,2015-05-28 10:54:04,99.0,No,0,0,2015-05-11 10:03:48,24530.266666666666,148.5,-0.33333333333333337,10,0
544828******2526,2015-05-01 22:04:54,165.0,No,0,0,,-1.0,,0.0,22,0
544828******2637,2015-05-21 16:49:44,84.0,No,0,0,,-1.0,,0.0,16,0
544828******2637,2015-05-21 17:38:19,84.0,No,0,1,2015-05-21 16:49:44,48.583333333333336,84.0,0.0,17,0
544828******2645,2015-05-24 22:11:27,10.0,No,0,0,,-1.0,,0.0,22,0
544828******2999,2015-05-29 15:36:35,20.0,No,0,0,,-1.0,,0.0,15,0
544828******3633,2015-05-11 11:51:14,134.4,No,0,0,,-1.0,,0.0,11,0
544828******4762,2015-05-05 22:17:54,276.0,No,0,0,,-1.0,,0.0,22,0
544828******4859,2015-05-07 14:54:59,209.0,No,0,0,,-1.0,,0.0,14,0
544828******4869,2015-05-11 16:28:57,1320.0,No,0,0,,-1.0,,0.0,16,0
544828******4981,2015-05-12 10:38:46,78.4,No,0,0,,-1.0,,0.0,10,0
544828******5440,2015-05-20 15:49:03,77.0,No,0,0,,-1.0,,0.0,15,0
544828******5508,2015-05-11 13:15:38,104.5,No,0,0,,-1.0,,0.0,13,0
544828******5921,2015-05-07 12:09:53,55.0,No,0,0,,-1.0,,0.0,12,0
544828******6137,2015-05-09 19:09:19,134.4,No,0,0,,-1.0,,0.0,19,0
544828******6243,2015-05-20 15:17:25,92.0,No,0,0,,-1.0,,0.0,15,0
544828******6310,2015-05-28 21:00:46,88.0,No,0,0,,-1.0,,0.0,21,0
544828******6862,2015-05-15 11:08:59,184.0,No,0,0,,-1.0,,0.0,11,0
544828******6975,2015-05-29 12:54:00,88.0,No,0,0,,-1.0,,0.0,12,0
544828******7273,2015-05-07 14:17:38,120.75,No,0,0,,-1.0,,0.0,14,0
544828******7276,2015-05-21 14:48:31,46.0,No,0,0,,-1.0,,0.0,14,0
544828******7397,2015-05-28 02:58:55,121.0,No,0,0,,-1.0,,0.0,2,1
544828******7471,2015-05-16 16:46:23,180.0,Yes,1,0,,-1.0,,0.0,16,0
544828******7471,2015-05-16 16:48:06,360.0,Yes,1,1,2015-05-16 16:46:23,1.7166666666666666,180.0,1.0,16,0
544828******7471,2015-05-16 16:49:56,360.0,Yes,1,2,2015-05-16 16:48:06,1.8333333333333333,270.0,0.33333333333333326,16,0
544828******7600,2015-05-14 11:44:56,78.4,No,0,0,,-1.0,,0.0,11,0
544828******8156,2015-05-11 13:28:52,224.0,No,0,0,,-1.0,,0.0,13,0
544828******8156,2015-05-25 22:54:57,67.2,No,0,0,2015-05-11 13:28:52,20726.083333333332,224.0,-0.7,22,0
544828******8197,2015-05-12 08:08:31,132.25,No,0,0,,-1.0,,0.0,8,0
544828******8230,2015-05-15 15:38:19,154.0,No,0,0,,-1.0,,0.0,15,0
544828******8230,2015-05-30 15:55:06,55.0,No,0,0,2015-05-15 15:38:19,21616.783333333333,154.0,-0.6428571428571428,15,0
544828******8230,2015-05-30 15:55:06,55.0,No,0,0,2015-05-30 15:55:06,0.0,104.5,-0.4736842105263158,15,0
544828******8377,2015-05-23 15:24:17,95.2,Yes,1,0,,-1.0,,0.0,15,0
544828******8377,2015-05-23 15:26:16,95.2,Yes,1,1,2015-05-23 15:24:17,1.9833333333333334,95.2,0.0,15,0
544828******8377,2015-05-23 15:28:01,95.2,Yes,1,2,2015-05-23 15:26:16,1.75,95.2,0.0,15,0
544828******8377,2015-05-23 15:29:42,95.2,Yes,1,3,2015-05-23 15:28:01,1.6833333333333333,95.2,0.0,15,0
544828******8377,2015-05-23 15:31:26,95.2,Yes,1,4,2015-05-23 15:29:42,1.7333333333333334,95.2,0.0,15,0
544828******8377,2015-05-23 15:32:51,95.2,Yes,1,5,2015-05-23 15:31:26,1.4166666666666667,95.2,0.0,15,0
544828******8377,2015-05-23 15:34:10,95.2,Yes,1,6,2015-05-23 15:32:51,1.3166666666666667,95.2,0.0,15,0
544828******8377,2015-05-25 16:07:46,134.4,Yes,1,0,2015-05-23 15:34:10,2913.6,95.2,0.41176470588235303,16,0
544828******8377,2015-05-25 16:09:13,134.4,Yes,1,1,2015-05-25 16:07:46,1.45,100.1,0.3426573426573427,16,0
544828******8377,2015-05-25 16:10:48,134.4,Yes,1,2,2015-05-25 16:09:13,1.5833333333333333,103.91111111111111,0.2934131736526946,16,0
544828******8377,2015-05-25 16:12:10,134.4,Yes,1,3,2015-05-25 16:10:48,1.3666666666666667,106.96,0.25654450261780126,16,0
544828******8377,2015-05-25 16:13:28,134.4,Yes,1,4,2015-05-25 16:12:10,1.3,109.45454545454545,0.22790697674418614,16,0
544828******8377,2015-05-25 16:14:57,134.4,Yes,1,5,2015-05-25 16:13:28,1.4833333333333334,111.53333333333335,0.20502092050209186,16,0
544828******8377,2015-05-25 16:16:20,134.4,Yes,1,6,2015-05-25 16:14:57,1.3833333333333333,113.29230769230769,0.1863117870722435,16,0
544828******8377,2015-05-25 16:18:06,134.4,Yes,1,7,2015-05-25 16:16:20,1.7666666666666666,114.8,0.17073170731707332,16,0
544828******8994,2015-05-06 10:39:16,138.0,No,0,0,,-1.0,,0.0,10,0
544828******9436,2015-05-07 12:59:34,143.0,No,0,0,,-1.0,,0.0,12,0
544828******9467,2015-05-08 18:59:47,99.0,No,0,0,,-1.0,,0.0,18,0
544828******9660,2015-05-23 19:38:45,89.6,No,0,0,,-1.0,,0.0,19,0
544829******0225,2015-05-03 19:06:10,40.85,No,0,0,,-1.0,,0.0,19,0
544829******0273,2015-05-05 16:51:27,88.0,No,0,0,,-1.0,,0.0,16,0
544829******0569,2015-05-07 13:33:54,120.75,No,0,0,,-1.0,,0.0,13,0
544829******0569,2015-05-14 22:10:10,154.0,No,0,0,2015-05-07 13:33:54,10596.266666666666,120.75,0.2753623188405796,22,0
544829******1947,2015-05-13 11:47:00,62.1,No,0,0,,-1.0,,0.0,11,0
544829******1961,2015-05-09 21:25:08,49.5,No,0,0,,-1.0,,0.0,21,0
544829******2008,2015-05-06 15:12:54,165.0,No,0,0,,-1.0,,0.0,15,0
544829******2008,2015-05-06 15:15:17,55.0,No,0,1,2015-05-06 15:12:54,2.3833333333333333,165.0,-0.6666666666666667,15,0
544829******2262,2015-05-29 10:00:17,10.0,No,0,0,,-1.0,,0.0,10,0
544829******2421,2015-05-21 13:14:16,69.0,No,0,0,,-1.0,,0.0,13,0
544829******2984,2015-05-22 16:25:55,67.2,No,0,0,,-1.0,,0.0,16,0
544829******3086,2015-05-04 13:42:36,143.0,No,0,0,,-1.0,,0.0,13,0
544829******3086,2015-05-13 19:50:28,78.4,No,0,0,2015-05-04 13:42:36,13327.866666666667,143.0,-0.45174825174825173,19,0
544829******3375,2015-05-08 23:08:36,143.0,No,0,0,,-1.0,,0.0,23,1
544829******3435,2015-05-14 12:13:02,78.4,No,0,0,,-1.0,,0.0,12,0
544829******3615,2015-05-14 22:15:22,180.0,Yes,1,0,,-1.0,,0.0,22,0
544829******3615,2015-05-14 22:18:02,360.0,Yes,1,1,2015-05-14 22:15:22,2.6666666666666665,180.0,1.0,22,0
544829******3615,2015-05-14 22:20:13,360.0,Yes,1,2,2015-05-14 22:18:02,2.183333333333333,270.0,0.33333333333333326,22,0
544829******3615,2015-05-16 17:26:08,180.0,Yes,1,0,2015-05-14 22:20:13,2585.9166666666665,300.0,-0.4,17,0
544829******3615,2015-05-16 17:33:53,360.0,Yes,1,1,2015-05-16 17:26:08,7.75,270.0,0.33333333333333326,17,0
544829******3818,2015-05-22 22:57:48,70.0,No,0,0,,-1.0,,0.0,22,0
544829******4126,2015-05-04 10:13:07,286.0,No,0,0,,-1.0,,0.0,10,0
544829******4126,2015-05-04 21:53:28,143.0,No,0,1,2015-05-04 10:13:07,700.35,286.0,-0.5,21,0
544829******5297,2015-05-29 07:59:57,15.0,No,0,0,,-1.0,,0.0,7,0
544829******5374,2015-05-12 14:52:09,253.0,No,0,0,,-1.0,,0.0,14,0
544829******6297,2015-05-14 01:05:39,154.0,No,0,0,,-1.0,,0.0,1,1
544829******6503,2015-05-12 14:34:59,154.0,No,0,0,,-1.0,,0.0,14,0
544829******7077,2015-05-07 09:08:23,23.0,No,0,0,,-1.0,,0.0,9,0
544829******7153,2015-05-28 15:17:30,172.5,No,0,0,,-1.0,,0.0,15,0
544829******7188,2015-05-21 19:20:20,134.4,No,0,0,,-1.0,,0.0,19,0
544829******8521,2015-05-13 20:29:12,99.0,No,0,0,,-1.0,,0.0,20,0
544829******9020,2015-05-14 22:12:36,93.37,No,0,0,,-1.0,,0.0,22,0
544829******9734,2015-05-06 15:29:56,103.5,No,0,0,,-1.0,,0.0,15,0
544839******0407,2015-05-06 13:15:35,138.0,No,0,0,,-1.0,,0.0,13,0
544839******7393,2015-05-11 10:20:02,23.0,No,0,0,,-1.0,,0.0,10,0
544839******8415,2015-05-12 07:52:42,66.0,No,0,0,,-1.0,,0.0,7,0
544863******2740,2015-05-26 17:49:02,13.81,No,0,0,,-1.0,,0.0,17,0
544863******3529,2015-05-11 21:20:41,33.0,No,0,0,,-1.0,,0.0,21,0
544863******5009,2015-05-08 22:11:31,73.34,No,0,0,,-1.0,,0.0,22,0
544863******5009,2015-05-28 00:11:51,154.0,No,0,0,2015-05-08 22:11:31,27480.333333333332,73.34,1.099809108262885,0,1
544863******5009,2015-05-28 10:53:18,77.0,No,0,1,2015-05-28 00:11:51,641.45,113.67,-0.3226005102489663,10,0
544863******5417,2015-05-07 22:59:59,110.0,No,0,0,,-1.0,,0.0,22,0
544863******8816,2015-05-06 21:02:17,132.0,No,0,0,,-1.0,,0.0,21,0
544863******8966,2015-05-14 22:55:02,145.6,No,0,0,,-1.0,,0.0,22,0
544863******9105,2015-05-09 19:00:30,275.0,No,0,0,,-1.0,,0.0,19,0
544863******9184,2015-05-16 09:52:57,49.5,No,0,0,,-1.0,,0.0,9,0
544863******9514,2015-05-27 19:02:40,187.0,No,0,0,,-1.0,,0.0,19,0
544883******0076,2015-05-28 17:28:04,187.0,No,0,0,,-1.0,,0.0,17,0
544883******0221,2015-05-09 20:33:04,34.5,No,0,0,,-1.0,,0.0,20,0
544883******0363,2015-05-12 22:40:40,33.0,No,0,0,,-1.0,,0.0,22,0
544883******0963,2015-05-05 13:41:30,176.0,No,0,0,,-1.0,,0.0,13,0
544883******1263,2015-05-30 13:14:12,140.0,No,0,0,,-1.0,,0.0,13,0
544883******2105,2015-05-04 14:47:31,143.0,No,0,0,,-1.0,,0.0,14,0
544883******3836,2015-05-24 22:47:41,78.4,No,0,0,,-1.0,,0.0,22,0
544883******4425,2015-05-08 10:31:31,66.0,No,0,0,,-1.0,,0.0,10,0
544883******5401,2015-05-21 13:07:13,249.0,No,0,0,,-1.0,,0.0,13,0
544883******5496,2015-05-29 18:56:28,121.0,No,0,0,,-1.0,,0.0,18,0
544883******5573,2015-05-29 12:24:10,34.5,No,0,0,,-1.0,,0.0,12,0
544883******7372,2015-05-16 10:55:22,184.0,No,0,0,,-1.0,,0.0,10,0
544883******7895,2015-05-06 18:08:28,77.0,No,0,0,,-1.0,,0.0,18,0
544883******7973,2015-05-29 17:49:32,10.0,No,0,0,,-1.0,,0.0,17,0
544883******8238,2015-05-21 12:20:58,15.0,No,0,0,,-1.0,,0.0,12,0
544883******8338,2015-05-27 06:44:06,5.0,No,0,0,,-1.0,,0.0,6,0
544883******8579,2015-05-15 18:26:00,550.0,No,0,0,,-1.0,,0.0,18,0
544883******8789,2015-05-25 16:54:18,139.55,No,0,0,,-1.0,,0.0,16,0
544883******9361,2015-05-13 16:40:04,82.5,No,0,0,,-1.0,,0.0,16,0
544883******9469,2015-05-07 13:22:28,29.34,No,0,0,,-1.0,,0.0,13,0
544891******4034,2015-05-20 10:53:29,92.0,No,0,0,,-1.0,,0.0,10,0
544891******8948,2015-05-19 14:51:22,62.1,No,0,0,,-1.0,,0.0,14,0
544915******2132,2015-05-12 19:20:33,55.0,No,0,0,,-1.0,,0.0,19,0
544915******8133,2015-05-06 09:35:16,59.4,No,0,0,,-1.0,,0.0,9,0
545053******2354,2015-05-28 09:32:48,10.0,No,0,0,,-1.0,,0.0,9,0
545053******5369,2015-05-07 19:09:02,36.66,No,0,0,,-1.0,,0.0,19,0
545712******1110,2015-05-16 23:32:17,62.1,No,0,0,,-1.0,,0.0,23,1
545712******4157,2015-05-26 14:13:27,92.0,No,0,0,,-1.0,,0.0,14,0
545712******4673,2015-05-29 19:47:30,93.37,No,0,0,,-1.0,,0.0,19,0
545712******5562,2015-05-07 16:29:28,176.0,No,0,0,,-1.0,,0.0,16,0
545712******5562,2015-05-07 16:35:00,88.0,No,0,1,2015-05-07 16:29:28,5.533333333333333,176.0,-0.5,16,0
545712******7212,2015-05-04 12:52:22,46.0,No,0,0,,-1.0,,0.0,12,0
545712******9115,2015-05-14 13:25:26,134.4,No,0,0,,-1.0,,0.0,13,0
545712******9115,2015-05-18 13:11:36,69.0,No,0,0,2015-05-14 13:25:26,5746.166666666667,134.4,-0.4866071428571429,13,0
545719******0149,2015-05-20 20:24:23,65.0,No,0,0,,-1.0,,0.0,20,0
545719******0447,2015-05-07 10:32:40,176.0,No,0,0,,-1.0,,0.0,10,0
545719******0592,2015-05-29 10:38:02,20.0,No,0,0,,-1.0,,0.0,10,0
545719******0892,2015-05-20 10:12:16,20.0,No,0,0,,-1.0,,0.0,10,0
545719******0892,2015-05-20 10:25:50,10.0,No,0,1,2015-05-20 10:12:16,13.566666666666666,20.0,-0.5,10,0
545719******1100,2015-05-29 19:50:53,55.0,No,0,0,,-1.0,,0.0,19,0
545719******1125,2015-05-16 16:46:59,38.5,No,0,0,,-1.0,,0.0,16,0
545719******1492,2015-05-05 16:32:13,92.0,No,0,0,,-1.0,,0.0,16,0
545719******1602,2015-05-22 01:07:40,34.5,No,0,0,,-1.0,,0.0,1,1
545719******2316,2015-05-15 14:34:02,121.0,No,0,0,,-1.0,,0.0,14,0
545719******3102,2015-05-13 00:53:37,33.0,No,0,0,,-1.0,,0.0,0,1
545719******3794,2015-05-11 21:48:45,78.4,No,0,0,,-1.0,,0.0,21,0
545719******3841,2015-05-06 09:48:42,198.0,No,0,0,,-1.0,,0.0,9,0
545719******4347,2015-05-12 10:32:25,345.5,No,0,0,,-1.0,,0.0,10,0
545719******6852,2015-05-14 21:28:17,198.0,No,0,0,,-1.0,,0.0,21,0
545719******6852,2015-05-29 14:29:20,264.0,No,0,0,2015-05-14 21:28:17,21181.05,198.0,0.33333333333333326,14,0
545719******7427,2015-05-12 18:00:08,250.0,No,0,0,,-1.0,,0.0,18,0
545719******8480,2015-05-28 20:10:03,99.0,No,0,0,,-1.0,,0.0,20,0
545719******9420,2015-05-12 11:40:51,156.8,No,0,0,,-1.0,,0.0,11,0
545719******9723,2015-05-21 20:26:38,161.0,No,0,0,,-1.0,,0.0,20,0
545768******4096,2015-05-12 13:05:17,132.25,No,0,0,,-1.0,,0.0,13,0
545768******8675,2015-05-02 12:18:11,46.0,No,0,0,,-1.0,,0.0,12,0
545780******4450,2015-05-12 14:24:13,184.0,No,0,0,,-1.0,,0.0,14,0
545823******6546,2015-05-07 10:30:06,115.5,No,0,0,,-1.0,,0.0,10,0
546056******0265,2015-05-30 18:48:38,100.8,No,0,0,,-1.0,,0.0,18,0
546056******0265,2015-05-30 18:48:38,100.8,No,0,0,2015-05-30 18:48:38,0.0,100.8,0.0,18,0
546056******0431,2015-05-11 11:07:49,224.0,No,0,0,,-1.0,,0.0,11,0
546056******0502,2015-05-07 08:25:29,90.4,No,0,0,,-1.0,,0.0,8,0
546056******0991,2015-05-12 10:31:09,121.0,No,0,0,,-1.0,,0.0,10,0
546056******2203,2015-05-11 19:47:33,156.8,No,0,0,,-1.0,,0.0,19,0
546056******2505,2015-05-19 21:20:27,25.0,No,0,0,,-1.0,,0.0,21,0
546056******2598,2015-05-01 14:09:43,69.0,No,0,0,,-1.0,,0.0,14,0
546056******2611,2015-05-28 17:30:15,172.5,No,0,0,,-1.0,,0.0,17,0
546056******3286,2015-05-27 20:01:58,172.5,No,0,0,,-1.0,,0.0,20,0
546056******4042,2015-05-18 17:35:55,112.0,No,0,0,,-1.0,,0.0,17,0
546056******4195,2015-05-14 14:35:47,145.6,No,0,0,,-1.0,,0.0,14,0
546056******4304,2015-05-18 17:14:43,112.0,No,0,0,,-1.0,,0.0,17,0
546056******5269,2015-05-11 18:13:00,201.25,No,0,0,,-1.0,,0.0,18,0
546056******5345,2015-05-03 23:05:38,92.0,No,0,0,,-1.0,,0.0,23,1
546056******5408,2015-05-26 10:52:49,20.0,No,0,0,,-1.0,,0.0,10,0
546056******5479,2015-05-28 00:00:26,218.5,No,0,0,,-1.0,,0.0,0,1
546056******5683,2015-05-11 17:11:07,302.4,No,0,0,,-1.0,,0.0,17,0
546056******5763,2015-05-15 17:23:02,330.0,No,0,0,,-1.0,,0.0,17,0
546056******5816,2015-05-29 17:07:07,46.0,No,0,0,,-1.0,,0.0,17,0
546056******5911,2015-05-26 14:40:49,156.8,No,0,0,,-1.0,,0.0,14,0
546056******6112,2015-05-19 23:09:40,67.2,No,0,0,,-1.0,,0.0,23,1
546056******6145,2015-05-12 11:16:45,308.0,No,0,0,,-1.0,,0.0,11,0
546056******6159,2015-05-25 19:21:49,57.5,No,0,0,,-1.0,,0.0,19,0
546056******6255,2015-05-21 19:42:51,100.8,No,0,0,,-1.0,,0.0,19,0
546056******7184,2015-05-25 22:23:07,134.4,No,0,0,,-1.0,,0.0,22,0
546056******7270,2015-05-28 21:49:06,132.0,No,0,0,,-1.0,,0.0,21,0
546056******7304,2015-05-11 12:52:25,154.0,No,0,0,,-1.0,,0.0,12,0
546056******7378,2015-05-04 22:28:01,179.2,No,0,0,,-1.0,,0.0,22,0
546056******8024,2015-05-23 16:52:44,95.2,No,0,0,,-1.0,,0.0,16,0
546056******8824,2015-05-06 18:19:26,132.0,No,0,0,,-1.0,,0.0,18,0
546056******8904,2015-05-01 12:28:06,70.0,No,0,0,,-1.0,,0.0,12,0
546056******9062,2015-05-01 17:16:21,247.5,No,0,0,,-1.0,,0.0,17,0
546056******9171,2015-05-11 13:32:29,134.4,No,0,0,,-1.0,,0.0,13,0
546056******9171,2015-05-11 13:39:30,268.8,No,0,1,2015-05-11 13:32:29,7.016666666666667,134.4,1.0,13,0
546056******9407,2015-05-28 19:26:44,25.0,No,0,0,,-1.0,,0.0,19,0
546056******9413,2015-05-07 20:03:22,132.0,No,0,0,,-1.0,,0.0,20,0
546056******9666,2015-05-29 15:03:11,132.0,No,0,0,,-1.0,,0.0,15,0
546056******9807,2015-05-09 12:40:27,99.0,No,0,0,,-1.0,,0.0,12,0
546056******9926,2015-05-14 13:34:22,55.0,No,0,0,,-1.0,,0.0,13,0
546451******0407,2015-05-20 14:19:38,40.7,No,0,0,,-1.0,,0.0,14,0
546451******0965,2015-05-28 00:27:25,172.5,No,0,0,,-1.0,,0.0,0,1
546451******0965,2015-05-29 21:24:37,345.0,No,0,0,2015-05-28 00:27:25,2697.2,172.5,1.0,21,0
546451******1118,2015-05-12 19:46:29,49.5,No,0,0,,-1.0,,0.0,19,0
546451******1206,2015-05-26 19:05:52,34.5,No,0,0,,-1.0,,0.0,19,0
546451******1223,2015-05-30 14:35:14,99.0,No,0,0,,-1.0,,0.0,14,0
546451******1223,2015-05-30 14:35:14,99.0,No,0,0,2015-05-30 14:35:14,0.0,99.0,0.0,14,0
546451******1554,2015-05-13 12:17:26,93.15,No,0,0,,-1.0,,0.0,12,0
546451******9370,2015-05-29 13:27:11,69.0,No,0,0,,-1.0,,0.0,13,0
546452******0526,2015-05-15 13:29:34,154.0,Yes,1,0,,-1.0,,0.0,13,0
546452******0526,2015-05-15 13:31:03,154.0,Yes,1,1,2015-05-15 13:29:34,1.4833333333333334,154.0,0.0,13,0
546452******0526,2015-05-15 13:32:44,154.0,Yes,1,2,2015-05-15 13:31:03,1.6833333333333333,154.0,0.0,13,0
546452******0526,2015-05-15 13:34:17,154.0,Yes,1,3,2015-05-15 13:32:44,1.55,154.0,0.0,13,0
546452******0950,2015-05-28 21:47:50,49.5,No,0,0,,-1.0,,0.0,21,0
546452******1707,2015-05-08 10:25:05,104.5,No,0,0,,-1.0,,0.0,10,0
546452******1885,2015-05-08 00:03:53,484.0,Yes,1,0,,-1.0,,0.0,0,1
546452******1885,2015-05-08 00:08:30,121.0,No,0,1,2015-05-08 00:03:53,4.616666666666666,484.0,-0.75,0,1
546452******1885,2015-05-08 00:14:05,242.0,No,0,2,2015-05-08 00:08:30,5.583333333333333,302.5,-0.19999999999999996,0,1
546452******3786,2015-05-06 13:20:20,33.0,No,0,0,,-1.0,,0.0,13,0
546452******4428,2015-05-11 15:01:49,78.4,No,0,0,,-1.0,,0.0,15,0
546452******5160,2015-05-17 23:52:32,112.0,Yes,1,0,,-1.0,,0.0,23,1
546452******5160,2015-05-17 23:53:58,190.4,Yes,1,1,2015-05-17 23:52:32,1.4333333333333333,112.0,0.7,23,1
546452******5160,2015-05-17 23:55:21,190.4,Yes,1,2,2015-05-17 23:53:58,1.3833333333333333,151.2,0.2592592592592593,23,1
546452******5160,2015-05-17 23:56:49,190.4,Yes,1,3,2015-05-17 23:55:21,1.4666666666666666,164.26666666666668,0.15909090909090895,23,1
546452******5160,2015-05-17 23:58:14,190.4,Yes,1,4,2015-05-17 23:56:49,1.4166666666666667,170.8,0.11475409836065564,23,1
546452******5160,2015-05-17 23:59:44,190.4,Yes,1,5,2015-05-17 23:58:14,1.5,174.72,0.08974358974358987,23,1
546452******5160,2015-05-29 12:42:23,46.0,Yes,1,0,2015-05-17 23:59:44,16602.65,177.33333333333334,-0.7406015037593985,12,0
546452******5160,2015-05-29 12:43:22,46.0,Yes,1,1,2015-05-29 12:42:23,0.9833333333333333,158.57142857142858,-0.70990990990991,12,0
546452******5160,2015-05-29 12:44:18,46.0,Yes,1,2,2015-05-29 12:43:22,0.9333333333333333,144.5,-0.6816608996539792,12,0
546452******5160,2015-05-29 12:45:21,46.0,Yes,1,3,2015-05-29 12:44:18,1.05,133.55555555555554,-0.6555740432612313,12,0
546452******5922,2015-05-20 20:44:25,166.0,No,0,0,,-1.0,,0.0,20,0
546452******6368,2015-05-09 16:14:46,172.5,No,0,0,,-1.0,,0.0,16,0
546452******6736,2015-05-16 14:24:42,16.5,No,0,0,,-1.0,,0.0,14,0
546452******7676,2015-05-13 16:08:41,27.5,No,0,0,,-1.0,,0.0,16,0
546452******8179,2015-05-24 19:29:57,49.63,No,0,0,,-1.0,,0.0,19,0
546452******8246,2015-05-28 17:38:58,46.0,Yes,1,0,,-1.0,,0.0,17,0
546452******8246,2015-05-28 17:40:31,46.0,Yes,1,1,2015-05-28 17:38:58,1.55,46.0,0.0,17,0
546452******8246,2015-05-28 17:41:39,46.0,Yes,1,2,2015-05-28 17:40:31,1.1333333333333333,46.0,0.0,17,0
546452******8246,2015-05-28 17:42:43,46.0,Yes,1,3,2015-05-28 17:41:39,1.0666666666666667,46.0,0.0,17,0
546452******8451,2015-05-13 20:21:28,49.43,No,0,0,,-1.0,,0.0,20,0
546452******9009,2015-05-26 17:37:23,10.0,No,0,0,,-1.0,,0.0,17,0
546452******9392,2015-05-15 19:44:07,99.0,No,0,0,,-1.0,,0.0,19,0
546479******0010,2015-05-14 15:03:13,77.0,No,0,0,,-1.0,,0.0,15,0
546479******1259,2015-05-13 23:37:03,77.0,No,0,0,,-1.0,,0.0,23,1
546479******1339,2015-05-19 18:58:14,20.0,No,0,0,,-1.0,,0.0,18,0
546479******1547,2015-05-15 12:52:15,154.0,No,0,0,,-1.0,,0.0,12,0
546479******1858,2015-05-12 19:48:56,264.0,No,0,0,,-1.0,,0.0,19,0
546479******1889,2015-05-14 21:42:19,23.0,No,0,0,,-1.0,,0.0,21,0
546479******2413,2015-05-20 14:57:45,190.4,Yes,1,0,,-1.0,,0.0,14,0
546479******2413,2015-05-20 14:59:04,190.4,Yes,1,1,2015-05-20 14:57:45,1.3166666666666667,190.4,0.0,14,0
546479******2413,2015-05-20 15:00:35,190.4,Yes,1,2,2015-05-20 14:59:04,1.5166666666666666,190.4,0.0,15,0
546479******2413,2015-05-20 15:02:03,190.4,Yes,1,3,2015-05-20 15:00:35,1.4666666666666666,190.4,0.0,15,0
546479******2413,2015-05-20 15:03:28,190.4,Yes,1,4,2015-05-20 15:02:03,1.4166666666666667,190.4,0.0,15,0
546479******2705,2015-05-11 20:19:54,201.25,No,0,0,,-1.0,,0.0,20,0
546479******2736,2015-05-22 12:03:39,23.0,No,0,0,,-1.0,,0.0,12,0
546479******2820,2015-05-12 00:21:40,77.0,No,0,0,,-1.0,,0.0,0,1
546479******2962,2015-05-11 18:15:42,78.4,No,0,0,,-1.0,,0.0,18,0
546479******2962,2015-05-29 15:48:03,46.0,No,0,0,2015-05-11 18:15:42,25772.35,78.4,-0.41326530612244905,15,0
546479******3068,2015-05-20 15:40:02,75.6,No,0,0,,-1.0,,0.0,15,0
546479******3276,2015-05-20 09:41:39,67.2,No,0,0,,-1.0,,0.0,9,0
546479******3546,2015-05-21 19:38:29,112.0,No,0,0,,-1.0,,0.0,19,0
546479******4365,2015-05-06 21:39:16,34.5,No,0,0,,-1.0,,0.0,21,0
546479******4467,2015-05-28 14:48:16,49.5,No,0,0,,-1.0,,0.0,14,0
546479******4992,2015-05-14 20:11:35,154.0,No,0,0,,-1.0,,0.0,20,0
546479******5185,2015-05-21 09:20:32,92.0,No,0,0,,-1.0,,0.0,9,0
546479******5260,2015-05-09 09:57:05,62.1,No,0,0,,-1.0,,0.0,9,0
546479******5394,2015-05-15 19:50:24,66.0,No,0,0,,-1.0,,0.0,19,0
546479******6681,2015-05-05 12:40:30,78.4,No,0,0,,-1.0,,0.0,12,0
546479******6928,2015-05-06 18:02:13,66.0,Yes,1,0,,-1.0,,0.0,18,0
546479******6928,2015-05-08 19:57:46,99.0,Yes,1,0,2015-05-06 18:02:13,2995.55,66.0,0.5,19,0
546479******6928,2015-05-08 20:17:25,132.0,Yes,1,1,2015-05-08 19:57:46,19.65,82.5,0.6000000000000001,20,0
546479******6928,2015-05-09 15:22:11,165.0,Yes,1,2,2015-05-08 20:17:25,1144.7666666666667,99.0,0.6666666666666667,15,0
546479******6949,2015-05-24 12:36:59,63.46,No,0,0,,-1.0,,0.0,12,0
546479******7179,2015-05-08 20:45:54,143.0,No,0,0,,-1.0,,0.0,20,0
546479******7489,2015-05-07 16:54:11,100.8,No,0,0,,-1.0,,0.0,16,0
546479******7713,2015-05-04 19:37:10,112.0,No,0,0,,-1.0,,0.0,19,0
546479******7713,2015-05-06 20:37:16,89.6,No,0,0,2015-05-04 19:37:10,2940.1,112.0,-0.20000000000000007,20,0
546479******7755,2015-05-05 23:24:24,110.0,No,0,0,,-1.0,,0.0,23,1
546479******7775,2015-05-15 19:30:32,99.0,No,0,0,,-1.0,,0.0,19,0
546479******9041,2015-05-15 17:47:41,308.0,No,0,0,,-1.0,,0.0,17,0
546479******9064,2015-05-21 13:37:46,30.0,No,0,0,,-1.0,,0.0,13,0
546479******9221,2015-05-13 21:28:17,27.5,No,0,0,,-1.0,,0.0,21,0
546499******0990,2015-05-29 07:50:27,88.0,No,0,0,,-1.0,,0.0,7,0
546499******6345,2015-05-24 11:20:01,15.0,No,0,0,,-1.0,,0.0,11,0
546744******0605,2015-05-19 11:51:18,57.5,No,0,0,,-1.0,,0.0,11,0
546768******2993,2015-05-15 00:41:40,154.0,No,0,0,,-1.0,,0.0,0,1
546768******3017,2015-05-09 00:35:33,143.0,No,0,0,,-1.0,,0.0,0,1
546768******7441,2015-05-06 23:23:11,165.0,No,0,0,,-1.0,,0.0,23,1
547408******0626,2015-05-12 18:59:14,46.0,No,0,0,,-1.0,,0.0,18,0
547408******0626,2015-05-13 14:43:05,23.0,No,0,1,2015-05-12 18:59:14,1183.85,46.0,-0.5,14,0
547408******0626,2015-05-20 23:15:52,23.0,No,0,0,2015-05-13 14:43:05,10592.783333333333,34.5,-0.33333333333333337,23,1
547408******9303,2015-05-04 17:42:59,143.0,No,0,0,,-1.0,,0.0,17,0
547874******5767,2015-05-28 12:59:10,231.0,No,0,0,,-1.0,,0.0,12,0
548045******0107,2015-05-15 16:41:26,154.0,No,0,0,,-1.0,,0.0,16,0
548045******0329,2015-05-14 21:26:05,46.0,No,0,0,,-1.0,,0.0,21,0
548045******2143,2015-05-06 20:17:41,34.5,No,0,0,,-1.0,,0.0,20,0
548045******2161,2015-05-05 19:34:50,112.0,No,0,0,,-1.0,,0.0,19,0
548045******3239,2015-05-29 11:50:10,198.0,No,0,0,,-1.0,,0.0,11,0
548045******3296,2015-05-14 18:22:34,92.0,No,0,0,,-1.0,,0.0,18,0
548045******3901,2015-05-01 23:43:22,73.07,No,0,0,,-1.0,,0.0,23,1
548045******5633,2015-05-17 22:34:19,46.0,No,0,0,,-1.0,,0.0,22,0
548045******6392,2015-05-09 16:34:03,34.5,No,0,0,,-1.0,,0.0,16,0
548045******7879,2015-05-18 20:04:26,103.5,No,0,0,,-1.0,,0.0,20,0
548045******8098,2015-05-14 19:23:02,110.0,No,0,0,,-1.0,,0.0,19,0
548045******8984,2015-05-11 15:31:21,154.0,No,0,0,,-1.0,,0.0,15,0
548045******9249,2015-05-07 18:08:21,46.0,No,0,0,,-1.0,,0.0,18,0
548045******9354,2015-05-29 10:38:52,280.8,No,0,0,,-1.0,,0.0,10,0
548046******0300,2015-05-01 09:56:32,104.5,No,0,0,,-1.0,,0.0,9,0
548046******1446,2015-05-21 14:01:59,84.0,No,0,0,,-1.0,,0.0,14,0
548046******1608,2015-05-11 20:03:44,172.75,No,0,0,,-1.0,,0.0,20,0
548046******2965,2015-05-05 18:53:42,87.54,No,0,0,,-1.0,,0.0,18,0
548046******3584,2015-05-13 22:00:05,23.0,No,0,0,,-1.0,,0.0,22,0
548046******3738,2015-05-16 16:38:41,33.0,No,0,0,,-1.0,,0.0,16,0
548046******4049,2015-05-07 11:30:34,77.0,No,0,0,,-1.0,,0.0,11,0
548046******5327,2015-05-02 20:26:53,184.0,No,0,0,,-1.0,,0.0,20,0
548046******5486,2015-05-16 10:30:02,92.0,No,0,0,,-1.0,,0.0,10,0
548046******5620,2015-05-24 00:35:49,20.0,No,0,0,,-1.0,,0.0,0,1
548046******5934,2015-05-06 11:10:14,103.5,No,0,0,,-1.0,,0.0,11,0
548046******5934,2015-05-06 11:55:34,138.0,No,0,1,2015-05-06 11:10:14,45.333333333333336,103.5,0.33333333333333326,11,0
548046******6707,2015-05-10 00:52:57,21.47,No,0,0,,-1.0,,0.0,0,1
548046******7058,2015-05-29 13:05:02,46.0,No,0,0,,-1.0,,0.0,13,0
548046******7336,2015-05-16 23:16:40,33.0,No,0,0,,-1.0,,0.0,23,1
548046******7770,2015-05-19 16:18:48,46.69,No,0,0,,-1.0,,0.0,16,0
548046******7978,2015-05-13 00:19:59,77.0,No,0,0,,-1.0,,0.0,0,1
548046******8927,2015-05-18 10:49:42,160.0,No,0,0,,-1.0,,0.0,10,0
548046******9586,2015-05-11 15:18:00,55.0,No,0,0,,-1.0,,0.0,15,0
548046******9885,2015-05-15 15:27:22,154.0,No,0,0,,-1.0,,0.0,15,0
548293******0153,2015-05-29 01:17:50,53.0,No,0,0,,-1.0,,0.0,1,1
548293******0557,2015-05-21 18:43:36,172.5,No,0,0,,-1.0,,0.0,18,0
548293******0587,2015-05-26 11:53:28,134.4,No,0,0,,-1.0,,0.0,11,0
548293******0643,2015-05-25 09:29:39,57.5,No,0,0,,-1.0,,0.0,9,0
548293******1031,2015-05-28 15:09:52,89.6,No,0,0,,-1.0,,0.0,15,0
548293******1152,2015-05-22 14:25:20,250.0,No,0,0,,-1.0,,0.0,14,0
548293******1246,2015-05-15 23:05:08,156.8,No,0,0,,-1.0,,0.0,23,1
548293******1696,2015-05-07 22:53:16,28.75,No,0,0,,-1.0,,0.0,22,0
548293******1734,2015-05-06 15:00:39,103.5,No,0,0,,-1.0,,0.0,15,0
548293******1894,2015-05-08 13:25:41,31.59,No,0,0,,-1.0,,0.0,13,0
548293******2141,2015-05-21 22:07:10,190.4,No,0,0,,-1.0,,0.0,22,0
548293******2273,2015-05-25 20:06:07,112.0,No,0,0,,-1.0,,0.0,20,0
548293******2273,2015-05-25 21:00:47,134.4,No,0,1,2015-05-25 20:06:07,54.666666666666664,112.0,0.19999999999999996,21,0
548293******2280,2015-05-29 15:19:13,46.0,No,0,0,,-1.0,,0.0,15,0
548293******2630,2015-05-06 17:57:56,145.6,No,0,0,,-1.0,,0.0,17,0
548293******2648,2015-05-13 20:13:59,99.0,No,0,0,,-1.0,,0.0,20,0
548293******2870,2015-05-11 13:13:57,154.0,No,0,0,,-1.0,,0.0,13,0
548293******3363,2015-05-06 19:05:38,319.0,No,0,0,,-1.0,,0.0,19,0
548293******3609,2015-05-26 09:51:02,112.0,No,0,0,,-1.0,,0.0,9,0
548293******3653,2015-05-08 00:43:03,268.8,No,0,0,,-1.0,,0.0,0,1
548293******3810,2015-05-14 19:01:22,70.0,No,0,0,,-1.0,,0.0,19,0
548293******3836,2015-05-29 16:09:25,92.0,No,0,0,,-1.0,,0.0,16,0
548293******3889,2015-05-05 14:48:05,425.6,No,0,0,,-1.0,,0.0,14,0
548293******3923,2015-05-11 17:59:15,134.4,No,0,0,,-1.0,,0.0,17,0
548293******4125,2015-05-09 18:55:42,34.5,No,0,0,,-1.0,,0.0,18,0
548293******4291,2015-05-15 14:18:17,176.0,No,0,0,,-1.0,,0.0,14,0
548293******4408,2015-05-12 23:43:46,115.0,No,0,0,,-1.0,,0.0,23,1
548293******4646,2015-05-13 11:04:57,154.0,No,0,0,,-1.0,,0.0,11,0
548293******4926,2015-05-15 16:47:45,198.0,No,0,0,,-1.0,,0.0,16,0
548293******5243,2015-05-23 19:56:09,10.0,No,0,0,,-1.0,,0.0,19,0
548293******5243,2015-05-23 21:40:06,5.0,No,0,1,2015-05-23 19:56:09,103.95,10.0,-0.5,21,0
548293******5878,2015-05-12 14:40:18,84.0,No,0,0,,-1.0,,0.0,14,0
548293******5960,2015-05-22 11:41:31,112.0,No,0,0,,-1.0,,0.0,11,0
548293******5960,2015-05-22 21:42:59,67.2,No,0,1,2015-05-22 11:41:31,601.4666666666667,112.0,-0.4,21,0
548293******6210,2015-05-19 18:09:41,20.0,No,0,0,,-1.0,,0.0,18,0
548293******6537,2015-05-15 20:34:56,99.0,No,0,0,,-1.0,,0.0,20,0
548293******6587,2015-05-06 23:00:46,91.35,No,0,0,,-1.0,,0.0,23,1
548293******6774,2015-05-26 09:42:55,30.0,No,0,0,,-1.0,,0.0,9,0
548293******6957,2015-05-29 17:39:45,95.0,No,0,0,,-1.0,,0.0,17,0
548293******7011,2015-05-14 15:18:44,156.8,No,0,0,,-1.0,,0.0,15,0
548293******7037,2015-05-20 12:36:11,66.99,No,0,0,,-1.0,,0.0,12,0
548293******7890,2015-05-13 14:59:41,110.0,No,0,0,,-1.0,,0.0,14,0
548293******7973,2015-05-20 14:54:26,34.5,No,0,0,,-1.0,,0.0,14,0
548293******8344,2015-05-13 14:15:46,134.4,No,0,0,,-1.0,,0.0,14,0
548293******8365,2015-05-30 13:08:32,184.0,No,0,0,,-1.0,,0.0,13,0
548293******8691,2015-05-05 19:00:07,69.0,No,0,0,,-1.0,,0.0,19,0
548293******9115,2015-05-12 07:40:46,275.0,No,0,0,,-1.0,,0.0,7,0
548293******9541,2015-05-29 12:18:59,172.5,No,0,0,,-1.0,,0.0,12,0
548293******9574,2015-05-28 16:55:58,88.0,No,0,0,,-1.0,,0.0,16,0
548293******9574,2015-05-28 17:10:34,77.0,No,0,1,2015-05-28 16:55:58,14.6,88.0,-0.125,17,0
548293******9655,2015-05-22 10:51:07,78.4,No,0,0,,-1.0,,0.0,10,0
548295******0792,2015-05-15 22:35:32,297.0,No,0,0,,-1.0,,0.0,22,0
548295******3004,2015-05-17 20:37:15,80.0,No,0,0,,-1.0,,0.0,20,0
548296******8891,2015-05-10 17:12:49,27.5,No,0,0,,-1.0,,0.0,17,0
548474******0543,2015-05-06 13:31:48,143.0,No,0,0,,-1.0,,0.0,13,0
548474******0638,2015-05-18 09:18:11,224.0,No,0,0,,-1.0,,0.0,9,0
548474******0638,2015-05-18 17:09:43,34.5,No,0,1,2015-05-18 09:18:11,471.53333333333336,224.0,-0.8459821428571428,17,0
548474******0911,2015-05-18 13:27:33,190.4,No,0,0,,-1.0,,0.0,13,0
548474******1277,2015-05-14 23:11:47,46.0,No,0,0,,-1.0,,0.0,23,1
548474******1374,2015-05-13 14:44:22,88.0,No,0,0,,-1.0,,0.0,14,0
548474******1575,2015-05-06 10:22:00,220.0,No,0,0,,-1.0,,0.0,10,0
548474******1624,2015-05-06 18:55:46,187.0,No,0,0,,-1.0,,0.0,18,0
548474******1664,2015-05-01 23:29:08,72.0,No,0,0,,-1.0,,0.0,23,1
548474******2471,2015-05-14 19:15:39,92.0,No,0,0,,-1.0,,0.0,19,0
548474******2793,2015-05-15 21:48:50,145.6,No,0,0,,-1.0,,0.0,21,0
548474******3198,2015-05-08 13:14:24,34.5,No,0,0,,-1.0,,0.0,13,0
548474******3210,2015-05-05 18:45:51,220.0,No,0,0,,-1.0,,0.0,18,0
548474******3329,2015-05-08 12:04:56,135.6,No,0,0,,-1.0,,0.0,12,0
548474******4175,2015-05-13 23:03:59,77.0,No,0,0,,-1.0,,0.0,23,1
548474******4917,2015-05-01 17:42:35,74.16,No,0,0,,-1.0,,0.0,17,0
548474******5267,2015-05-14 10:20:51,235.2,No,0,0,,-1.0,,0.0,10,0
548474******5432,2015-05-06 18:39:07,235.2,No,0,0,,-1.0,,0.0,18,0
548474******5732,2015-05-15 00:16:15,462.0,Yes,1,0,,-1.0,,0.0,0,1
548474******5809,2015-05-11 12:13:42,224.0,No,0,0,,-1.0,,0.0,12,0
548474******6415,2015-05-10 17:56:14,286.0,No,0,0,,-1.0,,0.0,17,0
548474******7602,2015-05-22 21:43:56,34.33,No,0,0,,-1.0,,0.0,21,0
548474******7622,2015-05-29 19:10:55,55.0,No,0,0,,-1.0,,0.0,19,0
548474******8194,2015-05-24 21:39:36,69.0,No,0,0,,-1.0,,0.0,21,0
548474******8304,2015-05-12 15:09:01,57.5,No,0,0,,-1.0,,0.0,15,0
548474******8554,2015-05-08 21:04:49,99.0,No,0,0,,-1.0,,0.0,21,0
548474******8975,2015-05-18 19:48:17,57.5,No,0,0,,-1.0,,0.0,19,0
548474******9061,2015-05-26 18:02:24,37.42,No,0,0,,-1.0,,0.0,18,0
548474******9602,2015-05-07 22:46:09,70.0,No,0,0,,-1.0,,0.0,22,0
548474******9660,2015-05-13 11:32:24,156.8,No,0,0,,-1.0,,0.0,11,0
548474******9749,2015-05-21 11:39:46,100.48,Yes,1,0,,-1.0,,0.0,11,0
548474******9905,2015-05-01 19:33:36,67.2,No,0,0,,-1.0,,0.0,19,0
548573******0501,2015-05-06 13:43:47,230.0,No,0,0,,-1.0,,0.0,13,0
548573******0609,2015-05-15 16:10:36,145.6,No,0,0,,-1.0,,0.0,16,0
548573******0898,2015-05-20 18:19:58,34.5,No,0,0,,-1.0,,0.0,18,0
548573******1751,2015-05-16 21:14:30,16.5,No,0,0,,-1.0,,0.0,21,0
548573******2287,2015-05-06 14:52:21,103.5,No,0,0,,-1.0,,0.0,14,0
548573******2429,2015-05-12 22:07:36,55.0,No,0,0,,-1.0,,0.0,22,0
548573******2787,2015-05-12 13:51:29,23.0,No,0,0,,-1.0,,0.0,13,0
548573******2990,2015-05-03 15:04:40,105.0,No,0,0,,-1.0,,0.0,15,0
548573******3451,2015-05-25 22:18:09,10.0,No,0,0,,-1.0,,0.0,22,0
548573******3622,2015-05-15 17:16:57,16.5,No,0,0,,-1.0,,0.0,17,0
548573******3846,2015-05-21 16:37:28,84.0,No,0,0,,-1.0,,0.0,16,0
548573******4021,2015-05-15 22:21:56,23.0,No,0,0,,-1.0,,0.0,22,0
548573******4374,2015-05-22 00:26:03,46.0,No,0,0,,-1.0,,0.0,0,1
548573******4381,2015-05-07 13:46:32,120.75,No,0,0,,-1.0,,0.0,13,0
548573******4505,2015-05-13 15:06:57,31.05,No,0,0,,-1.0,,0.0,15,0
548573******4782,2015-05-08 18:23:57,99.0,No,0,0,,-1.0,,0.0,18,0
548573******6750,2015-05-03 00:52:24,49.43,No,0,0,,-1.0,,0.0,0,1
548573******7362,2015-05-05 21:40:18,88.0,No,0,0,,-1.0,,0.0,21,0
548573******7431,2015-05-07 16:29:38,33.0,No,0,0,,-1.0,,0.0,16,0
548573******7495,2015-05-01 20:49:38,80.5,No,0,0,,-1.0,,0.0,20,0
548573******7597,2015-05-29 00:21:03,92.0,No,0,0,,-1.0,,0.0,0,1
548573******8340,2015-05-29 22:22:08,132.0,No,0,0,,-1.0,,0.0,22,0
548573******8439,2015-05-23 18:38:28,10.0,No,0,0,,-1.0,,0.0,18,0
548573******9150,2015-05-25 12:57:36,190.4,No,0,0,,-1.0,,0.0,12,0
548573******9661,2015-05-26 16:26:37,30.0,No,0,0,,-1.0,,0.0,16,0
548590******0111,2015-05-15 16:07:56,154.0,No,0,0,,-1.0,,0.0,16,0
548590******0269,2015-05-06 09:25:07,425.6,No,0,0,,-1.0,,0.0,9,0
548590******0471,2015-05-10 17:16:19,123.3,No,0,0,,-1.0,,0.0,17,0
548590******2493,2015-05-13 11:21:36,154.0,No,0,0,,-1.0,,0.0,11,0
548590******2493,2015-05-27 21:18:46,88.0,No,0,0,2015-05-13 11:21:36,20757.166666666668,154.0,-0.4285714285714286,21,0
548590******3010,2015-05-28 21:52:17,88.0,No,0,0,,-1.0,,0.0,21,0
548590******4913,2015-05-19 11:37:09,10.0,No,0,0,,-1.0,,0.0,11,0
548590******4981,2015-05-02 19:47:03,220.0,No,0,0,,-1.0,,0.0,19,0
548590******4981,2015-05-16 15:03:42,440.0,No,0,0,2015-05-02 19:47:03,19876.65,220.0,1.0,15,0
548590******5141,2015-05-08 17:12:47,110.0,No,0,0,,-1.0,,0.0,17,0
548590******7548,2015-05-18 09:56:28,53.0,No,0,0,,-1.0,,0.0,9,0
548590******7604,2015-05-07 10:16:06,176.0,No,0,0,,-1.0,,0.0,10,0
548590******8307,2015-05-24 12:44:41,20.0,No,0,0,,-1.0,,0.0,12,0
548590******8894,2015-05-21 19:18:40,46.0,No,0,0,,-1.0,,0.0,19,0
548590******9811,2015-05-13 22:32:09,154.0,No,0,0,,-1.0,,0.0,22,0
548591******0094,2015-05-15 21:45:31,537.8,No,0,0,,-1.0,,0.0,21,0
548591******0094,2015-05-26 14:10:14,336.0,No,0,0,2015-05-15 21:45:31,15384.716666666667,537.8,-0.37523242841204907,14,0
548591******3118,2015-05-12 22:31:07,82.5,No,0,0,,-1.0,,0.0,22,0
548591******3274,2015-05-11 17:37:25,89.6,No,0,0,,-1.0,,0.0,17,0
548591******3431,2015-05-23 10:38:57,30.0,No,0,0,,-1.0,,0.0,10,0
548591******4596,2015-05-12 08:38:30,132.0,No,0,0,,-1.0,,0.0,8,0
548591******5307,2015-05-13 22:54:33,154.0,No,0,0,,-1.0,,0.0,22,0
548591******7632,2015-05-06 16:59:19,207.0,No,0,0,,-1.0,,0.0,16,0
548591******7632,2015-05-06 17:00:48,414.0,No,0,1,2015-05-06 16:59:19,1.4833333333333334,207.0,1.0,17,0
548591******7632,2015-05-06 17:02:51,414.0,No,0,2,2015-05-06 17:00:48,2.05,310.5,0.33333333333333326,17,0
548591******7632,2015-05-06 17:04:22,506.0,No,0,3,2015-05-06 17:02:51,1.5166666666666666,345.0,0.46666666666666656,17,0
548591******8277,2015-05-14 18:11:56,67.2,No,0,0,,-1.0,,0.0,18,0
548595******9604,2015-05-30 13:16:40,99.0,No,0,0,,-1.0,,0.0,13,0
548648******0827,2015-05-21 18:10:03,100.0,No,0,0,,-1.0,,0.0,18,0
548648******1685,2015-05-16 13:58:43,112.0,No,0,0,,-1.0,,0.0,13,0
548648******8364,2015-05-21 21:19:25,112.0,No,0,0,,-1.0,,0.0,21,0
548649******0779,2015-05-28 14:31:22,195.5,No,0,0,,-1.0,,0.0,14,0
548649******5176,2015-05-25 20:32:38,80.5,No,0,0,,-1.0,,0.0,20,0
548649******6092,2015-05-15 22:13:28,112.0,No,0,0,,-1.0,,0.0,22,0
548649******7147,2015-05-12 15:34:39,46.0,No,0,0,,-1.0,,0.0,15,0
548649******8189,2015-05-21 23:29:04,264.0,No,0,0,,-1.0,,0.0,23,1
548649******8189,2015-05-29 17:45:24,132.0,No,0,0,2015-05-21 23:29:04,11176.333333333334,264.0,-0.5,17,0
548649******8303,2015-05-28 19:18:05,291.2,No,0,0,,-1.0,,0.0,19,0
548723******0696,2015-05-20 10:38:25,110.0,No,0,0,,-1.0,,0.0,10,0
548723******0703,2015-05-12 11:58:09,44.0,No,0,0,,-1.0,,0.0,11,0
548723******0833,2015-05-21 16:44:33,46.0,No,0,0,,-1.0,,0.0,16,0
548723******1250,2015-05-26 12:54:26,86.0,No,0,0,,-1.0,,0.0,12,0
548723******1607,2015-05-19 10:32:08,20.0,No,0,0,,-1.0,,0.0,10,0
548723******2048,2015-05-07 21:21:40,23.0,No,0,0,,-1.0,,0.0,21,0
548723******2085,2015-05-16 18:14:13,16.5,No,0,0,,-1.0,,0.0,18,0
548723******2113,2015-05-07 21:38:10,110.0,No,0,0,,-1.0,,0.0,21,0
548723******2407,2015-05-21 22:03:23,115.0,No,0,0,,-1.0,,0.0,22,0
548723******3077,2015-05-27 09:49:21,44.0,No,0,0,,-1.0,,0.0,9,0
548723******3077,2015-05-27 09:52:29,44.0,No,0,1,2015-05-27 09:49:21,3.1333333333333333,44.0,0.0,9,0
548723******3887,2015-05-12 16:43:21,78.4,No,0,0,,-1.0,,0.0,16,0
548723******4487,2015-05-28 23:37:30,172.5,No,0,0,,-1.0,,0.0,23,1
548723******5064,2015-05-03 14:57:12,245.0,No,0,0,,-1.0,,0.0,14,0
548723******5324,2015-05-19 09:25:29,84.0,No,0,0,,-1.0,,0.0,9,0
548723******6202,2015-05-07 10:03:32,231.0,No,0,0,,-1.0,,0.0,10,0
548723******6542,2015-05-28 22:51:13,28.0,No,0,0,,-1.0,,0.0,22,0
548723******7087,2015-05-07 10:02:57,176.0,No,0,0,,-1.0,,0.0,10,0
548723******7949,2015-05-24 12:08:38,92.0,No,0,0,,-1.0,,0.0,12,0
548723******8209,2015-05-04 13:24:49,46.69,No,0,0,,-1.0,,0.0,13,0
548723******8811,2015-05-21 20:46:31,23.0,No,0,0,,-1.0,,0.0,20,0
548723******8826,2015-05-26 18:35:53,209.0,Yes,1,0,,-1.0,,0.0,18,0
548723******8826,2015-05-26 18:38:28,418.0,Yes,1,1,2015-05-26 18:35:53,2.5833333333333335,209.0,1.0,18,0
548724******0125,2015-05-21 11:30:04,5.0,No,0,0,,-1.0,,0.0,11,0
548724******0755,2015-05-13 15:35:25,99.0,No,0,0,,-1.0,,0.0,15,0
548724******0835,2015-05-17 21:26:39,69.0,No,0,0,,-1.0,,0.0,21,0
548724******1160,2015-05-29 16:45:12,55.0,No,0,0,,-1.0,,0.0,16,0
548724******1684,2015-05-29 08:50:21,10.0,No,0,0,,-1.0,,0.0,8,0
548724******1807,2015-05-22 14:10:55,132.0,No,0,0,,-1.0,,0.0,14,0
548724******2196,2015-05-15 14:33:49,154.0,No,0,0,,-1.0,,0.0,14,0
548724******2313,2015-05-11 14:21:42,78.4,No,0,0,,-1.0,,0.0,14,0
548724******2313,2015-05-14 21:26:08,154.0,No,0,0,2015-05-11 14:21:42,4744.433333333333,78.4,0.9642857142857142,21,0
548724******2313,2015-05-29 18:57:37,172.5,No,0,0,2015-05-14 21:26:08,21451.483333333334,116.2,0.4845094664371772,18,0
548724******2338,2015-05-02 15:41:36,69.0,No,0,0,,-1.0,,0.0,15,0
548724******2624,2015-05-19 15:58:49,34.5,No,0,0,,-1.0,,0.0,15,0
548724******3254,2015-05-07 20:06:42,82.5,No,0,0,,-1.0,,0.0,20,0
548724******3539,2015-05-23 11:26:36,18.88,No,0,0,,-1.0,,0.0,11,0
548724******4163,2015-05-20 14:18:13,129.0,No,0,0,,-1.0,,0.0,14,0
548724******4275,2015-05-08 12:29:00,135.0,No,0,0,,-1.0,,0.0,12,0
548724******4280,2015-05-24 19:20:01,63.0,No,0,0,,-1.0,,0.0,19,0
548724******4342,2015-05-11 10:46:14,165.0,No,0,0,,-1.0,,0.0,10,0
548724******4459,2015-05-01 21:41:41,23.0,No,0,0,,-1.0,,0.0,21,0
548724******4538,2015-05-21 13:52:24,10.0,No,0,0,,-1.0,,0.0,13,0
548724******4755,2015-05-29 15:56:48,46.0,No,0,0,,-1.0,,0.0,15,0
548724******4840,2015-05-19 12:06:07,57.5,No,0,0,,-1.0,,0.0,12,0
548724******5027,2015-05-26 21:58:53,138.0,No,0,0,,-1.0,,0.0,21,0
548724******5215,2015-05-28 15:06:22,28.0,No,0,0,,-1.0,,0.0,15,0
548724******5514,2015-05-26 12:34:00,44.0,No,0,0,,-1.0,,0.0,12,0
548724******5563,2015-05-22 21:41:55,374.0,No,0,0,,-1.0,,0.0,21,0
548724******5697,2015-05-16 00:30:41,33.0,No,0,0,,-1.0,,0.0,0,1
548724******5734,2015-05-13 20:34:20,308.0,No,0,0,,-1.0,,0.0,20,0
548724******5734,2015-05-13 21:12:03,154.0,No,0,1,2015-05-13 20:34:20,37.71666666666667,308.0,-0.5,21,0
548724******6150,2015-05-12 17:05:48,78.4,No,0,0,,-1.0,,0.0,17,0
548724******6376,2015-05-30 11:17:21,88.0,Yes,1,0,,-1.0,,0.0,11,0
548724******7039,2015-05-08 13:08:00,140.0,No,0,0,,-1.0,,0.0,13,0
548724******7209,2015-05-15 16:06:22,154.0,No,0,0,,-1.0,,0.0,16,0
548724******7209,2015-05-15 16:40:59,154.0,No,0,1,2015-05-15 16:06:22,34.61666666666667,154.0,0.0,16,0
548724******7497,2015-05-12 14:19:58,77.0,No,0,0,,-1.0,,0.0,14,0
548724******7641,2015-05-18 14:07:16,121.0,No,0,0,,-1.0,,0.0,14,0
548724******7696,2015-05-08 22:57:08,55.0,No,0,0,,-1.0,,0.0,22,0
548724******7838,2015-05-15 20:01:49,69.0,No,0,0,,-1.0,,0.0,20,0
548724******8073,2015-05-14 01:02:37,23.0,No,0,0,,-1.0,,0.0,1,1
548724******8150,2015-05-21 14:15:12,13.5,No,0,0,,-1.0,,0.0,14,0
548724******8725,2015-05-01 12:37:50,69.0,No,0,0,,-1.0,,0.0,12,0
548724******8996,2015-05-20 09:33:38,57.5,No,0,0,,-1.0,,0.0,9,0
548724******9073,2015-05-23 14:31:13,84.0,No,0,0,,-1.0,,0.0,14,0
548724******9091,2015-05-22 12:06:24,15.0,No,0,0,,-1.0,,0.0,12,0
548724******9410,2015-05-29 10:14:43,80.5,No,0,0,,-1.0,,0.0,10,0
548724******9752,2015-05-30 16:21:38,50.75,No,0,0,,-1.0,,0.0,16,0
548724******9752,2015-05-30 16:21:38,50.75,No,0,0,2015-05-30 16:21:38,0.0,50.75,0.0,16,0
548822******9979,2015-05-07 16:12:33,144.0,No,0,0,,-1.0,,0.0,16,0
548826******1456,2015-05-23 21:52:48,5.0,No,0,0,,-1.0,,0.0,21,0
548826******1680,2015-05-25 10:51:37,102.6,No,0,0,,-1.0,,0.0,10,0
548826******1754,2015-05-04 10:46:32,46.0,No,0,0,,-1.0,,0.0,10,0
548826******2306,2015-05-18 11:11:05,23.0,No,0,0,,-1.0,,0.0,11,0
548826******2868,2015-05-09 18:15:28,34.5,No,0,0,,-1.0,,0.0,18,0
548826******3276,2015-05-27 22:50:38,440.0,Yes,1,0,,-1.0,,0.0,22,0
548826******3276,2015-05-27 22:52:22,440.0,Yes,1,1,2015-05-27 22:50:38,1.7333333333333334,440.0,0.0,22,0
548826******3276,2015-05-27 22:54:07,440.0,Yes,1,2,2015-05-27 22:52:22,1.75,440.0,0.0,22,0
548826******3349,2015-05-22 14:53:23,55.0,No,0,0,,-1.0,,0.0,14,0
548826******3864,2015-05-01 18:50:03,70.0,No,0,0,,-1.0,,0.0,18,0
548826******3864,2015-05-02 21:59:25,35.0,No,0,0,2015-05-01 18:50:03,1629.3666666666666,70.0,-0.5,21,0
548826******4155,2015-05-06 13:55:57,286.0,No,0,0,,-1.0,,0.0,13,0
548826******4326,2015-05-11 18:38:43,264.5,No,0,0,,-1.0,,0.0,18,0
548826******4838,2015-05-20 13:10:51,165.0,No,0,0,,-1.0,,0.0,13,0
548826******5011,2015-05-29 13:40:13,220.0,No,0,0,,-1.0,,0.0,13,0
548826******5095,2015-05-11 21:22:30,264.0,No,0,0,,-1.0,,0.0,21,0
548826******5095,2015-05-17 12:56:48,80.0,No,0,0,2015-05-11 21:22:30,8134.3,264.0,-0.696969696969697,12,0
548826******6272,2015-05-13 16:55:20,88.0,No,0,0,,-1.0,,0.0,16,0
548826******6397,2015-05-16 18:18:10,16.5,No,0,0,,-1.0,,0.0,18,0
548826******6631,2015-05-16 12:10:52,75.6,No,0,0,,-1.0,,0.0,12,0
548826******7054,2015-05-27 07:52:25,101.49,No,0,0,,-1.0,,0.0,7,0
548826******7119,2015-05-11 18:28:30,46.0,No,0,0,,-1.0,,0.0,18,0
548826******7175,2015-05-28 08:50:27,44.0,No,0,0,,-1.0,,0.0,8,0
548826******7346,2015-05-21 22:09:04,46.0,No,0,0,,-1.0,,0.0,22,0
548826******7360,2015-05-15 23:22:15,91.35,No,0,0,,-1.0,,0.0,23,1
548826******7536,2015-05-14 14:56:45,145.6,No,0,0,,-1.0,,0.0,14,0
548826******7536,2015-05-14 14:58:05,145.6,No,0,1,2015-05-14 14:56:45,1.3333333333333333,145.6,0.0,14,0
548826******7557,2015-05-30 15:56:48,66.0,No,0,0,,-1.0,,0.0,15,0
548826******7557,2015-05-30 15:56:48,66.0,No,0,0,2015-05-30 15:56:48,0.0,66.0,0.0,15,0
548826******7603,2015-05-11 15:24:08,55.0,No,0,0,,-1.0,,0.0,15,0
548826******7603,2015-05-11 15:25:06,110.0,No,0,1,2015-05-11 15:24:08,0.9666666666666667,55.0,1.0,15,0
548826******7603,2015-05-11 15:26:17,110.0,No,0,2,2015-05-11 15:25:06,1.1833333333333333,82.5,0.33333333333333326,15,0
548826******7603,2015-05-25 19:55:13,154.0,No,0,0,2015-05-11 15:26:17,20428.933333333334,91.66666666666667,0.6799999999999999,19,0
548826******7603,2015-05-25 19:56:14,156.3,No,0,1,2015-05-25 19:55:13,1.0166666666666666,107.25,0.45734265734265755,19,0
548826******7603,2015-05-25 19:57:22,212.13,No,0,2,2015-05-25 19:56:14,1.1333333333333333,117.05999999999999,0.8121476166068684,19,0
548826******7626,2015-05-07 14:25:09,120.0,No,0,0,,-1.0,,0.0,14,0
548826******7626,2015-05-15 15:32:48,120.0,No,0,0,2015-05-07 14:25:09,11587.65,120.0,0.0,15,0
548826******7676,2015-05-14 11:18:25,240.0,No,0,0,,-1.0,,0.0,11,0
548826******7843,2015-05-12 22:37:04,154.0,No,0,0,,-1.0,,0.0,22,0
548826******7854,2015-05-14 22:13:17,66.0,No,0,0,,-1.0,,0.0,22,0
548826******8096,2015-05-11 13:26:44,154.0,No,0,0,,-1.0,,0.0,13,0
548826******8417,2015-05-11 22:22:39,154.0,No,0,0,,-1.0,,0.0,22,0
548826******8875,2015-05-07 14:56:18,73.34,No,0,0,,-1.0,,0.0,14,0
548826******8929,2015-05-23 00:40:42,55.0,No,0,0,,-1.0,,0.0,0,1
548826******8940,2015-05-07 19:13:49,23.0,No,0,0,,-1.0,,0.0,19,0
548826******8962,2015-05-13 14:47:30,62.1,No,0,0,,-1.0,,0.0,14,0
548826******9084,2015-05-11 13:46:22,351.68,No,0,0,,-1.0,,0.0,13,0
548826******9223,2015-05-07 17:41:46,23.0,No,0,0,,-1.0,,0.0,17,0
548826******9246,2015-05-12 15:23:01,46.0,No,0,0,,-1.0,,0.0,15,0
548826******9246,2015-05-12 15:24:56,304.75,No,0,1,2015-05-12 15:23:01,1.9166666666666667,46.0,5.625,15,0
548826******9298,2015-05-11 14:44:37,336.0,No,0,0,,-1.0,,0.0,14,0
548826******9502,2015-05-28 19:56:54,46.0,No,0,0,,-1.0,,0.0,19,0
548826******9724,2015-05-28 15:38:31,55.82,No,0,0,,-1.0,,0.0,15,0
548827******0038,2015-05-08 19:15:59,92.0,No,0,0,,-1.0,,0.0,19,0
548827******0038,2015-05-08 19:17:22,92.0,No,0,1,2015-05-08 19:15:59,1.3833333333333333,92.0,0.0,19,0
548827******0399,2015-05-28 23:16:09,44.0,No,0,0,,-1.0,,0.0,23,1
548827******0528,2015-05-21 12:30:41,95.2,No,0,0,,-1.0,,0.0,12,0
548827******0994,2015-05-29 07:23:37,46.69,No,0,0,,-1.0,,0.0,7,0
548827******1524,2015-05-08 15:26:26,116.72,No,0,0,,-1.0,,0.0,15,0
548827******1705,2015-05-01 00:27:00,193.43,No,0,0,,-1.0,,0.0,0,1
548827******4304,2015-05-13 20:49:23,104.5,No,0,0,,-1.0,,0.0,20,0
548827******4309,2015-05-30 22:09:08,448.0,No,0,0,,-1.0,,0.0,22,0
548827******4309,2015-05-30 22:09:08,448.0,No,0,0,2015-05-30 22:09:08,0.0,448.0,0.0,22,0
548827******4309,2015-05-30 22:20:09,448.0,No,0,2,2015-05-30 22:09:08,11.016666666666667,448.0,0.0,22,0
548827******4309,2015-05-30 22:20:09,448.0,No,0,2,2015-05-30 22:20:09,0.0,448.0,0.0,22,0
548827******4578,2015-05-11 22:37:43,138.0,No,0,0,,-1.0,,0.0,22,0
548827******4578,2015-05-13 19:40:28,46.0,No,0,0,2015-05-11 22:37:43,2702.75,138.0,-0.6666666666666667,19,0
548827******4578,2015-05-18 21:08:30,57.5,No,0,0,2015-05-13 19:40:28,7288.033333333334,92.0,-0.375,21,0
548827******4998,2015-05-16 14:09:14,75.6,No,0,0,,-1.0,,0.0,14,0
548827******5020,2015-05-06 13:27:35,89.6,No,0,0,,-1.0,,0.0,13,0
548827******6589,2015-05-27 17:54:47,88.0,No,0,0,,-1.0,,0.0,17,0
548827******6599,2015-05-08 13:54:32,57.5,No,0,0,,-1.0,,0.0,13,0
548827******6638,2015-05-16 12:50:21,440.0,No,0,0,,-1.0,,0.0,12,0
548827******6792,2015-05-15 17:36:11,123.3,No,0,0,,-1.0,,0.0,17,0
548827******7185,2015-05-18 21:15:32,88.0,No,0,0,,-1.0,,0.0,21,0
548827******9238,2015-05-21 18:42:05,15.0,No,0,0,,-1.0,,0.0,18,0
548984******0071,2015-05-14 21:12:24,154.0,No,0,0,,-1.0,,0.0,21,0
548984******0748,2015-05-22 15:42:51,57.5,No,0,0,,-1.0,,0.0,15,0
548984******1546,2015-05-13 11:46:15,62.1,No,0,0,,-1.0,,0.0,11,0
548984******1689,2015-05-09 19:37:55,60.0,No,0,0,,-1.0,,0.0,19,0
548984******1766,2015-05-07 13:53:11,264.0,No,0,0,,-1.0,,0.0,13,0
548984******2214,2015-05-08 18:13:01,88.0,No,0,0,,-1.0,,0.0,18,0
548984******2456,2015-05-13 22:58:34,99.0,Yes,1,0,,-1.0,,0.0,22,0
548984******2902,2015-05-21 17:33:24,55.82,No,0,0,,-1.0,,0.0,17,0
548984******2992,2015-05-10 18:42:47,165.0,No,0,0,,-1.0,,0.0,18,0
548984******3128,2015-05-22 14:48:32,66.0,No,0,0,,-1.0,,0.0,14,0
548984******3147,2015-05-12 14:16:26,31.59,No,0,0,,-1.0,,0.0,14,0
548984******3194,2015-05-15 18:26:16,184.0,No,0,0,,-1.0,,0.0,18,0
548984******3225,2015-05-19 11:26:38,10.0,No,0,0,,-1.0,,0.0,11,0
548984******3390,2015-05-29 00:31:07,89.6,No,0,0,,-1.0,,0.0,0,1
548984******3437,2015-05-22 16:27:35,54.0,No,0,0,,-1.0,,0.0,16,0
548984******3591,2015-05-25 11:25:37,630.0,No,0,0,,-1.0,,0.0,11,0
548984******4359,2015-05-15 14:12:51,99.0,No,0,0,,-1.0,,0.0,14,0
548984******5044,2015-05-21 14:37:26,156.8,No,0,0,,-1.0,,0.0,14,0
548984******5516,2015-05-26 10:09:37,308.0,No,0,0,,-1.0,,0.0,10,0
548984******5590,2015-05-05 21:46:52,44.0,No,0,0,,-1.0,,0.0,21,0
548984******5734,2015-05-14 11:12:40,110.0,Yes,1,0,,-1.0,,0.0,11,0
548984******5734,2015-05-14 11:13:54,82.5,Yes,1,1,2015-05-14 11:12:40,1.2333333333333334,110.0,-0.25,11,0
548984******5734,2015-05-14 11:27:55,110.0,Yes,1,2,2015-05-14 11:13:54,14.016666666666667,96.25,0.1428571428571428,11,0
548984******5734,2015-05-14 11:30:52,82.5,Yes,1,3,2015-05-14 11:27:55,2.95,100.83333333333333,-0.18181818181818177,11,0
548984******5789,2015-05-29 18:25:03,165.0,Yes,1,0,,-1.0,,0.0,18,0
548984******6219,2015-05-07 21:58:31,235.2,No,0,0,,-1.0,,0.0,21,0
548984******6313,2015-05-23 20:36:21,20.0,No,0,0,,-1.0,,0.0,20,0
548984******6373,2015-05-25 13:02:03,15.0,No,0,0,,-1.0,,0.0,13,0
548984******6558,2015-05-03 19:04:32,143.0,No,0,0,,-1.0,,0.0,19,0
548984******7105,2015-05-20 14:27:04,121.0,No,0,0,,-1.0,,0.0,14,0
548984******7700,2015-05-10 10:50:34,88.0,No,0,0,,-1.0,,0.0,10,0
548984******7883,2015-05-02 00:15:11,143.0,No,0,0,,-1.0,,0.0,0,1
548984******7897,2015-05-23 17:33:02,95.2,Yes,1,0,,-1.0,,0.0,17,0
548984******7897,2015-05-23 17:34:24,95.2,Yes,1,1,2015-05-23 17:33:02,1.3666666666666667,95.2,0.0,17,0
548984******7897,2015-05-23 17:35:37,95.2,Yes,1,2,2015-05-23 17:34:24,1.2166666666666666,95.2,0.0,17,0
548984******7897,2015-05-23 17:37:04,95.2,Yes,1,3,2015-05-23 17:35:37,1.45,95.2,0.0,17,0
548984******7897,2015-05-23 17:38:29,117.6,Yes,1,4,2015-05-23 17:37:04,1.4166666666666667,95.2,0.23529411764705865,17,0
548984******8058,2015-05-21 17:55:58,10.0,No,0,0,,-1.0,,0.0,17,0
548984******8058,2015-05-30 01:26:34,110.0,No,0,0,2015-05-21 17:55:58,11970.6,10.0,10.0,1,1
548984******8293,2015-05-04 21:18:34,82.5,No,0,0,,-1.0,,0.0,21,0
548984******8455,2015-05-29 22:01:14,264.0,No,0,0,,-1.0,,0.0,22,0
548984******8787,2015-05-29 17:21:55,132.0,No,0,0,,-1.0,,0.0,17,0
548984******8828,2015-05-19 19:06:25,110.0,No,0,0,,-1.0,,0.0,19,0
548984******8924,2015-05-06 18:29:03,330.0,No,0,0,,-1.0,,0.0,18,0
548984******9508,2015-05-23 17:04:01,418.0,Yes,1,0,,-1.0,,0.0,17,0
548984******9508,2015-05-27 20:44:02,220.0,Yes,1,0,2015-05-23 17:04:01,5980.016666666666,418.0,-0.4736842105263158,20,0
548984******9508,2015-05-27 20:46:21,440.0,Yes,1,1,2015-05-27 20:44:02,2.316666666666667,319.0,0.3793103448275863,20,0
548984******9508,2015-05-27 22:30:23,220.0,Yes,1,2,2015-05-27 20:46:21,104.03333333333333,359.3333333333333,-0.3877551020408163,22,0
548984******9613,2015-05-20 01:15:37,220.0,No,0,0,,-1.0,,0.0,1,1
548985******0022,2015-05-01 18:35:37,126.5,No,0,0,,-1.0,,0.0,18,0
548985******0181,2015-05-05 10:15:35,63.16,No,0,0,,-1.0,,0.0,10,0
548985******0398,2015-05-11 22:28:39,78.4,No,0,0,,-1.0,,0.0,22,0
548985******0398,2015-05-19 21:48:06,67.2,No,0,0,2015-05-11 22:28:39,11479.45,78.4,-0.1428571428571429,21,0
548985******0467,2015-05-09 09:55:31,143.0,No,0,0,,-1.0,,0.0,9,0
548985******0532,2015-05-18 13:44:56,23.68,No,0,0,,-1.0,,0.0,13,0
548985******0598,2015-05-04 09:46:51,56.0,No,0,0,,-1.0,,0.0,9,0
548985******0598,2015-05-05 22:54:01,134.4,No,0,0,2015-05-04 09:46:51,2227.1666666666665,56.0,1.4,22,0
548985******0614,2015-05-04 20:39:42,143.0,No,0,0,,-1.0,,0.0,20,0
548985******0906,2015-05-12 14:30:18,132.25,No,0,0,,-1.0,,0.0,14,0
548985******0950,2015-05-06 13:22:47,276.0,No,0,0,,-1.0,,0.0,13,0
548985******0956,2015-05-08 18:00:16,23.0,No,0,0,,-1.0,,0.0,18,0
548985******1102,2015-05-21 09:20:17,105.0,No,0,0,,-1.0,,0.0,9,0
548985******1230,2015-05-26 15:17:47,112.0,No,0,0,,-1.0,,0.0,15,0
548985******1362,2015-05-06 22:56:40,48.72,No,0,0,,-1.0,,0.0,22,0
548985******1881,2015-05-15 15:14:57,154.0,No,0,0,,-1.0,,0.0,15,0
548985******1981,2015-05-06 12:01:03,43.7,No,0,0,,-1.0,,0.0,12,0
548985******2042,2015-05-05 19:35:11,121.0,No,0,0,,-1.0,,0.0,19,0
548985******2065,2015-05-27 22:30:52,172.5,No,0,0,,-1.0,,0.0,22,0
548985******3012,2015-05-28 22:01:12,110.0,No,0,0,,-1.0,,0.0,22,0
548985******3544,2015-05-04 13:13:02,110.0,No,0,0,,-1.0,,0.0,13,0
548985******3672,2015-05-30 10:11:12,10.0,No,0,0,,-1.0,,0.0,10,0
548985******3714,2015-05-28 21:14:39,20.0,No,0,0,,-1.0,,0.0,21,0
548985******3760,2015-05-25 10:24:11,630.0,No,0,0,,-1.0,,0.0,10,0
548985******4506,2015-05-29 23:20:00,110.0,No,0,0,,-1.0,,0.0,23,1
548985******4591,2015-05-29 11:51:58,99.0,No,0,0,,-1.0,,0.0,11,0
548985******4648,2015-05-14 15:14:08,198.0,No,0,0,,-1.0,,0.0,15,0
548985******4754,2015-05-27 09:16:37,134.4,No,0,0,,-1.0,,0.0,9,0
548985******5001,2015-05-11 12:05:46,302.4,No,0,0,,-1.0,,0.0,12,0
548985******5537,2015-05-04 15:56:27,92.0,No,0,0,,-1.0,,0.0,15,0
548985******5688,2015-05-27 18:11:19,99.0,No,0,0,,-1.0,,0.0,18,0
548985******6020,2015-05-16 17:01:30,33.0,No,0,0,,-1.0,,0.0,17,0
548985******6203,2015-05-26 21:36:26,88.0,No,0,0,,-1.0,,0.0,21,0
548985******6203,2015-05-28 18:38:55,49.5,No,0,0,2015-05-26 21:36:26,2702.483333333333,88.0,-0.4375,18,0
548985******6305,2015-05-28 20:13:00,121.0,No,0,0,,-1.0,,0.0,20,0
548985******6330,2015-05-01 21:10:36,27.63,No,0,0,,-1.0,,0.0,21,0
548985******6337,2015-05-10 17:28:19,56.0,No,0,0,,-1.0,,0.0,17,0
548985******6463,2015-05-12 13:58:23,132.25,No,0,0,,-1.0,,0.0,13,0
548985******6551,2015-05-11 18:52:42,132.25,No,0,0,,-1.0,,0.0,18,0
548985******6897,2015-05-11 13:34:16,165.0,No,0,0,,-1.0,,0.0,13,0
548985******6936,2015-05-15 10:14:39,15.0,No,0,0,,-1.0,,0.0,10,0
548985******6990,2015-05-06 10:49:35,103.5,No,0,0,,-1.0,,0.0,10,0
548985******7246,2015-05-20 08:50:33,24.03,No,0,0,,-1.0,,0.0,8,0
548985******7868,2015-05-24 12:22:04,36.66,No,0,0,,-1.0,,0.0,12,0
548985******8040,2015-05-07 10:58:45,91.66,No,0,0,,-1.0,,0.0,10,0
548985******8313,2015-05-07 15:20:37,17.51,No,0,0,,-1.0,,0.0,15,0
548985******8313,2015-05-07 15:23:04,34.5,No,0,1,2015-05-07 15:20:37,2.45,17.51,0.9703026841804681,15,0
548985******8313,2015-05-07 20:00:04,34.5,No,0,2,2015-05-07 15:23:04,277.0,26.005000000000003,0.32666794847144764,20,0
548985******8322,2015-05-15 15:10:00,165.0,No,0,0,,-1.0,,0.0,15,0
548985******8714,2015-05-15 17:49:14,16.5,No,0,0,,-1.0,,0.0,17,0
548985******8914,2015-05-08 14:13:42,78.4,No,0,0,,-1.0,,0.0,14,0
548985******8972,2015-05-13 23:21:00,99.0,No,0,0,,-1.0,,0.0,23,1
548985******9050,2015-05-17 19:18:51,23.0,No,0,0,,-1.0,,0.0,19,0
548985******9186,2015-05-11 23:27:25,154.0,No,0,0,,-1.0,,0.0,23,1
548985******9579,2015-05-19 19:08:14,66.0,No,0,0,,-1.0,,0.0,19,0
549159******0545,2015-05-30 12:16:42,99.0,No,0,0,,-1.0,,0.0,12,0
549159******1096,2015-05-25 15:54:17,102.6,No,0,0,,-1.0,,0.0,15,0
549159******1824,2015-05-05 18:07:22,143.0,No,0,0,,-1.0,,0.0,18,0
549159******1824,2015-05-05 18:31:14,143.0,No,0,1,2015-05-05 18:07:22,23.866666666666667,143.0,0.0,18,0
549159******1824,2015-05-28 00:04:59,46.0,No,0,0,2015-05-05 18:31:14,32013.75,143.0,-0.6783216783216783,0,1
549159******1975,2015-05-23 02:11:58,201.6,No,0,0,,-1.0,,0.0,2,1
549159******2438,2015-05-29 14:07:25,20.0,No,0,0,,-1.0,,0.0,14,0
549159******2438,2015-05-29 15:27:43,5.0,No,0,1,2015-05-29 14:07:25,80.3,20.0,-0.75,15,0
549159******2559,2015-05-27 09:10:59,112.0,No,0,0,,-1.0,,0.0,9,0
549159******2714,2015-05-29 23:08:17,176.0,No,0,0,,-1.0,,0.0,23,1
549159******2922,2015-05-11 18:42:49,440.0,No,0,0,,-1.0,,0.0,18,0
549159******3200,2015-05-13 00:52:21,154.0,No,0,0,,-1.0,,0.0,0,1
549159******3200,2015-05-13 12:41:01,275.0,No,0,1,2015-05-13 00:52:21,708.6666666666666,154.0,0.7857142857142858,12,0
549159******3639,2015-05-27 21:11:58,49.5,No,0,0,,-1.0,,0.0,21,0
549159******3786,2015-05-19 20:37:37,69.0,No,0,0,,-1.0,,0.0,20,0
549159******4052,2015-05-11 15:47:17,78.4,No,0,0,,-1.0,,0.0,15,0
549159******4296,2015-05-29 18:03:44,55.0,No,0,0,,-1.0,,0.0,18,0
549159******4311,2015-05-11 18:51:35,220.0,No,0,0,,-1.0,,0.0,18,0
549159******4523,2015-05-13 12:33:19,132.0,No,0,0,,-1.0,,0.0,12,0
549159******5520,2015-05-01 15:04:47,144.0,No,0,0,,-1.0,,0.0,15,0
549159******5731,2015-05-13 13:06:18,134.4,No,0,0,,-1.0,,0.0,13,0
549159******5731,2015-05-29 20:31:08,77.0,No,0,0,2015-05-13 13:06:18,23484.833333333332,134.4,-0.42708333333333337,20,0
549159******5841,2015-05-04 19:27:05,220.0,No,0,0,,-1.0,,0.0,19,0
549159******5877,2015-05-10 15:11:18,62.1,No,0,0,,-1.0,,0.0,15,0
549159******6066,2015-05-26 20:32:50,264.0,No,0,0,,-1.0,,0.0,20,0
549159******6102,2015-05-12 14:22:46,110.0,No,0,0,,-1.0,,0.0,14,0
549159******6179,2015-05-15 23:10:52,440.0,No,0,0,,-1.0,,0.0,23,1
549159******6290,2015-05-06 13:14:59,548.8,No,0,0,,-1.0,,0.0,13,0
549159******6290,2015-05-07 12:00:17,235.2,No,0,1,2015-05-06 13:14:59,1365.3,548.8,-0.5714285714285714,12,0
549159******6592,2015-05-29 21:02:06,172.5,No,0,0,,-1.0,,0.0,21,0
549159******6612,2015-05-12 14:32:06,154.0,No,0,0,,-1.0,,0.0,14,0
549159******6612,2015-05-27 21:44:32,132.0,No,0,0,2015-05-12 14:32:06,22032.433333333334,154.0,-0.1428571428571429,21,0
549159******6670,2015-05-22 23:57:00,112.0,No,0,0,,-1.0,,0.0,23,1
549159******6670,2015-05-25 10:01:37,224.0,No,0,0,2015-05-22 23:57:00,3484.616666666667,112.0,1.0,10,0
549159******6799,2015-05-15 22:39:53,99.0,No,0,0,,-1.0,,0.0,22,0
549159******7133,2015-05-15 15:58:15,154.0,No,0,0,,-1.0,,0.0,15,0
549159******7848,2015-05-02 21:19:00,246.6,No,0,0,,-1.0,,0.0,21,0
549159******8092,2015-05-08 10:04:00,110.0,No,0,0,,-1.0,,0.0,10,0
549159******8351,2015-05-10 21:46:14,73.34,No,0,0,,-1.0,,0.0,21,0
549159******8468,2015-05-08 19:15:09,77.0,No,0,0,,-1.0,,0.0,19,0
549159******8879,2015-05-15 13:34:13,154.0,No,0,0,,-1.0,,0.0,13,0
549159******8988,2015-05-05 10:28:05,268.8,No,0,0,,-1.0,,0.0,10,0
549159******8988,2015-05-05 10:49:23,67.2,No,0,1,2015-05-05 10:28:05,21.3,268.8,-0.75,10,0
549159******9527,2015-05-08 21:06:55,336.0,No,0,0,,-1.0,,0.0,21,0
549159******9538,2015-05-18 10:02:21,67.2,No,0,0,,-1.0,,0.0,10,0
549159******9635,2015-05-08 21:23:10,336.0,No,0,0,,-1.0,,0.0,21,0
549159******9652,2015-05-20 16:10:02,161.0,No,0,0,,-1.0,,0.0,16,0
549159******9652,2015-05-20 16:40:26,69.0,No,0,1,2015-05-20 16:10:02,30.4,161.0,-0.5714285714285714,16,0
549159******9652,2015-05-20 16:48:44,57.5,No,0,2,2015-05-20 16:40:26,8.3,115.0,-0.5,16,0
549159******9652,2015-05-20 17:01:17,34.5,No,0,3,2015-05-20 16:48:44,12.55,95.83333333333333,-0.6399999999999999,17,0
549159******9652,2015-05-21 12:04:19,46.0,No,0,4,2015-05-20 17:01:17,1143.0333333333333,80.5,-0.4285714285714286,12,0
549159******9764,2015-05-09 11:31:36,172.5,No,0,0,,-1.0,,0.0,11,0
549159******9796,2015-05-18 23:46:06,155.25,No,0,0,,-1.0,,0.0,23,1
549159******9809,2015-05-08 12:31:23,34.5,No,0,0,,-1.0,,0.0,12,0
549167******0044,2015-05-20 17:20:22,126.5,No,0,0,,-1.0,,0.0,17,0
549167******0062,2015-05-30 20:38:01,40.0,No,0,0,,-1.0,,0.0,20,0
549167******0062,2015-05-30 20:38:01,40.0,No,0,0,2015-05-30 20:38:01,0.0,40.0,0.0,20,0
549167******0081,2015-05-25 21:44:24,30.0,No,0,0,,-1.0,,0.0,21,0
549167******0102,2015-05-18 20:10:01,80.5,No,0,0,,-1.0,,0.0,20,0
549167******0141,2015-05-10 15:47:20,132.0,No,0,0,,-1.0,,0.0,15,0
549167******0197,2015-05-15 20:24:24,440.0,No,0,0,,-1.0,,0.0,20,0
549167******0202,2015-05-05 16:21:21,104.5,No,0,0,,-1.0,,0.0,16,0
549167******0229,2015-05-07 22:46:20,403.2,No,0,0,,-1.0,,0.0,22,0
549167******0229,2015-05-11 21:03:39,78.4,No,0,0,2015-05-07 22:46:20,5657.316666666667,403.2,-0.8055555555555556,21,0
549167******0263,2015-05-08 10:27:37,34.5,No,0,0,,-1.0,,0.0,10,0
549167******0277,2015-05-29 15:36:41,20.0,No,0,0,,-1.0,,0.0,15,0
549167******0299,2015-05-26 19:14:09,209.0,Yes,1,0,,-1.0,,0.0,19,0
549167******0299,2015-05-26 19:16:56,418.0,Yes,1,1,2015-05-26 19:14:09,2.783333333333333,209.0,1.0,19,0
549167******0346,2015-05-07 10:44:29,176.0,No,0,0,,-1.0,,0.0,10,0
549167******0417,2015-05-04 21:00:34,89.6,No,0,0,,-1.0,,0.0,21,0
549167******0417,2015-05-09 10:49:58,100.8,No,0,0,2015-05-04 21:00:34,6589.4,89.6,0.125,10,0
549167******0460,2015-05-18 10:43:39,58.36,No,0,0,,-1.0,,0.0,10,0
549167******0503,2015-05-25 15:33:48,1260.0,No,0,0,,-1.0,,0.0,15,0
549167******0521,2015-05-08 13:45:57,112.0,No,0,0,,-1.0,,0.0,13,0
549167******0521,2015-05-08 16:39:48,165.0,No,0,1,2015-05-08 13:45:57,173.85,112.0,0.4732142857142858,16,0
549167******0521,2015-05-10 16:58:32,112.0,No,0,0,2015-05-08 16:39:48,2898.733333333333,138.5,-0.19133574007220222,16,0
549167******0535,2015-05-06 11:57:18,138.0,No,0,0,,-1.0,,0.0,11,0
549167******0572,2015-05-13 23:00:41,224.0,No,0,0,,-1.0,,0.0,23,1
549167******0692,2015-05-15 23:01:44,92.0,Yes,1,0,,-1.0,,0.0,23,1
549167******0762,2015-05-28 20:43:27,179.2,No,0,0,,-1.0,,0.0,20,0
549167******0783,2015-05-12 14:24:52,154.0,No,0,0,,-1.0,,0.0,14,0
549167******0798,2015-05-24 21:26:44,88.0,No,0,0,,-1.0,,0.0,21,0
549167******0808,2015-05-10 16:03:01,123.3,No,0,0,,-1.0,,0.0,16,0
549167******0870,2015-05-15 10:35:37,100.8,No,0,0,,-1.0,,0.0,10,0
549167******0870,2015-05-27 21:53:25,99.0,No,0,0,2015-05-15 10:35:37,17957.8,100.8,-0.017857142857142794,21,0
549167******0873,2015-05-15 10:42:46,198.0,No,0,0,,-1.0,,0.0,10,0
549167******0910,2015-05-26 18:39:02,23.0,No,0,0,,-1.0,,0.0,18,0
549167******0969,2015-05-10 22:24:55,230.0,No,0,0,,-1.0,,0.0,22,0
549167******1036,2015-05-19 14:43:44,224.0,No,0,0,,-1.0,,0.0,14,0
549167******1065,2015-05-29 16:28:39,99.0,No,0,0,,-1.0,,0.0,16,0
549167******1077,2015-05-27 00:02:15,50.0,No,0,0,,-1.0,,0.0,0,1
549167******1114,2015-05-20 16:49:06,134.4,No,0,0,,-1.0,,0.0,16,0
549167******1122,2015-05-06 15:06:34,121.0,No,0,0,,-1.0,,0.0,15,0
549167******1128,2015-05-13 13:46:42,46.0,No,0,0,,-1.0,,0.0,13,0
549167******1152,2015-05-12 01:27:37,201.25,No,0,0,,-1.0,,0.0,1,1
549167******1189,2015-05-30 12:53:00,78.4,No,0,0,,-1.0,,0.0,12,0
549167******1251,2015-05-29 22:36:46,121.0,No,0,0,,-1.0,,0.0,22,0
549167******1272,2015-05-15 23:24:17,99.0,No,0,0,,-1.0,,0.0,23,1
549167******1357,2015-05-18 14:42:03,112.0,No,0,0,,-1.0,,0.0,14,0
549167******1371,2015-05-11 12:03:39,156.8,No,0,0,,-1.0,,0.0,12,0
549167******1417,2015-05-01 15:36:51,168.0,No,0,0,,-1.0,,0.0,15,0
549167******1428,2015-05-18 23:51:17,112.0,No,0,0,,-1.0,,0.0,23,1
549167******1448,2015-05-11 19:41:20,44.8,No,0,0,,-1.0,,0.0,19,0
549167******1513,2015-05-15 10:12:20,308.0,No,0,0,,-1.0,,0.0,10,0
549167******1575,2015-05-09 09:16:56,156.8,No,0,0,,-1.0,,0.0,9,0
549167******1630,2015-05-15 23:28:06,89.6,No,0,0,,-1.0,,0.0,23,1
549167******1630,2015-05-18 15:59:45,134.4,No,0,0,2015-05-15 23:28:06,3871.65,89.6,0.5000000000000002,15,0
549167******1648,2015-05-30 23:15:24,20.0,No,0,0,,-1.0,,0.0,23,1
549167******1648,2015-05-30 23:15:24,20.0,No,0,0,2015-05-30 23:15:24,0.0,20.0,0.0,23,1
549167******1652,2015-05-16 01:28:22,264.0,No,0,0,,-1.0,,0.0,1,1
549167******1652,2015-05-30 10:43:46,99.0,No,0,0,2015-05-16 01:28:22,20715.4,264.0,-0.625,10,0
549167******1671,2015-05-11 09:44:45,148.5,No,0,0,,-1.0,,0.0,9,0
549167******1671,2015-05-27 19:04:39,88.0,No,0,0,2015-05-11 09:44:45,23599.9,148.5,-0.40740740740740744,19,0
549167******1682,2015-05-08 23:31:59,220.0,No,0,0,,-1.0,,0.0,23,1
549167******1719,2015-05-16 02:00:49,198.0,No,0,0,,-1.0,,0.0,2,1
549167******1728,2015-05-21 08:14:00,115.0,No,0,0,,-1.0,,0.0,8,0
549167******1728,2015-05-22 00:23:04,46.0,No,0,1,2015-05-21 08:14:00,969.0666666666667,115.0,-0.6,0,1
549167******1766,2015-05-23 22:24:03,20.0,No,0,0,,-1.0,,0.0,22,0
549167******1793,2015-05-28 11:01:06,5.0,No,0,0,,-1.0,,0.0,11,0
549167******1870,2015-05-13 19:40:45,62.1,No,0,0,,-1.0,,0.0,19,0
549167******1920,2015-05-15 08:06:47,154.0,No,0,0,,-1.0,,0.0,8,0
549167******1929,2015-05-26 21:59:23,190.4,No,0,0,,-1.0,,0.0,21,0
549167******1952,2015-05-14 11:32:09,156.8,No,0,0,,-1.0,,0.0,11,0
549167******1971,2015-05-27 02:36:58,53.0,No,0,0,,-1.0,,0.0,2,1
549167******2000,2015-05-18 11:30:11,302.4,No,0,0,,-1.0,,0.0,11,0
549167******2097,2015-05-04 16:56:10,69.0,No,0,0,,-1.0,,0.0,16,0
549167******2122,2015-05-11 20:10:35,224.0,No,0,0,,-1.0,,0.0,20,0
549167******2144,2015-05-04 21:06:48,143.0,No,0,0,,-1.0,,0.0,21,0
549167******2180,2015-05-27 22:19:11,20.0,No,0,0,,-1.0,,0.0,22,0
549167******2199,2015-05-12 12:00:59,78.4,No,0,0,,-1.0,,0.0,12,0
549167******2258,2015-05-06 11:11:33,257.6,No,0,0,,-1.0,,0.0,11,0
549167******2258,2015-05-18 11:40:30,112.0,No,0,0,2015-05-06 11:11:33,17308.95,257.6,-0.5652173913043479,11,0
549167******2401,2015-05-20 10:17:34,135.94,No,0,0,,-1.0,,0.0,10,0
549167******2402,2015-05-14 23:01:27,154.0,No,0,0,,-1.0,,0.0,23,1
549167******2409,2015-05-01 12:13:17,286.0,No,0,0,,-1.0,,0.0,12,0
549167******2411,2015-05-11 19:16:57,67.2,No,0,0,,-1.0,,0.0,19,0
549167******2452,2015-05-26 19:56:07,112.0,No,0,0,,-1.0,,0.0,19,0
549167******2516,2015-05-14 13:36:27,190.4,No,0,0,,-1.0,,0.0,13,0
549167******2547,2015-05-20 10:53:02,168.0,No,0,0,,-1.0,,0.0,10,0
549167******2549,2015-05-29 16:49:05,55.0,No,0,0,,-1.0,,0.0,16,0
549167******2564,2015-05-29 11:08:59,172.5,No,0,0,,-1.0,,0.0,11,0
549167******2569,2015-05-20 22:03:43,10.0,No,0,0,,-1.0,,0.0,22,0
549167******2576,2015-05-04 19:04:23,168.0,No,0,0,,-1.0,,0.0,19,0
549167******2588,2015-05-15 10:00:40,115.0,No,0,0,,-1.0,,0.0,10,0
549167******2690,2015-05-01 19:47:13,57.5,No,0,0,,-1.0,,0.0,19,0
549167******2702,2015-05-29 19:33:55,100.8,No,0,0,,-1.0,,0.0,19,0
549167******2711,2015-05-20 10:27:28,20.0,No,0,0,,-1.0,,0.0,10,0
549167******2733,2015-05-19 18:36:00,126.5,No,0,0,,-1.0,,0.0,18,0
549167******2742,2015-05-28 09:21:26,190.4,No,0,0,,-1.0,,0.0,9,0
549167******2818,2015-05-08 11:39:10,99.0,No,0,0,,-1.0,,0.0,11,0
549167******2819,2015-05-14 19:27:10,145.6,No,0,0,,-1.0,,0.0,19,0
549167******2852,2015-05-19 17:11:14,110.0,No,0,0,,-1.0,,0.0,17,0
549167******2852,2015-05-25 11:20:34,352.0,No,0,0,2015-05-19 17:11:14,8289.333333333334,110.0,2.2,11,0
549167******2916,2015-05-03 17:48:57,336.0,No,0,0,,-1.0,,0.0,17,0
549167******2981,2015-05-28 17:03:08,77.0,No,0,0,,-1.0,,0.0,17,0
549167******2981,2015-05-28 17:05:05,56.0,No,0,1,2015-05-28 17:03:08,1.95,77.0,-0.2727272727272727,17,0
549167******3002,2015-05-29 21:40:09,345.0,No,0,0,,-1.0,,0.0,21,0
549167******3012,2015-05-14 22:42:18,92.0,No,0,0,,-1.0,,0.0,22,0
549167******3012,2015-05-20 23:38:16,30.0,No,0,0,2015-05-14 22:42:18,8695.966666666667,92.0,-0.6739130434782609,23,1
549167******3020,2015-05-27 20:18:05,403.2,No,0,0,,-1.0,,0.0,20,0
549167******3065,2015-05-12 11:20:29,78.4,No,0,0,,-1.0,,0.0,11,0
549167******3073,2015-05-05 17:31:12,220.0,No,0,0,,-1.0,,0.0,17,0
549167******3073,2015-05-06 15:52:42,220.0,No,0,1,2015-05-05 17:31:12,1341.5,220.0,0.0,15,0
549167******3075,2015-05-04 22:37:43,257.6,No,0,0,,-1.0,,0.0,22,0
549167******3148,2015-05-25 15:59:08,15.0,No,0,0,,-1.0,,0.0,15,0
549167******3156,2015-05-08 17:34:11,99.0,No,0,0,,-1.0,,0.0,17,0
549167******3192,2015-05-09 21:54:19,143.0,No,0,0,,-1.0,,0.0,21,0
549167******3192,2015-05-28 19:06:39,132.0,No,0,0,2015-05-09 21:54:19,27192.333333333332,143.0,-0.07692307692307687,19,0
549167******3199,2015-05-09 11:39:09,78.4,No,0,0,,-1.0,,0.0,11,0
549167******3199,2015-05-09 11:42:28,156.8,No,0,1,2015-05-09 11:39:09,3.316666666666667,78.4,1.0,11,0
549167******3202,2015-05-15 21:14:45,132.0,No,0,0,,-1.0,,0.0,21,0
549167******3238,2015-05-07 10:21:36,462.0,No,0,0,,-1.0,,0.0,10,0
549167******3267,2015-05-26 20:50:04,172.5,No,0,0,,-1.0,,0.0,20,0
549167******3286,2015-05-19 13:02:16,15.0,No,0,0,,-1.0,,0.0,13,0
549167******3331,2015-05-10 18:23:06,297.0,No,0,0,,-1.0,,0.0,18,0
549167******3371,2015-05-28 14:06:50,848.0,No,0,0,,-1.0,,0.0,14,0
549167******3371,2015-05-29 16:53:36,201.6,No,0,0,2015-05-28 14:06:50,1606.7666666666667,848.0,-0.7622641509433963,16,0
549167******3374,2015-05-14 23:21:51,154.0,No,0,0,,-1.0,,0.0,23,1
549167******3406,2015-05-16 18:57:52,100.8,No,0,0,,-1.0,,0.0,18,0
549167******3425,2015-05-23 03:52:15,336.0,No,0,0,,-1.0,,0.0,3,1
549167******3443,2015-05-07 18:48:45,143.0,No,0,0,,-1.0,,0.0,18,0
549167******3534,2015-05-11 20:35:18,220.0,No,0,0,,-1.0,,0.0,20,0
549167******3534,2015-05-25 00:18:01,112.0,No,0,0,2015-05-11 20:35:18,18942.716666666667,220.0,-0.49090909090909096,0,1
549167******3536,2015-05-19 16:17:19,224.0,No,0,0,,-1.0,,0.0,16,0
549167******3558,2015-05-29 09:31:21,40.0,No,0,0,,-1.0,,0.0,9,0
549167******3686,2015-05-25 21:22:02,89.6,No,0,0,,-1.0,,0.0,21,0
549167******3714,2015-05-11 17:29:35,308.0,No,0,0,,-1.0,,0.0,17,0
549167******3738,2015-05-15 22:25:04,112.0,Yes,1,0,,-1.0,,0.0,22,0
549167******3749,2015-05-19 12:18:42,15.0,No,0,0,,-1.0,,0.0,12,0
549167******3749,2015-05-23 11:15:30,30.0,No,0,0,2015-05-19 12:18:42,5696.8,15.0,1.0,11,0
549167******3749,2015-05-23 11:32:06,15.0,No,0,1,2015-05-23 11:15:30,16.6,22.5,-0.33333333333333337,11,0
549167******3786,2015-05-27 19:29:24,302.4,No,0,0,,-1.0,,0.0,19,0
549167******3838,2015-05-15 13:24:55,33.0,No,0,0,,-1.0,,0.0,13,0
549167******3890,2015-05-29 18:35:24,69.0,No,0,0,,-1.0,,0.0,18,0
549167******3898,2015-05-04 12:46:19,440.0,No,0,0,,-1.0,,0.0,12,0
549167******3898,2015-05-11 17:30:43,275.0,No,0,0,2015-05-04 12:46:19,10364.4,440.0,-0.375,17,0
549167******4053,2015-05-18 13:23:03,80.5,No,0,0,,-1.0,,0.0,13,0
549167******4061,2015-05-25 21:38:57,224.0,No,0,0,,-1.0,,0.0,21,0
549167******4064,2015-05-26 21:14:48,70.0,No,0,0,,-1.0,,0.0,21,0
549167******4235,2015-05-29 14:10:01,110.0,No,0,0,,-1.0,,0.0,14,0
549167******4263,2015-05-16 19:31:05,57.5,No,0,0,,-1.0,,0.0,19,0
549167******4267,2015-05-15 10:01:18,145.6,No,0,0,,-1.0,,0.0,10,0
549167******4296,2015-05-12 09:55:56,132.25,No,0,0,,-1.0,,0.0,9,0
549167******4393,2015-05-08 19:46:49,69.0,No,0,0,,-1.0,,0.0,19,0
549167******4410,2015-05-22 12:52:00,100.8,No,0,0,,-1.0,,0.0,12,0
549167******4456,2015-05-16 14:34:25,275.0,No,0,0,,-1.0,,0.0,14,0
549167******4495,2015-05-07 10:02:20,115.5,No,0,0,,-1.0,,0.0,10,0
549167******4495,2015-05-07 10:05:04,115.5,No,0,1,2015-05-07 10:02:20,2.7333333333333334,115.5,0.0,10,0
549167******4495,2015-05-28 19:11:59,121.0,No,0,0,2015-05-07 10:05:04,30786.916666666668,115.5,0.04761904761904767,19,0
549167******4495,2015-05-28 19:13:29,121.0,No,0,1,2015-05-28 19:11:59,1.5,117.33333333333333,0.03125,19,0
549167******4498,2015-05-06 11:43:12,257.6,No,0,0,,-1.0,,0.0,11,0
549167******4518,2015-05-18 13:50:35,23.0,No,0,0,,-1.0,,0.0,13,0
549167******4559,2015-05-06 15:57:00,143.0,No,0,0,,-1.0,,0.0,15,0
549167******4662,2015-05-06 13:21:36,132.0,No,0,0,,-1.0,,0.0,13,0
549167******4668,2015-05-04 14:44:39,352.0,No,0,0,,-1.0,,0.0,14,0
549167******4673,2015-05-29 06:22:45,92.0,No,0,0,,-1.0,,0.0,6,0
549167******4750,2015-05-20 14:48:42,15.0,No,0,0,,-1.0,,0.0,14,0
549167******4782,2015-05-13 13:00:34,154.0,No,0,0,,-1.0,,0.0,13,0
549167******4782,2015-05-28 09:40:42,99.0,No,0,0,2015-05-13 13:00:34,21400.133333333335,154.0,-0.3571428571428571,9,0
549167******4792,2015-05-08 23:33:13,34.5,No,0,0,,-1.0,,0.0,23,1
549167******4799,2015-05-18 16:32:04,69.0,No,0,0,,-1.0,,0.0,16,0
549167******4802,2015-05-28 13:39:29,49.5,No,0,0,,-1.0,,0.0,13,0
549167******4834,2015-05-14 17:21:04,246.6,No,0,0,,-1.0,,0.0,17,0
549167******4843,2015-05-21 17:33:34,20.0,No,0,0,,-1.0,,0.0,17,0
549167******4859,2015-05-11 11:05:35,448.0,No,0,0,,-1.0,,0.0,11,0
549167******4859,2015-05-11 17:22:55,190.4,No,0,1,2015-05-11 11:05:35,377.3333333333333,448.0,-0.575,17,0
549167******4932,2015-05-12 11:14:03,77.0,No,0,0,,-1.0,,0.0,11,0
549167******4935,2015-05-12 11:30:35,104.5,No,0,0,,-1.0,,0.0,11,0
549167******5036,2015-05-04 00:03:49,143.0,No,0,0,,-1.0,,0.0,0,1
549167******5070,2015-05-18 18:43:31,179.2,No,0,0,,-1.0,,0.0,18,0
549167******5099,2015-05-06 15:25:57,112.0,No,0,0,,-1.0,,0.0,15,0
549167******5102,2015-05-15 20:19:08,145.6,No,0,0,,-1.0,,0.0,20,0
549167******5122,2015-05-11 21:45:06,78.4,No,0,0,,-1.0,,0.0,21,0
549167******5206,2015-05-05 09:19:44,220.0,No,0,0,,-1.0,,0.0,9,0
549167******5214,2015-05-05 20:30:56,308.0,No,0,0,,-1.0,,0.0,20,0
549167******5236,2015-05-09 00:07:30,336.0,No,0,0,,-1.0,,0.0,0,1
549167******5236,2015-05-20 22:18:19,230.0,No,0,0,2015-05-09 00:07:30,17170.816666666666,336.0,-0.31547619047619047,22,0
549167******5236,2015-05-24 19:39:19,168.0,No,0,0,2015-05-20 22:18:19,5601.0,283.0,-0.40636042402826855,19,0
549167******5281,2015-05-11 13:21:59,77.0,No,0,0,,-1.0,,0.0,13,0
549167******5395,2015-05-24 21:50:40,145.6,No,0,0,,-1.0,,0.0,21,0
549167******5463,2015-05-10 18:00:30,264.0,No,0,0,,-1.0,,0.0,18,0
549167******5498,2015-05-26 16:05:33,89.6,No,0,0,,-1.0,,0.0,16,0
549167******5521,2015-05-12 13:39:58,352.0,No,0,0,,-1.0,,0.0,13,0
549167******5536,2015-05-14 13:42:13,154.0,No,0,0,,-1.0,,0.0,13,0
549167******5537,2015-05-14 21:41:09,145.6,No,0,0,,-1.0,,0.0,21,0
549167******5537,2015-05-15 23:41:44,99.0,No,0,0,2015-05-14 21:41:09,1560.5833333333333,145.6,-0.32005494505494503,23,1
549167******5537,2015-05-26 22:23:27,280.0,No,0,0,2015-05-15 23:41:44,15761.716666666667,122.3,1.2894521668029437,22,0
549167******5563,2015-05-15 10:57:04,70.0,No,0,0,,-1.0,,0.0,10,0
549167******5609,2015-05-11 18:24:35,132.25,No,0,0,,-1.0,,0.0,18,0
549167******5630,2015-05-22 20:33:57,84.0,No,0,0,,-1.0,,0.0,20,0
549167******5786,2015-05-08 20:34:15,156.8,No,0,0,,-1.0,,0.0,20,0
549167******5786,2015-05-09 10:23:29,156.8,No,0,1,2015-05-08 20:34:15,829.2333333333333,156.8,0.0,10,0
549167******5803,2015-05-13 17:33:22,104.5,No,0,0,,-1.0,,0.0,17,0
549167******5820,2015-05-26 11:25:54,156.8,No,0,0,,-1.0,,0.0,11,0
549167******5891,2015-05-05 21:10:36,92.0,No,0,0,,-1.0,,0.0,21,0
549167******6004,2015-05-15 17:58:44,313.5,No,0,0,,-1.0,,0.0,17,0
549167******6004,2015-05-19 12:24:51,25.0,No,0,0,2015-05-15 17:58:44,5426.116666666667,313.5,-0.9202551834130781,12,0
549167******6008,2015-05-28 13:22:07,67.2,No,0,0,,-1.0,,0.0,13,0
549167******6008,2015-05-28 13:28:10,67.2,No,0,1,2015-05-28 13:22:07,6.05,67.2,0.0,13,0
549167******6213,2015-05-14 11:29:35,156.8,No,0,0,,-1.0,,0.0,11,0
549167******6259,2015-05-27 09:28:42,20.0,No,0,0,,-1.0,,0.0,9,0
549167******6274,2015-05-06 22:37:22,88.0,No,0,0,,-1.0,,0.0,22,0
549167******6365,2015-05-15 16:32:46,176.0,No,0,0,,-1.0,,0.0,16,0
549167******6389,2015-05-18 22:39:05,34.5,No,0,0,,-1.0,,0.0,22,0
549167******6522,2015-05-04 14:25:24,143.0,No,0,0,,-1.0,,0.0,14,0
549167******6522,2015-05-30 13:27:57,100.8,No,0,0,2015-05-04 14:25:24,37382.55,143.0,-0.2951048951048951,13,0
549167******6576,2015-05-07 16:39:35,69.0,No,0,0,,-1.0,,0.0,16,0
549167******6576,2015-05-11 13:13:31,78.4,No,0,0,2015-05-07 16:39:35,5553.933333333333,69.0,0.13623188405797104,13,0
549167******6615,2015-05-08 16:11:54,115.0,No,0,0,,-1.0,,0.0,16,0
549167******6623,2015-05-13 19:16:35,99.0,No,0,0,,-1.0,,0.0,19,0
549167******6644,2015-05-29 18:39:28,345.0,No,0,0,,-1.0,,0.0,18,0
549167******6693,2015-05-28 19:35:28,1908.0,No,0,0,,-1.0,,0.0,19,0
549167******6745,2015-05-10 18:13:50,89.6,No,0,0,,-1.0,,0.0,18,0
549167******6755,2015-05-23 19:13:57,10.0,No,0,0,,-1.0,,0.0,19,0
549167******6852,2015-05-23 12:15:50,20.0,No,0,0,,-1.0,,0.0,12,0
549167******6852,2015-05-23 21:16:39,20.0,No,0,1,2015-05-23 12:15:50,540.8166666666667,20.0,0.0,21,0
549167******6854,2015-05-21 07:58:44,15.0,No,0,0,,-1.0,,0.0,7,0
549167******6856,2015-05-15 12:09:01,190.4,No,0,0,,-1.0,,0.0,12,0
549167******6870,2015-05-18 10:57:10,78.4,No,0,0,,-1.0,,0.0,10,0
549167******6876,2015-05-05 00:22:17,34.5,No,0,0,,-1.0,,0.0,0,1
549167******6942,2015-05-30 10:27:06,121.0,No,0,0,,-1.0,,0.0,10,0
549167******6956,2015-05-28 17:03:35,46.0,No,0,0,,-1.0,,0.0,17,0
549167******6988,2015-05-11 21:14:39,436.8,No,0,0,,-1.0,,0.0,21,0
549167******7080,2015-05-11 11:29:16,154.0,No,0,0,,-1.0,,0.0,11,0
549167******7125,2015-05-15 17:55:36,176.0,No,0,0,,-1.0,,0.0,17,0
549167******7133,2015-05-19 14:53:23,224.0,No,0,0,,-1.0,,0.0,14,0
549167******7161,2015-05-12 09:30:46,60.0,No,0,0,,-1.0,,0.0,9,0
549167******7179,2015-05-12 01:47:23,440.0,No,0,0,,-1.0,,0.0,1,1
549167******7182,2015-05-06 11:14:15,201.6,No,0,0,,-1.0,,0.0,11,0
549167******7299,2015-05-22 13:15:48,230.0,No,0,0,,-1.0,,0.0,13,0
549167******7330,2015-05-08 19:43:43,99.0,No,0,0,,-1.0,,0.0,19,0
549167******7373,2015-05-08 16:52:48,336.0,No,0,0,,-1.0,,0.0,16,0
549167******7373,2015-05-09 01:14:29,336.0,No,0,1,2015-05-08 16:52:48,501.68333333333334,336.0,0.0,1,1
549167******7460,2015-05-28 11:35:55,132.0,No,0,0,,-1.0,,0.0,11,0
549167******7498,2015-05-21 17:19:22,10.0,No,0,0,,-1.0,,0.0,17,0
549167******7506,2015-05-07 16:49:28,145.6,No,0,0,,-1.0,,0.0,16,0
549167******7509,2015-05-09 18:13:20,134.4,No,0,0,,-1.0,,0.0,18,0
549167******7553,2015-05-11 20:49:12,154.0,No,0,0,,-1.0,,0.0,20,0
549167******7568,2015-05-11 21:43:49,78.4,No,0,0,,-1.0,,0.0,21,0
549167******7572,2015-05-07 17:49:09,201.6,No,0,0,,-1.0,,0.0,17,0
549167******7572,2015-05-15 19:31:46,168.0,No,0,0,2015-05-07 17:49:09,11622.616666666667,201.6,-0.16666666666666663,19,0
549167******7584,2015-05-13 21:16:34,154.0,No,0,0,,-1.0,,0.0,21,0
549167******7736,2015-05-29 16:06:54,138.0,No,0,0,,-1.0,,0.0,16,0
549167******7787,2015-05-15 14:02:58,198.0,No,0,0,,-1.0,,0.0,14,0
549167******7798,2015-05-06 16:01:46,55.0,No,0,0,,-1.0,,0.0,16,0
549167******7808,2015-05-18 16:06:31,112.0,No,0,0,,-1.0,,0.0,16,0
549167******7842,2015-05-27 18:00:42,268.8,No,0,0,,-1.0,,0.0,18,0
549167******7943,2015-05-07 18:23:15,100.8,No,0,0,,-1.0,,0.0,18,0
549167******7963,2015-05-11 17:19:42,115.0,No,0,0,,-1.0,,0.0,17,0
549167******7963,2015-05-11 17:21:15,115.0,No,0,1,2015-05-11 17:19:42,1.55,115.0,0.0,17,0
549167******8044,2015-05-14 22:01:33,89.6,No,0,0,,-1.0,,0.0,22,0
549167******8055,2015-05-15 16:36:37,145.6,No,0,0,,-1.0,,0.0,16,0
549167******8068,2015-05-13 19:55:23,78.4,No,0,0,,-1.0,,0.0,19,0
549167******8083,2015-05-01 20:03:24,572.0,No,0,0,,-1.0,,0.0,20,0
549167******8152,2015-05-29 16:19:40,46.0,No,0,0,,-1.0,,0.0,16,0
549167******8155,2015-05-22 11:30:45,70.0,No,0,0,,-1.0,,0.0,11,0
549167******8369,2015-05-21 14:58:40,121.0,No,0,0,,-1.0,,0.0,14,0
549167******8400,2015-05-28 19:11:34,44.0,No,0,0,,-1.0,,0.0,19,0
549167******8400,2015-05-28 19:21:47,20.0,No,0,1,2015-05-28 19:11:34,10.216666666666667,44.0,-0.5454545454545454,19,0
549167******8463,2015-05-12 21:37:10,154.0,No,0,0,,-1.0,,0.0,21,0
549167******8484,2015-05-06 17:12:35,143.0,No,0,0,,-1.0,,0.0,17,0
549167******8489,2015-05-15 17:20:57,99.0,No,0,0,,-1.0,,0.0,17,0
549167******8583,2015-05-09 10:17:23,156.8,No,0,0,,-1.0,,0.0,10,0
549167******8648,2015-05-12 13:40:15,154.0,No,0,0,,-1.0,,0.0,13,0
549167******8685,2015-05-20 21:04:23,46.0,No,0,0,,-1.0,,0.0,21,0
549167******8693,2015-05-20 22:26:55,25.0,No,0,0,,-1.0,,0.0,22,0
549167******8717,2015-05-11 18:48:17,77.0,No,0,0,,-1.0,,0.0,18,0
549167******8729,2015-05-14 21:54:47,123.3,No,0,0,,-1.0,,0.0,21,0
549167******8736,2015-05-14 09:12:03,99.0,No,0,0,,-1.0,,0.0,9,0
549167******8783,2015-05-19 15:38:33,560.0,No,0,0,,-1.0,,0.0,15,0
549167******8808,2015-05-12 14:09:49,212.8,No,0,0,,-1.0,,0.0,14,0
549167******8808,2015-05-14 09:13:23,156.8,No,0,0,2015-05-12 14:09:49,2583.5666666666666,212.8,-0.26315789473684215,9,0
549167******8808,2015-05-24 01:17:18,89.6,No,0,0,2015-05-14 09:13:23,13923.916666666666,184.8,-0.5151515151515151,1,1
549167******8808,2015-05-26 23:12:11,89.6,No,0,0,2015-05-24 01:17:18,4194.883333333333,153.0666666666667,-0.41463414634146356,23,1
549167******8825,2015-05-24 13:26:20,138.0,No,0,0,,-1.0,,0.0,13,0
549167******8825,2015-05-25 19:42:44,46.0,No,0,0,2015-05-24 13:26:20,1816.4,138.0,-0.6666666666666667,19,0
549167******8909,2015-05-04 13:41:43,80.5,No,0,0,,-1.0,,0.0,13,0
549167******8912,2015-05-09 13:32:25,123.2,No,0,0,,-1.0,,0.0,13,0
549167******9103,2015-05-07 10:21:06,34.5,No,0,0,,-1.0,,0.0,10,0
549167******9127,2015-05-15 22:10:28,145.6,No,0,0,,-1.0,,0.0,22,0
549167******9158,2015-05-12 22:09:57,187.0,No,0,0,,-1.0,,0.0,22,0
549167******9177,2015-05-20 17:36:45,190.4,No,0,0,,-1.0,,0.0,17,0
549167******9177,2015-05-30 16:54:30,168.0,No,0,0,2015-05-20 17:36:45,14357.75,190.4,-0.11764705882352944,16,0
549167******9177,2015-05-30 16:54:30,168.0,No,0,0,2015-05-30 16:54:30,0.0,179.2,-0.06249999999999989,16,0
549167******9194,2015-05-29 18:59:02,138.0,No,0,0,,-1.0,,0.0,18,0
549167******9198,2015-05-11 18:13:01,78.4,No,0,0,,-1.0,,0.0,18,0
549167******9198,2015-05-21 15:41:46,156.8,No,0,0,2015-05-11 18:13:01,14248.75,78.4,1.0,15,0
549167******9268,2015-05-24 10:27:59,30.0,No,0,0,,-1.0,,0.0,10,0
549167******9285,2015-05-12 08:56:41,78.4,No,0,0,,-1.0,,0.0,8,0
549167******9317,2015-05-30 19:06:30,360.0,No,0,0,,-1.0,,0.0,19,0
549167******9317,2015-05-30 19:06:30,360.0,No,0,0,2015-05-30 19:06:30,0.0,360.0,0.0,19,0
549167******9362,2015-05-28 22:26:49,88.0,No,0,0,,-1.0,,0.0,22,0
549167******9375,2015-05-28 11:12:37,23.0,No,0,0,,-1.0,,0.0,11,0
549167******9455,2015-05-23 15:28:56,10.0,No,0,0,,-1.0,,0.0,15,0
549167******9511,2015-05-19 20:36:53,23.0,No,0,0,,-1.0,,0.0,20,0
549167******9514,2015-05-19 12:06:22,20.0,No,0,0,,-1.0,,0.0,12,0
549167******9605,2015-05-12 13:42:02,230.0,No,0,0,,-1.0,,0.0,13,0
549167******9629,2015-05-06 10:58:45,462.0,No,0,0,,-1.0,,0.0,10,0
549167******9629,2015-05-28 22:55:57,77.0,No,0,0,2015-05-06 10:58:45,32397.2,462.0,-0.8333333333333334,22,0
549167******9642,2015-05-06 20:43:16,104.5,No,0,0,,-1.0,,0.0,20,0
549167******9652,2015-05-07 22:48:04,104.5,No,0,0,,-1.0,,0.0,22,0
549167******9662,2015-05-11 16:33:29,154.0,No,0,0,,-1.0,,0.0,16,0
549167******9662,2015-05-27 19:39:54,172.5,No,0,0,2015-05-11 16:33:29,23226.416666666668,154.0,0.12012987012987009,19,0
549167******9779,2015-05-11 18:33:42,201.25,No,0,0,,-1.0,,0.0,18,0
549167******9779,2015-05-12 21:01:25,110.0,No,0,0,2015-05-11 18:33:42,1587.7166666666667,201.25,-0.45341614906832295,21,0
549167******9779,2015-05-15 18:33:34,115.0,No,0,0,2015-05-12 21:01:25,4172.15,155.625,-0.26104417670682734,18,0
549167******9830,2015-05-18 02:13:56,92.0,No,0,0,,-1.0,,0.0,2,1
549167******9840,2015-05-27 23:17:47,48.0,No,0,0,,-1.0,,0.0,23,1
549167******9859,2015-05-11 21:42:23,78.4,No,0,0,,-1.0,,0.0,21,0
549167******9917,2015-05-29 09:22:19,88.0,No,0,0,,-1.0,,0.0,9,0
549167******9957,2015-05-05 12:22:44,257.6,No,0,0,,-1.0,,0.0,12,0
549167******9973,2015-05-24 11:26:19,20.0,No,0,0,,-1.0,,0.0,11,0
549317******3024,2015-05-19 19:20:43,66.0,No,0,0,,-1.0,,0.0,19,0
549317******3024,2015-05-19 19:22:20,37.42,No,0,1,2015-05-19 19:20:43,1.6166666666666667,66.0,-0.433030303030303,19,0
549317******3024,2015-05-19 19:24:47,13.99,No,0,2,2015-05-19 19:22:20,2.45,51.71,-0.7294527170760008,19,0
549317******3024,2015-05-19 19:25:53,13.99,No,0,3,2015-05-19 19:24:47,1.1,39.13666666666666,-0.6425347074354825,19,0
549317******3024,2015-05-19 19:27:19,13.99,No,0,4,2015-05-19 19:25:53,1.4333333333333333,32.85,-0.5741248097412481,19,0
549317******3024,2015-05-19 19:28:31,13.99,No,0,5,2015-05-19 19:27:19,1.2,29.078000000000003,-0.5188802531123187,19,0
549317******3024,2015-05-19 19:31:04,13.99,No,0,6,2015-05-19 19:28:31,2.55,26.563333333333333,-0.47333416990839505,19,0
549317******3024,2015-05-19 19:32:41,13.99,No,0,7,2015-05-19 19:31:04,1.6166666666666667,24.767142857142858,-0.43513872065524606,19,0
549318******1535,2015-05-15 20:53:06,165.0,No,0,0,,-1.0,,0.0,20,0
549318******2398,2015-05-22 16:02:32,13.5,No,0,0,,-1.0,,0.0,16,0
549318******3708,2015-05-19 23:56:22,112.0,No,0,0,,-1.0,,0.0,23,1
549318******3708,2015-05-20 00:03:25,89.6,No,0,1,2015-05-19 23:56:22,7.05,112.0,-0.20000000000000007,0,1
549318******3708,2015-05-20 00:30:04,112.0,No,0,2,2015-05-20 00:03:25,26.65,100.8,0.11111111111111116,0,1
549318******6974,2015-05-26 19:00:11,46.0,No,0,0,,-1.0,,0.0,19,0
549318******6974,2015-05-26 19:05:18,46.0,No,0,1,2015-05-26 19:00:11,5.116666666666666,46.0,0.0,19,0
549318******8428,2015-05-05 17:50:34,57.5,No,0,0,,-1.0,,0.0,17,0
549319******1289,2015-05-11 21:44:45,132.25,No,0,0,,-1.0,,0.0,21,0
549319******2309,2015-05-14 13:42:37,49.5,No,0,0,,-1.0,,0.0,13,0
549319******2517,2015-05-12 22:59:33,16.5,No,0,0,,-1.0,,0.0,22,0
549319******2832,2015-05-25 14:45:39,46.69,No,0,0,,-1.0,,0.0,14,0
549319******8160,2015-05-08 15:11:09,165.0,No,0,0,,-1.0,,0.0,15,0
549319******8352,2015-05-28 16:38:26,187.0,No,0,0,,-1.0,,0.0,16,0
549319******8420,2015-05-03 13:30:22,184.0,No,0,0,,-1.0,,0.0,13,0
549319******8705,2015-05-22 08:40:19,150.0,No,0,0,,-1.0,,0.0,8,0
549329******0308,2015-05-23 17:12:50,95.2,Yes,1,0,,-1.0,,0.0,17,0
549329******0308,2015-05-23 17:14:15,117.6,Yes,1,1,2015-05-23 17:12:50,1.4166666666666667,95.2,0.23529411764705865,17,0
549329******0308,2015-05-23 17:15:37,117.6,Yes,1,2,2015-05-23 17:14:15,1.3666666666666667,106.4,0.10526315789473673,17,0
549329******0839,2015-05-21 21:49:03,18.34,No,0,0,,-1.0,,0.0,21,0
549329******2137,2015-05-08 22:40:26,62.1,No,0,0,,-1.0,,0.0,22,0
549329******7246,2015-05-20 01:40:42,172.0,No,0,0,,-1.0,,0.0,1,1
549358******5825,2015-05-12 11:51:14,132.25,No,0,0,,-1.0,,0.0,11,0
549359******5193,2015-05-21 15:11:06,150.0,No,0,0,,-1.0,,0.0,15,0
549368******0719,2015-05-15 20:38:51,300.0,Yes,1,0,,-1.0,,0.0,20,0
549368******3492,2015-05-29 13:49:40,121.0,No,0,0,,-1.0,,0.0,13,0
549368******6968,2015-05-29 12:40:33,165.0,No,0,0,,-1.0,,0.0,12,0
549390******8442,2015-05-03 21:02:40,31.59,No,0,0,,-1.0,,0.0,21,0
549391******4214,2015-05-19 08:40:35,341.0,No,0,0,,-1.0,,0.0,8,0
549391******6043,2015-05-26 14:54:57,99.0,No,0,0,,-1.0,,0.0,14,0
549391******6043,2015-05-29 17:50:04,55.0,No,0,0,2015-05-26 14:54:57,4495.116666666667,99.0,-0.4444444444444444,17,0
549391******6167,2015-05-17 18:27:49,51.49,No,0,0,,-1.0,,0.0,18,0
549391******7809,2015-05-07 12:16:28,46.0,No,0,0,,-1.0,,0.0,12,0
549391******8456,2015-05-05 16:29:58,17.51,No,0,0,,-1.0,,0.0,16,0
549391******9841,2015-05-14 20:44:24,92.0,No,0,0,,-1.0,,0.0,20,0
550154******0257,2015-05-19 16:45:26,166.0,No,0,0,,-1.0,,0.0,16,0
550154******7792,2015-05-29 13:32:51,110.0,No,0,0,,-1.0,,0.0,13,0
552072******4829,2015-05-12 10:15:15,132.0,No,0,0,,-1.0,,0.0,10,0
552072******6927,2015-05-13 00:54:23,77.0,No,0,0,,-1.0,,0.0,0,1
552072******7379,2015-05-08 22:24:40,99.0,No,0,0,,-1.0,,0.0,22,0
552072******8480,2015-05-28 19:57:53,154.0,No,0,0,,-1.0,,0.0,19,0
552072******8494,2015-05-29 13:38:13,172.5,No,0,0,,-1.0,,0.0,13,0
552128******0270,2015-05-06 17:35:56,286.0,No,0,0,,-1.0,,0.0,17,0
552128******1038,2015-05-06 09:30:53,341.0,No,0,0,,-1.0,,0.0,9,0
552128******1406,2015-05-25 08:45:36,10.0,No,0,0,,-1.0,,0.0,8,0
552128******1535,2015-05-26 00:47:21,134.4,No,0,0,,-1.0,,0.0,0,1
552128******1818,2015-05-16 19:37:40,713.98,No,0,0,,-1.0,,0.0,19,0
552128******2028,2015-05-30 01:27:02,121.0,No,0,0,,-1.0,,0.0,1,1
552128******2089,2015-05-06 20:53:59,34.5,No,0,0,,-1.0,,0.0,20,0
552128******2094,2015-05-24 15:33:40,89.6,No,0,0,,-1.0,,0.0,15,0
552128******2286,2015-05-12 23:44:28,264.0,No,0,0,,-1.0,,0.0,23,1
552128******2307,2015-05-11 16:30:01,156.8,No,0,0,,-1.0,,0.0,16,0
552128******2338,2015-05-12 22:02:05,77.0,No,0,0,,-1.0,,0.0,22,0
552128******2355,2015-05-13 19:54:54,78.4,No,0,0,,-1.0,,0.0,19,0
552128******2355,2015-05-14 08:29:11,78.4,No,0,1,2015-05-13 19:54:54,754.2833333333333,78.4,0.0,8,0
552128******2355,2015-05-28 18:01:43,77.0,No,0,0,2015-05-14 08:29:11,20732.533333333333,78.4,-0.017857142857142905,18,0
552128******2355,2015-05-28 18:05:21,77.0,No,0,1,2015-05-28 18:01:43,3.6333333333333333,77.93333333333334,-0.011976047904191711,18,0
552128******2355,2015-05-28 18:10:55,67.2,No,0,2,2015-05-28 18:05:21,5.566666666666666,77.7,-0.1351351351351351,18,0
552128******2436,2015-05-12 15:01:13,123.3,No,0,0,,-1.0,,0.0,15,0
552128******2461,2015-05-27 18:53:30,224.0,No,0,0,,-1.0,,0.0,18,0
552128******2806,2015-05-11 09:11:25,209.0,No,0,0,,-1.0,,0.0,9,0
552128******2923,2015-05-06 17:58:46,515.2,No,0,0,,-1.0,,0.0,17,0
552128******3125,2015-05-24 10:36:12,5.0,No,0,0,,-1.0,,0.0,10,0
552128******3219,2015-05-12 14:34:18,62.1,No,0,0,,-1.0,,0.0,14,0
552128******3309,2015-05-20 19:22:35,313.6,No,0,0,,-1.0,,0.0,19,0
552128******3374,2015-05-23 20:37:14,20.0,No,0,0,,-1.0,,0.0,20,0
552128******3432,2015-05-04 14:19:42,34.5,No,0,0,,-1.0,,0.0,14,0
552128******3697,2015-05-06 16:58:37,138.0,No,0,0,,-1.0,,0.0,16,0
552128******3716,2015-05-11 12:04:20,134.4,No,0,0,,-1.0,,0.0,12,0
552128******3984,2015-05-17 23:05:18,112.0,No,0,0,,-1.0,,0.0,23,1
552128******4039,2015-05-04 18:10:09,34.5,No,0,0,,-1.0,,0.0,18,0
552128******4039,2015-05-09 15:26:17,103.5,No,0,0,2015-05-04 18:10:09,7036.133333333333,34.5,2.0,15,0
552128******5137,2015-05-05 14:02:32,143.0,No,0,0,,-1.0,,0.0,14,0
552128******5294,2015-05-10 22:21:27,148.5,No,0,0,,-1.0,,0.0,22,0
552128******5325,2015-05-10 17:01:51,143.0,No,0,0,,-1.0,,0.0,17,0
552128******5590,2015-05-28 17:49:06,132.0,No,0,0,,-1.0,,0.0,17,0
552128******5684,2015-05-25 12:43:28,15.0,No,0,0,,-1.0,,0.0,12,0
552128******5745,2015-05-19 19:44:43,110.0,No,0,0,,-1.0,,0.0,19,0
552128******6684,2015-05-06 23:45:13,179.2,No,0,0,,-1.0,,0.0,23,1
552128******7112,2015-05-07 22:19:36,104.5,No,0,0,,-1.0,,0.0,22,0
552128******7112,2015-05-11 21:57:55,44.8,No,0,0,2015-05-07 22:19:36,5738.316666666667,104.5,-0.5712918660287082,21,0
552128******7181,2015-05-29 15:36:51,1344.0,No,0,0,,-1.0,,0.0,15,0
552128******7181,2015-05-29 15:39:44,896.0,No,0,1,2015-05-29 15:36:51,2.8833333333333333,1344.0,-0.33333333333333337,15,0
552128******7181,2015-05-29 15:40:44,448.0,No,0,2,2015-05-29 15:39:44,1.0,1120.0,-0.6,15,0
552128******7609,2015-05-23 21:42:24,154.0,No,0,0,,-1.0,,0.0,21,0
552128******7834,2015-05-24 18:13:59,25.0,No,0,0,,-1.0,,0.0,18,0
552128******7953,2015-05-09 13:15:37,302.4,No,0,0,,-1.0,,0.0,13,0
552128******7971,2015-05-30 16:13:57,99.0,No,0,0,,-1.0,,0.0,16,0
552128******7971,2015-05-30 16:13:57,99.0,No,0,0,2015-05-30 16:13:57,0.0,99.0,0.0,16,0
552128******8334,2015-05-15 10:27:39,154.0,No,0,0,,-1.0,,0.0,10,0
552128******8416,2015-05-20 00:03:13,23.0,No,0,0,,-1.0,,0.0,0,1
552128******8484,2015-05-07 21:27:24,242.0,No,0,0,,-1.0,,0.0,21,0
552128******8742,2015-05-11 19:08:04,308.0,No,0,0,,-1.0,,0.0,19,0
552128******8829,2015-05-08 11:45:53,88.0,No,0,0,,-1.0,,0.0,11,0
552128******8829,2015-05-28 12:07:03,88.0,No,0,0,2015-05-08 11:45:53,28821.166666666668,88.0,0.0,12,0
552128******9057,2015-05-28 09:36:17,88.0,No,0,0,,-1.0,,0.0,9,0
552128******9398,2015-05-12 22:34:41,176.0,No,0,0,,-1.0,,0.0,22,0
552128******9727,2015-05-06 10:33:21,44.0,No,0,0,,-1.0,,0.0,10,0
552128******9839,2015-05-30 12:57:32,110.0,No,0,0,,-1.0,,0.0,12,0
552128******9870,2015-05-15 13:24:28,198.0,No,0,0,,-1.0,,0.0,13,0
552128******9985,2015-05-11 20:07:18,72.8,No,0,0,,-1.0,,0.0,20,0
552236******0322,2015-05-24 10:55:47,20.0,No,0,0,,-1.0,,0.0,10,0
552236******0616,2015-05-28 11:02:24,67.2,No,0,0,,-1.0,,0.0,11,0
552236******0616,2015-05-28 11:04:09,67.2,No,0,1,2015-05-28 11:02:24,1.75,67.2,0.0,11,0
552236******0699,2015-05-11 19:12:59,78.4,No,0,0,,-1.0,,0.0,19,0
552236******0855,2015-05-04 16:03:00,34.5,No,0,0,,-1.0,,0.0,16,0
552236******0908,2015-05-29 12:01:02,25.0,No,0,0,,-1.0,,0.0,12,0
552236******1056,2015-05-11 20:00:12,154.0,No,0,0,,-1.0,,0.0,20,0
552236******1056,2015-05-12 18:58:18,154.0,No,0,1,2015-05-11 20:00:12,1378.1,154.0,0.0,18,0
552236******1118,2015-05-12 20:33:51,258.5,No,0,0,,-1.0,,0.0,20,0
552236******1197,2015-05-11 17:19:47,154.0,No,0,0,,-1.0,,0.0,17,0
552236******1647,2015-05-05 22:32:26,286.0,No,0,0,,-1.0,,0.0,22,0
552236******1649,2015-05-08 08:28:31,77.0,No,0,0,,-1.0,,0.0,8,0
552236******1649,2015-05-12 22:20:34,77.0,No,0,0,2015-05-08 08:28:31,6592.05,77.0,0.0,22,0
552236******1649,2015-05-15 22:23:53,112.0,No,0,0,2015-05-12 22:20:34,4323.316666666667,77.0,0.4545454545454546,22,0
552236******2298,2015-05-28 10:39:29,100.8,No,0,0,,-1.0,,0.0,10,0
552236******2492,2015-05-24 12:33:07,30.0,No,0,0,,-1.0,,0.0,12,0
552236******2893,2015-05-14 09:35:27,134.4,No,0,0,,-1.0,,0.0,9,0
552236******3097,2015-05-25 09:06:29,30.0,No,0,0,,-1.0,,0.0,9,0
552236******3255,2015-05-23 17:32:16,15.0,No,0,0,,-1.0,,0.0,17,0
552236******3469,2015-05-29 17:19:12,220.0,No,0,0,,-1.0,,0.0,17,0
552236******3640,2015-05-21 14:23:51,46.0,No,0,0,,-1.0,,0.0,14,0
552236******4029,2015-05-24 12:03:19,20.0,No,0,0,,-1.0,,0.0,12,0
552236******4074,2015-05-15 21:51:45,145.6,No,0,0,,-1.0,,0.0,21,0
552236******4799,2015-05-29 23:52:32,99.0,No,0,0,,-1.0,,0.0,23,1
552236******4830,2015-05-09 19:07:40,69.0,No,0,0,,-1.0,,0.0,19,0
552236******5070,2015-05-04 12:26:03,161.0,No,0,0,,-1.0,,0.0,12,0
552236******5204,2015-05-24 18:49:12,89.6,No,0,0,,-1.0,,0.0,18,0
552236******5250,2015-05-24 14:14:37,184.0,No,0,0,,-1.0,,0.0,14,0
552236******5250,2015-05-25 20:38:11,184.0,No,0,0,2015-05-24 14:14:37,1823.5666666666666,184.0,0.0,20,0
552236******5366,2015-05-12 18:23:21,132.25,No,0,0,,-1.0,,0.0,18,0
552236******5485,2015-05-03 22:37:23,48.0,No,0,0,,-1.0,,0.0,22,0
552236******5573,2015-05-12 17:29:32,77.0,No,0,0,,-1.0,,0.0,17,0
552236******5588,2015-05-28 19:11:57,88.0,No,0,0,,-1.0,,0.0,19,0
552236******5813,2015-05-28 16:53:08,34.5,No,0,0,,-1.0,,0.0,16,0
552236******6376,2015-05-29 16:02:17,172.5,No,0,0,,-1.0,,0.0,16,0
552236******6692,2015-05-08 13:54:31,132.0,No,0,0,,-1.0,,0.0,13,0
552236******6974,2015-05-11 15:31:34,104.5,No,0,0,,-1.0,,0.0,15,0
552236******7149,2015-05-28 15:23:46,1908.0,No,0,0,,-1.0,,0.0,15,0
552236******7358,2015-05-12 17:06:40,275.0,No,0,0,,-1.0,,0.0,17,0
552236******7425,2015-05-19 12:36:38,25.0,No,0,0,,-1.0,,0.0,12,0
552236******7480,2015-05-08 18:58:38,99.0,No,0,0,,-1.0,,0.0,18,0
552236******7609,2015-05-15 00:27:40,92.0,No,0,0,,-1.0,,0.0,0,1
552236******7736,2015-05-07 19:19:22,242.0,No,0,0,,-1.0,,0.0,19,0
552236******7815,2015-05-09 09:02:36,484.0,No,0,0,,-1.0,,0.0,9,0
552236******8047,2015-05-03 20:14:34,34.5,No,0,0,,-1.0,,0.0,20,0
552236******8227,2015-05-27 23:09:24,176.0,No,0,0,,-1.0,,0.0,23,1
552236******8459,2015-05-06 21:13:10,104.5,No,0,0,,-1.0,,0.0,21,0
552236******8732,2015-05-18 22:21:37,291.2,No,0,0,,-1.0,,0.0,22,0
552236******8773,2015-05-28 14:48:31,55.82,No,0,0,,-1.0,,0.0,14,0
552236******8786,2015-05-09 13:14:59,62.0,No,0,0,,-1.0,,0.0,13,0
552236******9025,2015-05-16 19:25:04,230.0,No,0,0,,-1.0,,0.0,19,0
552236******9128,2015-05-19 20:49:51,20.0,No,0,0,,-1.0,,0.0,20,0
552236******9632,2015-05-02 13:50:06,220.0,Yes,1,0,,-1.0,,0.0,13,0
552236******9632,2015-05-02 13:51:36,352.0,Yes,1,1,2015-05-02 13:50:06,1.5,220.0,0.6000000000000001,13,0
552236******9632,2015-05-02 13:53:14,352.0,Yes,1,2,2015-05-02 13:51:36,1.6333333333333333,286.0,0.23076923076923084,13,0
552236******9632,2015-05-02 13:54:38,352.0,Yes,1,3,2015-05-02 13:53:14,1.4,308.0,0.1428571428571428,13,0
552236******9806,2015-05-27 19:44:48,172.5,No,0,0,,-1.0,,0.0,19,0
552236******9848,2015-05-15 21:00:30,134.4,No,0,0,,-1.0,,0.0,21,0
552289******0380,2015-05-08 20:18:00,336.0,No,0,0,,-1.0,,0.0,20,0
552289******0598,2015-05-16 14:26:22,52.5,No,0,0,,-1.0,,0.0,14,0
552289******0698,2015-05-29 18:06:03,121.0,No,0,0,,-1.0,,0.0,18,0
552289******0758,2015-05-25 14:36:23,10.0,No,0,0,,-1.0,,0.0,14,0
552289******1091,2015-05-26 09:00:09,630.0,No,0,0,,-1.0,,0.0,9,0
552289******1437,2015-05-28 09:44:00,242.0,No,0,0,,-1.0,,0.0,9,0
552289******2181,2015-05-21 08:48:15,15.0,No,0,0,,-1.0,,0.0,8,0
552289******2499,2015-05-04 19:33:30,99.0,No,0,0,,-1.0,,0.0,19,0
552289******2614,2015-05-06 17:30:26,34.5,No,0,0,,-1.0,,0.0,17,0
552289******2926,2015-05-07 22:25:21,143.0,No,0,0,,-1.0,,0.0,22,0
552289******2989,2015-05-29 22:33:28,99.0,No,0,0,,-1.0,,0.0,22,0
552289******3053,2015-05-04 17:40:36,143.0,No,0,0,,-1.0,,0.0,17,0
552289******3053,2015-05-30 04:43:50,99.0,No,0,0,2015-05-04 17:40:36,36663.23333333333,143.0,-0.3076923076923077,4,1
552289******3084,2015-05-10 15:15:57,291.2,No,0,0,,-1.0,,0.0,15,0
552289******3132,2015-05-13 22:41:43,99.0,No,0,0,,-1.0,,0.0,22,0
552289******3441,2015-05-25 10:47:54,830.0,No,0,0,,-1.0,,0.0,10,0
552289******3550,2015-05-20 23:04:28,1012.0,Yes,1,0,,-1.0,,0.0,23,1
552289******3550,2015-05-20 23:06:02,1012.0,Yes,1,1,2015-05-20 23:04:28,1.5666666666666667,1012.0,0.0,23,1
552289******3550,2015-05-26 01:47:11,106.4,No,0,0,2015-05-20 23:06:02,7361.15,1012.0,-0.8948616600790513,1,1
552289******3550,2015-05-26 19:39:52,203.92,No,0,1,2015-05-26 01:47:11,1072.6833333333334,710.1333333333333,-0.7128426586556516,19,0
552289******3550,2015-05-28 18:48:01,203.92,No,0,0,2015-05-26 19:39:52,2828.15,583.58,-0.6505706158538676,18,0
552289******3599,2015-05-26 18:02:14,360.0,No,0,0,,-1.0,,0.0,18,0
552289******4030,2015-05-05 20:09:03,115.0,No,0,0,,-1.0,,0.0,20,0
552289******4104,2015-05-12 15:25:52,104.5,No,0,0,,-1.0,,0.0,15,0
552289******4224,2015-05-12 22:01:42,55.0,No,0,0,,-1.0,,0.0,22,0
552289******4311,2015-05-06 19:42:18,143.0,No,0,0,,-1.0,,0.0,19,0
552289******4735,2015-05-25 10:45:12,25.0,No,0,0,,-1.0,,0.0,10,0
552289******4923,2015-05-02 18:01:54,73.07,No,0,0,,-1.0,,0.0,18,0
552289******4930,2015-05-15 17:29:22,176.0,No,0,0,,-1.0,,0.0,17,0
552289******4986,2015-05-07 15:51:13,220.0,No,0,0,,-1.0,,0.0,15,0
552289******5249,2015-05-08 14:12:01,336.0,No,0,0,,-1.0,,0.0,14,0
552289******5249,2015-05-08 15:29:47,336.0,No,0,1,2015-05-08 14:12:01,77.76666666666667,336.0,0.0,15,0
552289******5278,2015-05-04 19:24:10,220.0,No,0,0,,-1.0,,0.0,19,0
552289******5383,2015-05-03 20:33:41,168.0,No,0,0,,-1.0,,0.0,20,0
552289******5509,2015-05-09 19:52:10,143.0,No,0,0,,-1.0,,0.0,19,0
552289******5858,2015-05-29 18:44:50,103.5,No,0,0,,-1.0,,0.0,18,0
552289******6038,2015-05-29 21:20:41,55.0,Yes,1,0,,-1.0,,0.0,21,0
552289******6042,2015-05-08 16:01:03,143.0,No,0,0,,-1.0,,0.0,16,0
552289******6125,2015-05-07 23:12:58,143.0,No,0,0,,-1.0,,0.0,23,1
552289******6210,2015-05-03 13:13:52,104.5,No,0,0,,-1.0,,0.0,13,0
552289******6451,2015-05-03 17:38:26,104.5,No,0,0,,-1.0,,0.0,17,0
552289******6686,2015-05-09 13:49:27,246.4,No,0,0,,-1.0,,0.0,13,0
552289******6763,2015-05-07 22:54:57,122.81,No,0,0,,-1.0,,0.0,22,0
552289******6763,2015-05-07 22:57:17,122.81,No,0,1,2015-05-07 22:54:57,2.3333333333333335,122.81,0.0,22,0
552289******6774,2015-05-29 17:11:55,248.4,No,0,0,,-1.0,,0.0,17,0
552289******6881,2015-05-24 17:16:40,55.0,No,0,0,,-1.0,,0.0,17,0
552289******6921,2015-05-17 19:24:58,57.5,No,0,0,,-1.0,,0.0,19,0
552289******7788,2015-05-17 16:08:10,250.0,Yes,1,0,,-1.0,,0.0,16,0
552289******7788,2015-05-17 16:09:23,250.0,Yes,1,1,2015-05-17 16:08:10,1.2166666666666666,250.0,0.0,16,0
552289******7788,2015-05-17 16:10:38,250.0,Yes,1,2,2015-05-17 16:09:23,1.25,250.0,0.0,16,0
552289******7788,2015-05-17 16:11:57,250.0,Yes,1,3,2015-05-17 16:10:38,1.3166666666666667,250.0,0.0,16,0
552289******7788,2015-05-17 16:13:19,250.0,Yes,1,4,2015-05-17 16:11:57,1.3666666666666667,250.0,0.0,16,0
552289******7788,2015-05-17 16:14:34,250.0,Yes,1,5,2015-05-17 16:13:19,1.25,250.0,0.0,16,0
552289******7788,2015-05-17 16:16:24,250.0,Yes,1,6,2015-05-17 16:14:34,1.8333333333333333,250.0,0.0,16,0
552289******7788,2015-05-17 16:17:58,250.0,Yes,1,7,2015-05-17 16:16:24,1.5666666666666667,250.0,0.0,16,0
552289******7788,2015-05-17 16:19:34,250.0,Yes,1,8,2015-05-17 16:17:58,1.6,250.0,0.0,16,0
552289******7788,2015-05-17 16:21:47,250.0,Yes,1,9,2015-05-17 16:19:34,2.216666666666667,250.0,0.0,16,0
552289******7788,2015-05-17 16:23:45,250.0,Yes,1,10,2015-05-17 16:21:47,1.9666666666666666,250.0,0.0,16,0
552289******7788,2015-05-17 16:25:21,250.0,Yes,1,11,2015-05-17 16:23:45,1.6,250.0,0.0,16,0
552289******7788,2015-05-17 16:26:43,250.0,Yes,1,12,2015-05-17 16:25:21,1.3666666666666667,250.0,0.0,16,0
552289******7788,2015-05-17 16:28:03,250.0,Yes,1,13,2015-05-17 16:26:43,1.3333333333333333,250.0,0.0,16,0
552289******7788,2015-05-17 16:29:13,250.0,Yes,1,14,2015-05-17 16:28:03,1.1666666666666667,250.0,0.0,16,0
552289******7788,2015-05-17 16:31:12,250.0,Yes,1,15,2015-05-17 16:29:13,1.9833333333333334,250.0,0.0,16,0
552289******7788,2015-05-17 16:32:31,250.0,Yes,1,16,2015-05-17 16:31:12,1.3166666666666667,250.0,0.0,16,0
552289******7788,2015-05-17 16:33:44,250.0,Yes,1,17,2015-05-17 16:32:31,1.2166666666666666,250.0,0.0,16,0
552289******7788,2015-05-17 16:35:26,250.0,Yes,1,18,2015-05-17 16:33:44,1.7,250.0,0.0,16,0
552289******7788,2015-05-17 16:36:35,250.0,Yes,1,19,2015-05-17 16:35:26,1.15,250.0,0.0,16,0
552289******8070,2015-05-29 09:25:12,15.0,No,0,0,,-1.0,,0.0,9,0
552289******8570,2015-05-27 10:07:31,25.0,No,0,0,,-1.0,,0.0,10,0
552289******8582,2015-05-13 13:52:21,104.5,No,0,0,,-1.0,,0.0,13,0
552289******8640,2015-05-11 12:56:01,89.6,No,0,0,,-1.0,,0.0,12,0
552289******8673,2015-05-15 19:49:00,198.0,No,0,0,,-1.0,,0.0,19,0
552289******8751,2015-05-24 10:41:04,20.0,No,0,0,,-1.0,,0.0,10,0
552289******8751,2015-05-24 10:43:40,20.0,No,0,1,2015-05-24 10:41:04,2.6,20.0,0.0,10,0
552289******8887,2015-05-13 17:57:19,99.0,No,0,0,,-1.0,,0.0,17,0
552289******8894,2015-05-02 20:57:44,143.0,No,0,0,,-1.0,,0.0,20,0
552289******9262,2015-05-21 09:43:08,20.0,No,0,0,,-1.0,,0.0,9,0
552289******9262,2015-05-22 19:20:30,5.0,No,0,0,2015-05-21 09:43:08,2017.3666666666666,20.0,-0.75,19,0
552289******9767,2015-05-24 11:56:15,30.0,No,0,0,,-1.0,,0.0,11,0
552297******0265,2015-05-13 19:59:15,69.0,No,0,0,,-1.0,,0.0,19,0
552297******0566,2015-05-11 12:06:34,89.6,No,0,0,,-1.0,,0.0,12,0
552297******0905,2015-05-27 20:56:51,67.2,No,0,0,,-1.0,,0.0,20,0
552297******1648,2015-05-13 16:00:37,55.0,No,0,0,,-1.0,,0.0,16,0
552297******2431,2015-05-19 14:04:38,30.0,No,0,0,,-1.0,,0.0,14,0
552297******2690,2015-05-04 00:55:49,143.0,No,0,0,,-1.0,,0.0,0,1
552297******3658,2015-05-29 22:56:32,88.0,No,0,0,,-1.0,,0.0,22,0
552297******3832,2015-05-11 18:59:45,132.25,No,0,0,,-1.0,,0.0,18,0
552297******3832,2015-05-13 07:51:39,154.0,No,0,0,2015-05-11 18:59:45,2211.9,132.25,0.16446124763705106,7,0
552297******3832,2015-05-13 18:55:44,154.0,No,0,1,2015-05-13 07:51:39,664.0833333333334,143.125,0.07598253275109168,18,0
552297******3912,2015-05-03 19:30:45,104.5,No,0,0,,-1.0,,0.0,19,0
552297******4450,2015-05-20 10:29:21,134.4,No,0,0,,-1.0,,0.0,10,0
552297******4657,2015-05-11 17:25:10,825.0,No,0,0,,-1.0,,0.0,17,0
552297******4657,2015-05-13 18:04:32,275.0,No,0,0,2015-05-11 17:25:10,2919.366666666667,825.0,-0.6666666666666667,18,0
552297******5202,2015-05-28 16:43:55,2120.0,No,0,0,,-1.0,,0.0,16,0
552297******5487,2015-05-29 19:32:53,121.0,No,0,0,,-1.0,,0.0,19,0
552297******5668,2015-05-13 14:02:05,134.4,No,0,0,,-1.0,,0.0,14,0
552297******5871,2015-05-28 23:37:28,99.0,No,0,0,,-1.0,,0.0,23,1
552297******7344,2015-05-08 13:25:15,99.0,No,0,0,,-1.0,,0.0,13,0
552297******7440,2015-05-14 00:49:32,302.4,No,0,0,,-1.0,,0.0,0,1
552297******8212,2015-05-14 22:04:03,100.8,No,0,0,,-1.0,,0.0,22,0
552297******9831,2015-05-29 13:35:42,132.0,No,0,0,,-1.0,,0.0,13,0
552305******0083,2015-05-24 12:04:39,30.0,No,0,0,,-1.0,,0.0,12,0
552305******0095,2015-05-28 20:59:40,88.0,No,0,0,,-1.0,,0.0,20,0
552305******0173,2015-05-11 10:45:39,156.8,No,0,0,,-1.0,,0.0,10,0
552305******0210,2015-05-12 23:20:20,78.4,No,0,0,,-1.0,,0.0,23,1
552305******0394,2015-05-08 12:59:30,88.0,No,0,0,,-1.0,,0.0,12,0
552305******0495,2015-05-14 15:20:16,154.0,No,0,0,,-1.0,,0.0,15,0
552305******0652,2015-05-29 09:32:07,132.0,No,0,0,,-1.0,,0.0,9,0
552305******0687,2015-05-27 21:36:43,88.0,No,0,0,,-1.0,,0.0,21,0
552305******0689,2015-05-15 14:46:12,115.0,No,0,0,,-1.0,,0.0,14,0
552305******0740,2015-05-06 21:25:32,88.0,No,0,0,,-1.0,,0.0,21,0
552305******0740,2015-05-27 18:02:17,88.0,No,0,0,2015-05-06 21:25:32,30036.75,88.0,0.0,18,0
552305******0809,2015-05-15 13:42:49,77.0,No,0,0,,-1.0,,0.0,13,0
552305******0916,2015-05-16 16:39:30,115.0,No,0,0,,-1.0,,0.0,16,0
552305******1025,2015-05-09 09:42:17,92.0,No,0,0,,-1.0,,0.0,9,0
552305******1068,2015-05-20 20:13:31,84.0,No,0,0,,-1.0,,0.0,20,0
552305******1133,2015-05-28 17:01:20,77.0,No,0,0,,-1.0,,0.0,17,0
552305******1133,2015-05-28 17:03:49,56.0,No,0,1,2015-05-28 17:01:20,2.4833333333333334,77.0,-0.2727272727272727,17,0
552305******1386,2015-05-08 07:39:14,62.1,No,0,0,,-1.0,,0.0,7,0
552305******1561,2015-05-13 22:03:31,99.0,No,0,0,,-1.0,,0.0,22,0
552305******1561,2015-05-13 22:05:15,99.0,No,0,1,2015-05-13 22:03:31,1.7333333333333334,99.0,0.0,22,0
552305******1561,2015-05-14 14:49:13,99.0,No,0,2,2015-05-13 22:05:15,1003.9666666666667,99.0,0.0,14,0
552305******1761,2015-05-06 20:50:36,144.0,No,0,0,,-1.0,,0.0,20,0
552305******1766,2015-05-15 20:52:53,198.0,No,0,0,,-1.0,,0.0,20,0
552305******1932,2015-05-12 09:58:01,154.0,No,0,0,,-1.0,,0.0,9,0
552305******2045,2015-05-15 23:43:18,231.0,No,0,0,,-1.0,,0.0,23,1
552305******2060,2015-05-12 16:28:41,209.0,No,0,0,,-1.0,,0.0,16,0
552305******2292,2015-05-25 11:21:36,1460.0,No,0,0,,-1.0,,0.0,11,0
552305******2340,2015-05-07 21:10:56,220.0,No,0,0,,-1.0,,0.0,21,0
552305******2480,2015-05-14 11:23:16,78.4,No,0,0,,-1.0,,0.0,11,0
552305******2512,2015-05-28 20:46:10,99.0,No,0,0,,-1.0,,0.0,20,0
552305******3034,2015-05-11 09:09:33,67.2,No,0,0,,-1.0,,0.0,9,0
552305******3034,2015-05-15 12:34:33,154.0,No,0,0,2015-05-11 09:09:33,5965.0,67.2,1.2916666666666665,12,0
552305******3141,2015-05-14 10:47:04,154.0,No,0,0,,-1.0,,0.0,10,0
552305******3263,2015-05-02 16:27:49,110.0,No,0,0,,-1.0,,0.0,16,0
552305******3271,2015-05-06 18:15:18,77.0,No,0,0,,-1.0,,0.0,18,0
552305******3343,2015-05-16 19:07:04,2141.94,No,0,0,,-1.0,,0.0,19,0
552305******3580,2015-05-08 18:40:00,336.0,No,0,0,,-1.0,,0.0,18,0
552305******3641,2015-05-09 10:38:36,143.0,No,0,0,,-1.0,,0.0,10,0
552305******3703,2015-05-19 23:27:42,302.4,No,0,0,,-1.0,,0.0,23,1
552305******3918,2015-05-25 17:23:01,40.0,No,0,0,,-1.0,,0.0,17,0
552305******4144,2015-05-11 15:33:01,134.4,No,0,0,,-1.0,,0.0,15,0
552305******4185,2015-05-22 16:43:46,250.0,No,0,0,,-1.0,,0.0,16,0
552305******4185,2015-05-22 17:26:26,250.0,No,0,1,2015-05-22 16:43:46,42.666666666666664,250.0,0.0,17,0
552305******4263,2015-05-29 14:39:22,195.5,No,0,0,,-1.0,,0.0,14,0
552305******4350,2015-05-19 22:29:49,10.0,No,0,0,,-1.0,,0.0,22,0
552305******4402,2015-05-15 18:32:18,176.0,No,0,0,,-1.0,,0.0,18,0
552305******4531,2015-05-02 10:46:13,112.0,No,0,0,,-1.0,,0.0,10,0
552305******4538,2015-05-14 15:18:51,104.5,No,0,0,,-1.0,,0.0,15,0
552305******4545,2015-05-11 16:03:01,104.5,No,0,0,,-1.0,,0.0,16,0
552305******4593,2015-05-15 17:29:42,198.0,No,0,0,,-1.0,,0.0,17,0
552305******4593,2015-05-15 19:16:50,275.0,No,0,1,2015-05-15 17:29:42,107.13333333333334,198.0,0.38888888888888884,19,0
552305******4700,2015-05-11 17:20:06,154.0,No,0,0,,-1.0,,0.0,17,0
552305******4766,2015-05-15 00:06:22,154.0,Yes,1,0,,-1.0,,0.0,0,1
552305******4766,2015-05-15 00:18:30,154.0,No,0,1,2015-05-15 00:06:22,12.133333333333333,154.0,0.0,0,1
552305******4774,2015-05-19 08:27:39,380.8,No,0,0,,-1.0,,0.0,8,0
552305******4774,2015-05-19 10:04:15,336.0,No,0,1,2015-05-19 08:27:39,96.6,380.8,-0.11764705882352944,10,0
552305******4807,2015-05-05 22:37:22,257.6,No,0,0,,-1.0,,0.0,22,0
552305******4833,2015-05-21 08:26:20,89.6,No,0,0,,-1.0,,0.0,8,0
552305******4933,2015-05-14 13:04:35,154.0,No,0,0,,-1.0,,0.0,13,0
552305******4966,2015-05-18 06:41:37,67.2,No,0,0,,-1.0,,0.0,6,0
552305******5047,2015-05-27 19:34:50,121.0,No,0,0,,-1.0,,0.0,19,0
552305******5089,2015-05-05 21:12:57,45.2,No,0,0,,-1.0,,0.0,21,0
552305******5439,2015-05-14 19:50:02,154.0,No,0,0,,-1.0,,0.0,19,0
552305******5567,2015-05-08 20:21:16,336.0,No,0,0,,-1.0,,0.0,20,0
552305******5675,2015-05-25 12:34:58,1260.0,No,0,0,,-1.0,,0.0,12,0
552305******5871,2015-05-09 13:19:29,319.0,No,0,0,,-1.0,,0.0,13,0
552305******5874,2015-05-10 14:24:20,55.0,No,0,0,,-1.0,,0.0,14,0
552305******5874,2015-05-29 21:07:44,88.0,No,0,0,2015-05-10 14:24:20,27763.4,55.0,0.6000000000000001,21,0
552305******6004,2015-05-05 16:10:20,143.0,No,0,0,,-1.0,,0.0,16,0
552305******6040,2015-05-09 18:27:29,70.03,No,0,0,,-1.0,,0.0,18,0
552305******6087,2015-05-05 19:22:07,168.0,No,0,0,,-1.0,,0.0,19,0
552305******6223,2015-05-13 18:00:36,154.0,No,0,0,,-1.0,,0.0,18,0
552305******6235,2015-05-16 15:01:46,275.0,No,0,0,,-1.0,,0.0,15,0
552305******6238,2015-05-14 21:18:15,77.0,No,0,0,,-1.0,,0.0,21,0
552305******6238,2015-05-15 15:56:45,77.0,No,0,1,2015-05-14 21:18:15,1118.5,77.0,0.0,15,0
552305******6262,2015-05-03 17:48:28,161.0,No,0,0,,-1.0,,0.0,17,0
552305******6519,2015-05-12 15:49:52,154.0,No,0,0,,-1.0,,0.0,15,0
552305******6582,2015-05-11 23:57:51,154.0,No,0,0,,-1.0,,0.0,23,1
552305******6719,2015-05-15 19:41:01,77.0,No,0,0,,-1.0,,0.0,19,0
552305******6723,2015-05-13 18:02:54,104.5,No,0,0,,-1.0,,0.0,18,0
552305******6756,2015-05-11 15:53:09,104.5,No,0,0,,-1.0,,0.0,15,0
552305******7495,2015-05-12 20:04:03,55.0,No,0,0,,-1.0,,0.0,20,0
552305******7757,2015-05-28 20:52:25,176.0,No,0,0,,-1.0,,0.0,20,0
552305******7843,2015-05-12 19:02:55,44.8,No,0,0,,-1.0,,0.0,19,0
552305******7843,2015-05-28 19:16:23,77.0,No,0,0,2015-05-12 19:02:55,23053.466666666667,44.8,0.71875,19,0
552305******7932,2015-05-14 23:11:24,231.0,No,0,0,,-1.0,,0.0,23,1
552305******7961,2015-05-07 20:09:38,88.0,No,0,0,,-1.0,,0.0,20,0
552305******7998,2015-05-15 00:30:07,100.8,No,0,0,,-1.0,,0.0,0,1
552305******8060,2015-05-23 22:56:27,268.8,No,0,0,,-1.0,,0.0,22,0
552305******8364,2015-05-11 22:21:35,154.0,No,0,0,,-1.0,,0.0,22,0
552305******8478,2015-05-09 20:19:15,143.0,No,0,0,,-1.0,,0.0,20,0
552305******8478,2015-05-11 22:16:28,154.0,No,0,0,2015-05-09 20:19:15,2997.2166666666667,143.0,0.07692307692307687,22,0
552305******8729,2015-05-12 13:38:42,154.0,No,0,0,,-1.0,,0.0,13,0
552305******8841,2015-05-08 20:46:18,336.0,No,0,0,,-1.0,,0.0,20,0
552305******8888,2015-05-26 22:34:33,380.8,No,0,0,,-1.0,,0.0,22,0
552305******8934,2015-05-07 21:13:56,672.0,No,0,0,,-1.0,,0.0,21,0
552305******8967,2015-05-25 10:05:29,630.0,No,0,0,,-1.0,,0.0,10,0
552305******9093,2015-05-04 18:29:45,143.0,No,0,0,,-1.0,,0.0,18,0
552305******9376,2015-05-08 18:57:42,143.0,No,0,0,,-1.0,,0.0,18,0
552305******9376,2015-05-22 11:15:38,67.2,No,0,0,2015-05-08 18:57:42,19697.933333333334,143.0,-0.5300699300699301,11,0
552305******9467,2015-05-08 09:38:50,88.0,No,0,0,,-1.0,,0.0,9,0
552305******9467,2015-05-28 15:39:57,88.0,No,0,0,2015-05-08 09:38:50,29161.116666666665,88.0,0.0,15,0
552305******9629,2015-05-08 11:29:30,336.0,No,0,0,,-1.0,,0.0,11,0
552305******9629,2015-05-15 22:27:17,132.0,No,0,0,2015-05-08 11:29:30,10737.783333333333,336.0,-0.6071428571428572,22,0
552305******9773,2015-05-11 21:59:13,154.0,No,0,0,,-1.0,,0.0,21,0
552305******9819,2015-05-08 10:49:57,672.0,Yes,1,0,,-1.0,,0.0,10,0
552316******0289,2015-05-19 21:41:43,121.0,No,0,0,,-1.0,,0.0,21,0
552316******0917,2015-05-19 17:53:46,92.0,No,0,0,,-1.0,,0.0,17,0
552316******1103,2015-05-25 00:57:39,112.0,No,0,0,,-1.0,,0.0,0,1
552316******2218,2015-05-05 16:57:11,110.0,No,0,0,,-1.0,,0.0,16,0
552316******2218,2015-05-12 18:28:42,154.0,No,0,0,2015-05-05 16:57:11,10171.516666666666,110.0,0.3999999999999999,18,0
552316******2521,2015-05-14 12:04:42,78.4,No,0,0,,-1.0,,0.0,12,0
552316******2781,2015-05-07 12:54:39,268.8,No,0,0,,-1.0,,0.0,12,0
552316******2916,2015-05-28 18:26:27,121.0,No,0,0,,-1.0,,0.0,18,0
552316******3469,2015-05-12 09:06:42,78.4,No,0,0,,-1.0,,0.0,9,0
552316******3596,2015-05-29 23:21:55,280.0,No,0,0,,-1.0,,0.0,23,1
552316******5004,2015-05-19 17:36:08,15.0,No,0,0,,-1.0,,0.0,17,0
552316******5069,2015-05-29 16:41:24,99.0,No,0,0,,-1.0,,0.0,16,0
552316******5397,2015-05-27 21:22:45,80.5,No,0,0,,-1.0,,0.0,21,0
552316******5884,2015-05-03 15:43:28,246.6,No,0,0,,-1.0,,0.0,15,0
552316******6133,2015-05-13 12:23:50,104.5,No,0,0,,-1.0,,0.0,12,0
552316******6133,2015-05-30 00:28:43,132.0,No,0,0,2015-05-13 12:23:50,23764.883333333335,104.5,0.26315789473684204,0,1
552316******6564,2015-05-11 10:47:52,78.4,No,0,0,,-1.0,,0.0,10,0
552316******6679,2015-05-15 20:28:24,57.5,No,0,0,,-1.0,,0.0,20,0
552316******6832,2015-05-12 19:15:33,132.0,No,0,0,,-1.0,,0.0,19,0
552316******7170,2015-05-24 21:10:50,268.8,No,0,0,,-1.0,,0.0,21,0
552316******8160,2015-05-12 20:49:25,440.0,No,0,0,,-1.0,,0.0,20,0
552316******8404,2015-05-28 21:38:31,99.0,No,0,0,,-1.0,,0.0,21,0
552316******8551,2015-05-09 20:49:17,286.0,No,0,0,,-1.0,,0.0,20,0
552316******9236,2015-05-08 09:25:11,145.6,No,0,0,,-1.0,,0.0,9,0
552640******0692,2015-05-14 19:14:28,110.0,No,0,0,,-1.0,,0.0,19,0
552640******1810,2015-05-21 20:00:57,210.0,Yes,1,0,,-1.0,,0.0,20,0
552640******2270,2015-05-20 12:21:30,35.0,No,0,0,,-1.0,,0.0,12,0
552640******3922,2015-05-06 23:25:17,69.0,No,0,0,,-1.0,,0.0,23,1
552640******3955,2015-05-19 11:35:48,156.8,No,0,0,,-1.0,,0.0,11,0
552640******5460,2015-05-27 09:58:37,330.0,No,0,0,,-1.0,,0.0,9,0
552640******8075,2015-05-28 19:21:00,172.5,No,0,0,,-1.0,,0.0,19,0
552640******8504,2015-05-28 23:18:01,77.0,No,0,0,,-1.0,,0.0,23,1
552640******9182,2015-05-29 21:36:54,88.0,No,0,0,,-1.0,,0.0,21,0
552640******9862,2015-05-20 07:06:22,89.6,No,0,0,,-1.0,,0.0,7,0
552668******0987,2015-05-24 12:56:13,103.5,No,0,0,,-1.0,,0.0,12,0
552668******1605,2015-05-25 14:42:24,15.0,No,0,0,,-1.0,,0.0,14,0
552668******2234,2015-05-05 12:57:38,36.66,No,0,0,,-1.0,,0.0,12,0
552668******2325,2015-05-07 17:25:13,23.0,No,0,0,,-1.0,,0.0,17,0
552668******2355,2015-05-12 21:32:23,308.0,No,0,0,,-1.0,,0.0,21,0
552668******3184,2015-05-11 13:06:40,33.0,No,0,0,,-1.0,,0.0,13,0
552668******8910,2015-05-22 16:03:40,103.5,No,0,0,,-1.0,,0.0,16,0
552693******2277,2015-05-07 19:29:15,88.0,No,0,0,,-1.0,,0.0,19,0
552693******2277,2015-05-30 12:14:46,88.0,No,0,0,2015-05-07 19:29:15,32685.516666666666,88.0,0.0,12,0
552693******3333,2015-05-08 21:30:47,70.0,No,0,0,,-1.0,,0.0,21,0
552693******3618,2015-05-13 14:21:07,77.0,No,0,0,,-1.0,,0.0,14,0
552693******7895,2015-05-07 15:00:19,88.0,No,0,0,,-1.0,,0.0,15,0
552693******7895,2015-05-13 20:14:27,154.0,No,0,0,2015-05-07 15:00:19,8954.133333333333,88.0,0.75,20,0
552693******7895,2015-05-28 15:18:23,88.0,No,0,0,2015-05-13 20:14:27,21303.933333333334,121.0,-0.2727272727272727,15,0
552693******7895,2015-05-28 15:21:38,121.0,No,0,1,2015-05-28 15:18:23,3.25,110.0,0.10000000000000009,15,0
552693******7895,2015-05-28 16:50:01,172.5,No,0,2,2015-05-28 15:21:38,88.38333333333334,112.75,0.5299334811529934,16,0
553624******5203,2015-05-18 14:03:05,134.4,No,0,0,,-1.0,,0.0,14,0
553636******0031,2015-05-28 21:22:50,99.0,No,0,0,,-1.0,,0.0,21,0
553636******0190,2015-05-12 19:26:34,89.6,No,0,0,,-1.0,,0.0,19,0
553636******0190,2015-05-12 19:28:51,55.0,No,0,1,2015-05-12 19:26:34,2.283333333333333,89.6,-0.3861607142857143,19,0
553636******0336,2015-05-03 22:31:47,66.0,No,0,0,,-1.0,,0.0,22,0
553636******0336,2015-05-22 18:52:17,132.0,No,0,0,2015-05-03 22:31:47,27140.5,66.0,1.0,18,0
553636******0580,2015-05-27 00:36:53,15.0,No,0,0,,-1.0,,0.0,0,1
553636******0914,2015-05-30 23:01:12,15.0,No,0,0,,-1.0,,0.0,23,1
553636******0914,2015-05-30 23:01:12,15.0,No,0,0,2015-05-30 23:01:12,0.0,15.0,0.0,23,1
553636******1077,2015-05-08 20:23:11,88.0,No,0,0,,-1.0,,0.0,20,0
553636******1115,2015-05-05 14:09:43,92.0,No,0,0,,-1.0,,0.0,14,0
553636******1176,2015-05-14 21:05:42,154.0,No,0,0,,-1.0,,0.0,21,0
553636******1232,2015-05-25 21:38:44,67.2,No,0,0,,-1.0,,0.0,21,0
553636******1239,2015-05-08 15:30:35,110.0,No,0,0,,-1.0,,0.0,15,0
553636******1442,2015-05-08 22:32:40,336.0,No,0,0,,-1.0,,0.0,22,0
553636******1526,2015-05-03 17:42:31,1030.4,No,0,0,,-1.0,,0.0,17,0
553636******1545,2015-05-11 19:40:27,154.0,No,0,0,,-1.0,,0.0,19,0
553636******1677,2015-05-26 00:58:01,30.0,No,0,0,,-1.0,,0.0,0,1
553636******1839,2015-05-22 13:01:46,67.2,No,0,0,,-1.0,,0.0,13,0
553636******1921,2015-05-22 15:57:38,330.0,Yes,1,0,,-1.0,,0.0,15,0
553636******2061,2015-05-28 08:57:34,88.0,No,0,0,,-1.0,,0.0,8,0
553636******2531,2015-05-25 10:04:29,1460.0,No,0,0,,-1.0,,0.0,10,0
553636******2651,2015-05-07 10:02:46,176.0,No,0,0,,-1.0,,0.0,10,0
553636******2741,2015-05-10 22:19:24,148.5,No,0,0,,-1.0,,0.0,22,0
553636******2807,2015-05-04 17:53:42,143.0,No,0,0,,-1.0,,0.0,17,0
553636******2819,2015-05-17 16:45:44,84.0,No,0,0,,-1.0,,0.0,16,0
553636******3064,2015-05-11 23:12:51,154.0,No,0,0,,-1.0,,0.0,23,1
553636******3064,2015-05-14 14:20:35,154.0,No,0,0,2015-05-11 23:12:51,3787.733333333333,154.0,0.0,14,0
553636******3151,2015-05-08 15:08:55,34.5,No,0,0,,-1.0,,0.0,15,0
553636******3183,2015-05-08 20:30:57,336.0,No,0,0,,-1.0,,0.0,20,0
553636******3798,2015-05-11 22:37:35,154.0,No,0,0,,-1.0,,0.0,22,0
553636******3946,2015-05-29 12:11:51,99.0,No,0,0,,-1.0,,0.0,12,0
553636******3984,2015-05-07 10:10:00,176.0,No,0,0,,-1.0,,0.0,10,0
553636******4042,2015-05-12 18:57:38,44.8,No,0,0,,-1.0,,0.0,18,0
553636******4042,2015-05-29 17:20:54,77.0,No,0,0,2015-05-12 18:57:38,24383.266666666666,44.8,0.71875,17,0
553636******4303,2015-05-16 16:11:57,440.0,No,0,0,,-1.0,,0.0,16,0
553636******4405,2015-05-08 11:38:30,55.0,No,0,0,,-1.0,,0.0,11,0
553636******4440,2015-05-24 15:38:50,112.0,No,0,0,,-1.0,,0.0,15,0
553636******4452,2015-05-04 16:56:31,168.0,No,0,0,,-1.0,,0.0,16,0
553636******4490,2015-05-12 14:11:37,276.0,No,0,0,,-1.0,,0.0,14,0
553636******4582,2015-05-29 13:30:39,385.0,No,0,0,,-1.0,,0.0,13,0
553636******4632,2015-05-24 09:20:08,30.0,No,0,0,,-1.0,,0.0,9,0
553636******4815,2015-05-15 18:51:34,154.0,No,0,0,,-1.0,,0.0,18,0
553636******4996,2015-05-27 19:05:25,99.0,No,0,0,,-1.0,,0.0,19,0
553636******4996,2015-05-27 19:52:55,99.0,No,0,1,2015-05-27 19:05:25,47.5,99.0,0.0,19,0
553636******5144,2015-05-15 17:21:21,198.0,No,0,0,,-1.0,,0.0,17,0
553636******5186,2015-05-07 10:44:13,121.0,No,0,0,,-1.0,,0.0,10,0
553636******5243,2015-05-13 19:23:06,78.4,No,0,0,,-1.0,,0.0,19,0
553636******5363,2015-05-20 10:50:31,20.0,No,0,0,,-1.0,,0.0,10,0
553636******5548,2015-05-25 20:24:15,1460.0,No,0,0,,-1.0,,0.0,20,0
553636******5605,2015-05-06 10:35:04,103.5,No,0,0,,-1.0,,0.0,10,0
553636******5605,2015-05-07 10:01:32,115.5,No,0,1,2015-05-06 10:35:04,1406.4666666666667,103.5,0.11594202898550732,10,0
553636******5997,2015-05-11 12:54:19,89.6,No,0,0,,-1.0,,0.0,12,0
553636******5997,2015-05-11 13:00:54,44.8,No,0,1,2015-05-11 12:54:19,6.583333333333333,89.6,-0.5,13,0
553636******5997,2015-05-24 21:39:06,56.0,No,0,0,2015-05-11 13:00:54,19238.2,67.19999999999999,-0.16666666666666652,21,0
553636******6092,2015-05-11 13:12:23,44.8,No,0,0,,-1.0,,0.0,13,0
553636******6152,2015-05-06 14:31:39,515.2,No,0,0,,-1.0,,0.0,14,0
553636******6180,2015-05-09 14:54:09,143.0,No,0,0,,-1.0,,0.0,14,0
553636******6180,2015-05-11 10:25:22,148.5,No,0,0,2015-05-09 14:54:09,2611.2166666666667,143.0,0.03846153846153855,10,0
553636******6432,2015-05-29 11:40:51,99.0,No,0,0,,-1.0,,0.0,11,0
553636******6477,2015-05-06 16:02:16,143.0,No,0,0,,-1.0,,0.0,16,0
553636******6524,2015-05-12 21:25:12,132.25,No,0,0,,-1.0,,0.0,21,0
553636******6750,2015-05-20 23:13:15,168.0,No,0,0,,-1.0,,0.0,23,1
553636******6750,2015-05-22 21:31:50,165.0,No,0,0,2015-05-20 23:13:15,2778.5833333333335,168.0,-0.017857142857142905,21,0
553636******6903,2015-05-14 13:14:58,99.0,No,0,0,,-1.0,,0.0,13,0
553636******6903,2015-05-19 15:54:39,268.8,No,0,0,2015-05-14 13:14:58,7359.683333333333,99.0,1.7151515151515153,15,0
553636******6910,2015-05-08 18:41:00,138.0,No,0,0,,-1.0,,0.0,18,0
553636******6930,2015-05-11 18:29:08,172.75,No,0,0,,-1.0,,0.0,18,0
553636******6976,2015-05-15 19:28:05,145.6,No,0,0,,-1.0,,0.0,19,0
553636******6976,2015-05-23 21:14:42,190.4,No,0,0,2015-05-15 19:28:05,11626.616666666667,145.6,0.3076923076923077,21,0
553636******7088,2015-05-08 14:38:10,161.0,No,0,0,,-1.0,,0.0,14,0
553636******7200,2015-05-10 21:25:31,148.5,No,0,0,,-1.0,,0.0,21,0
553636******7323,2015-05-20 22:55:13,15.0,No,0,0,,-1.0,,0.0,22,0
553636******7585,2015-05-14 10:27:59,154.0,No,0,0,,-1.0,,0.0,10,0
553636******7923,2015-05-12 18:19:20,55.0,No,0,0,,-1.0,,0.0,18,0
553636******7923,2015-05-12 18:23:11,78.4,No,0,1,2015-05-12 18:19:20,3.85,55.0,0.42545454545454553,18,0
553636******8073,2015-05-08 12:51:57,220.0,No,0,0,,-1.0,,0.0,12,0
553636******8568,2015-05-11 14:14:39,78.4,No,0,0,,-1.0,,0.0,14,0
553636******8633,2015-05-27 22:23:36,99.0,No,0,0,,-1.0,,0.0,22,0
553636******8731,2015-05-25 16:38:40,830.0,No,0,0,,-1.0,,0.0,16,0
553636******8831,2015-05-13 11:43:19,154.0,No,0,0,,-1.0,,0.0,11,0
553636******8871,2015-05-03 22:06:31,89.6,No,0,0,,-1.0,,0.0,22,0
553636******8988,2015-05-10 21:51:14,148.5,No,0,0,,-1.0,,0.0,21,0
553636******9398,2015-05-12 21:49:12,291.2,No,0,0,,-1.0,,0.0,21,0
553636******9398,2015-05-28 21:20:15,280.0,No,0,0,2015-05-12 21:49:12,23011.05,291.2,-0.038461538461538436,21,0
553636******9398,2015-05-28 21:33:35,280.0,Yes,1,1,2015-05-28 21:20:15,13.333333333333334,285.6,-0.019607843137254943,21,0
553636******9436,2015-05-14 21:23:12,154.0,No,0,0,,-1.0,,0.0,21,0
553636******9512,2015-05-15 18:50:08,154.0,No,0,0,,-1.0,,0.0,18,0
553636******9560,2015-05-13 18:41:46,220.0,No,0,0,,-1.0,,0.0,18,0
553636******9642,2015-05-11 19:11:02,154.0,No,0,0,,-1.0,,0.0,19,0
553636******9732,2015-05-11 23:13:26,44.8,No,0,0,,-1.0,,0.0,23,1
553639******1112,2015-05-28 18:37:04,77.0,No,0,0,,-1.0,,0.0,18,0
553639******2115,2015-05-08 19:58:01,88.0,No,0,0,,-1.0,,0.0,19,0
553639******2310,2015-05-28 17:54:59,88.0,No,0,0,,-1.0,,0.0,17,0
553639******5315,2015-05-06 15:40:21,168.0,No,0,0,,-1.0,,0.0,15,0
553639******5414,2015-05-01 16:36:34,104.5,No,0,0,,-1.0,,0.0,16,0
553645******0430,2015-05-20 10:15:50,307.8,No,0,0,,-1.0,,0.0,10,0
553645******0430,2015-05-20 18:01:18,102.6,No,0,1,2015-05-20 10:15:50,465.46666666666664,307.8,-0.6666666666666667,18,0
553645******0475,2015-05-15 15:37:59,154.0,No,0,0,,-1.0,,0.0,15,0
553645******0651,2015-05-11 17:17:05,154.0,No,0,0,,-1.0,,0.0,17,0
553645******1131,2015-05-14 21:24:48,258.5,No,0,0,,-1.0,,0.0,21,0
553645******1373,2015-05-25 10:52:15,77.0,No,0,0,,-1.0,,0.0,10,0
553645******1416,2015-05-21 00:56:10,10.0,No,0,0,,-1.0,,0.0,0,1
553645******1981,2015-05-07 18:27:52,165.0,No,0,0,,-1.0,,0.0,18,0
553645******2123,2015-05-20 17:26:06,63.25,No,0,0,,-1.0,,0.0,17,0
553645******2294,2015-05-19 12:29:47,55.82,No,0,0,,-1.0,,0.0,12,0
553645******2989,2015-05-26 00:13:04,49.5,No,0,0,,-1.0,,0.0,0,1
553645******5325,2015-05-25 20:44:02,112.0,No,0,0,,-1.0,,0.0,20,0
553645******6580,2015-05-25 12:47:37,30.0,No,0,0,,-1.0,,0.0,12,0
553645******7282,2015-05-23 10:36:16,15.0,No,0,0,,-1.0,,0.0,10,0
553645******7387,2015-05-20 23:04:48,135.94,No,0,0,,-1.0,,0.0,23,1
553645******9434,2015-05-29 13:39:59,220.0,No,0,0,,-1.0,,0.0,13,0
553659******0319,2015-05-08 19:48:40,336.0,No,0,0,,-1.0,,0.0,19,0
553659******5317,2015-05-14 19:51:17,154.0,No,0,0,,-1.0,,0.0,19,0
553659******5317,2015-05-14 19:52:36,154.0,No,0,1,2015-05-14 19:51:17,1.3166666666666667,154.0,0.0,19,0
553665******4293,2015-05-23 17:49:08,280.0,No,0,0,,-1.0,,0.0,17,0
554463******5116,2015-05-17 15:06:04,70.44,No,0,0,,-1.0,,0.0,15,0
554773******2028,2015-05-15 17:18:23,145.6,No,0,0,,-1.0,,0.0,17,0
554906******0273,2015-05-11 16:34:25,156.8,No,0,0,,-1.0,,0.0,16,0
554906******0358,2015-05-01 09:13:51,126.5,Yes,1,0,,-1.0,,0.0,9,0
554906******0358,2015-05-01 09:15:28,126.5,Yes,1,1,2015-05-01 09:13:51,1.6166666666666667,126.5,0.0,9,0
554906******0358,2015-05-01 09:16:52,126.5,Yes,1,2,2015-05-01 09:15:28,1.4,126.5,0.0,9,0
554906******0359,2015-05-28 11:37:03,88.0,No,0,0,,-1.0,,0.0,11,0
554906******0458,2015-05-10 18:22:55,220.0,No,0,0,,-1.0,,0.0,18,0
554906******0720,2015-05-20 14:22:40,100.8,No,0,0,,-1.0,,0.0,14,0
554906******1176,2015-05-30 15:06:44,99.0,No,0,0,,-1.0,,0.0,15,0
554906******1176,2015-05-30 15:06:44,99.0,No,0,0,2015-05-30 15:06:44,0.0,99.0,0.0,15,0
554906******1688,2015-05-15 12:33:25,156.8,No,0,0,,-1.0,,0.0,12,0
554906******2047,2015-05-11 16:12:16,104.5,No,0,0,,-1.0,,0.0,16,0
554906******3456,2015-05-06 05:06:44,34.5,No,0,0,,-1.0,,0.0,5,1
554906******3456,2015-05-08 01:12:31,34.5,No,0,0,2015-05-06 05:06:44,2645.7833333333333,34.5,0.0,1,1
554906******3643,2015-05-18 23:47:59,345.0,No,0,0,,-1.0,,0.0,23,1
554906******3643,2015-05-23 15:19:03,358.4,No,0,0,2015-05-18 23:47:59,6691.066666666667,345.0,0.03884057971014476,15,0
554906******3643,2015-05-24 21:41:27,172.5,No,0,0,2015-05-23 15:19:03,1822.4,351.7,-0.5095251634916121,21,0
554906******3688,2015-05-29 09:56:25,132.0,No,0,0,,-1.0,,0.0,9,0
554906******4180,2015-05-14 19:01:37,99.0,No,0,0,,-1.0,,0.0,19,0
554906******4369,2015-05-04 11:41:11,322.0,No,0,0,,-1.0,,0.0,11,0
554906******4416,2015-05-23 15:42:58,25.0,No,0,0,,-1.0,,0.0,15,0
554906******5152,2015-05-01 19:46:49,165.0,No,0,0,,-1.0,,0.0,19,0
554906******5579,2015-05-28 21:49:37,88.0,No,0,0,,-1.0,,0.0,21,0
554906******6236,2015-05-07 10:12:36,176.0,No,0,0,,-1.0,,0.0,10,0
554906******6367,2015-05-28 19:41:39,121.0,No,0,0,,-1.0,,0.0,19,0
554906******6473,2015-05-15 18:39:22,154.0,No,0,0,,-1.0,,0.0,18,0
554906******6639,2015-05-03 16:15:38,66.0,No,0,0,,-1.0,,0.0,16,0
554906******6639,2015-05-03 19:17:23,55.27,No,0,1,2015-05-03 16:15:38,181.75,66.0,-0.16257575757575748,19,0
554906******6639,2015-05-05 16:52:47,69.0,No,0,0,2015-05-03 19:17:23,2735.4,60.635000000000005,0.1379566257112228,16,0
554906******6721,2015-05-30 19:57:06,170.0,No,0,0,,-1.0,,0.0,19,0
554906******6721,2015-05-30 19:57:06,170.0,No,0,0,2015-05-30 19:57:06,0.0,170.0,0.0,19,0
554906******6750,2015-05-26 17:32:38,40.0,No,0,0,,-1.0,,0.0,17,0
554906******6810,2015-05-20 19:56:48,30.0,No,0,0,,-1.0,,0.0,19,0
554906******7091,2015-05-10 18:28:04,120.0,No,0,0,,-1.0,,0.0,18,0
554906******7151,2015-05-29 19:26:53,99.0,No,0,0,,-1.0,,0.0,19,0
554906******7185,2015-05-03 20:02:04,34.5,No,0,0,,-1.0,,0.0,20,0
554906******7233,2015-05-13 14:53:12,56.0,No,0,0,,-1.0,,0.0,14,0
554906******7657,2015-05-22 22:37:02,10.0,No,0,0,,-1.0,,0.0,22,0
554906******8130,2015-05-23 18:54:47,25.0,No,0,0,,-1.0,,0.0,18,0
554906******8390,2015-05-11 14:26:13,78.4,No,0,0,,-1.0,,0.0,14,0
554906******8480,2015-05-07 18:40:20,158.61,No,0,0,,-1.0,,0.0,18,0
554906******8517,2015-05-11 12:21:37,308.0,No,0,0,,-1.0,,0.0,12,0
554906******8692,2015-05-12 11:26:52,264.0,No,0,0,,-1.0,,0.0,11,0
554906******8880,2015-05-29 18:34:32,112.0,No,0,0,,-1.0,,0.0,18,0
554906******8902,2015-05-29 08:33:12,99.0,No,0,0,,-1.0,,0.0,8,0
554906******9329,2015-05-10 13:10:18,55.0,No,0,0,,-1.0,,0.0,13,0
554906******9329,2015-05-25 18:43:54,67.2,No,0,0,2015-05-10 13:10:18,21933.6,55.0,0.22181818181818191,18,0
554906******9828,2015-05-14 20:04:59,275.0,No,0,0,,-1.0,,0.0,20,0
554906******9839,2015-05-05 15:17:21,80.5,No,0,0,,-1.0,,0.0,15,0
554917******1468,2015-05-15 18:38:07,154.0,No,0,0,,-1.0,,0.0,18,0
554917******5097,2015-05-18 17:01:42,67.2,No,0,0,,-1.0,,0.0,17,0
554917******9322,2015-05-07 18:36:48,89.6,No,0,0,,-1.0,,0.0,18,0
554927******0116,2015-05-20 22:50:58,1012.0,Yes,1,0,,-1.0,,0.0,22,0
554927******0116,2015-05-20 22:59:08,1012.0,Yes,1,1,2015-05-20 22:50:58,8.166666666666666,1012.0,0.0,22,0
554927******0116,2015-05-26 10:35:47,149.74,Yes,1,0,2015-05-20 22:59:08,7896.65,1012.0,-0.8520355731225296,10,0
554927******0801,2015-05-21 18:39:18,35.0,No,0,0,,-1.0,,0.0,18,0
554927******1511,2015-05-23 13:15:07,10.0,No,0,0,,-1.0,,0.0,13,0
554927******2295,2015-05-01 18:39:55,220.0,No,0,0,,-1.0,,0.0,18,0
554927******2620,2015-05-29 13:52:08,20.0,No,0,0,,-1.0,,0.0,13,0
554927******2660,2015-05-16 01:38:00,168.0,No,0,0,,-1.0,,0.0,1,1
554927******2762,2015-05-13 17:53:27,110.0,No,0,0,,-1.0,,0.0,17,0
554927******3748,2015-05-21 22:18:05,10.0,No,0,0,,-1.0,,0.0,22,0
554927******4196,2015-05-09 14:21:18,77.0,No,0,0,,-1.0,,0.0,14,0
554927******4711,2015-05-20 00:13:58,40.5,No,0,0,,-1.0,,0.0,0,1
554927******5988,2015-05-29 22:12:06,165.0,Yes,1,0,,-1.0,,0.0,22,0
554927******6008,2015-05-25 19:49:18,112.0,No,0,0,,-1.0,,0.0,19,0
554927******6790,2015-05-19 20:31:45,15.0,No,0,0,,-1.0,,0.0,20,0
554927******6790,2015-05-25 23:43:10,15.0,No,0,0,2015-05-19 20:31:45,8831.416666666666,15.0,0.0,23,1
554927******7494,2015-05-09 22:58:08,110.0,No,0,0,,-1.0,,0.0,22,0
554927******7658,2015-05-26 20:30:16,112.0,No,0,0,,-1.0,,0.0,20,0
554927******7779,2015-05-28 22:57:23,69.0,No,0,0,,-1.0,,0.0,22,0
554927******8819,2015-05-20 00:36:14,121.0,No,0,0,,-1.0,,0.0,0,1
554927******9104,2015-05-11 18:32:16,201.25,No,0,0,,-1.0,,0.0,18,0
554927******9468,2015-05-25 11:02:41,630.0,No,0,0,,-1.0,,0.0,11,0
554927******9477,2015-05-29 17:31:32,143.0,No,0,0,,-1.0,,0.0,17,0
554932******0154,2015-05-28 21:47:17,77.0,No,0,0,,-1.0,,0.0,21,0
554932******0622,2015-05-25 22:50:16,70.0,No,0,0,,-1.0,,0.0,22,0
554932******0688,2015-05-12 06:32:36,78.4,No,0,0,,-1.0,,0.0,6,0
554932******1564,2015-05-21 23:45:56,495.0,No,0,0,,-1.0,,0.0,23,1
554932******1623,2015-05-25 20:19:27,78.15,Yes,1,0,,-1.0,,0.0,20,0
554932******1623,2015-05-25 20:20:47,156.3,Yes,1,1,2015-05-25 20:19:27,1.3333333333333333,78.15,1.0,20,0
554932******1623,2015-05-25 20:23:09,78.15,Yes,1,2,2015-05-25 20:20:47,2.3666666666666667,117.22500000000001,-0.33333333333333337,20,0
554932******1852,2015-05-07 21:03:40,23.0,No,0,0,,-1.0,,0.0,21,0
554932******3274,2015-05-14 17:59:44,112.0,No,0,0,,-1.0,,0.0,17,0
554932******4115,2015-05-29 15:01:34,26.5,No,0,0,,-1.0,,0.0,15,0
554932******4433,2015-05-06 20:34:40,89.6,No,0,0,,-1.0,,0.0,20,0
554932******5739,2015-05-15 07:45:00,99.0,No,0,0,,-1.0,,0.0,7,0
554932******5955,2015-05-21 02:04:18,160.0,No,0,0,,-1.0,,0.0,2,1
554932******5955,2015-05-21 02:06:17,153.0,No,0,1,2015-05-21 02:04:18,1.9833333333333334,160.0,-0.043749999999999956,2,1
554932******7115,2015-05-07 22:18:45,23.0,No,0,0,,-1.0,,0.0,22,0
554932******8124,2015-05-22 00:16:49,120.0,Yes,1,0,,-1.0,,0.0,0,1
554932******8124,2015-05-22 00:21:54,160.0,Yes,1,1,2015-05-22 00:16:49,5.083333333333333,120.0,0.33333333333333326,0,1
554932******8129,2015-05-20 22:34:18,112.0,No,0,0,,-1.0,,0.0,22,0
554932******8129,2015-05-20 22:36:06,112.0,No,0,1,2015-05-20 22:34:18,1.8,112.0,0.0,22,0
554932******8129,2015-05-20 22:51:26,112.0,No,0,2,2015-05-20 22:36:06,15.333333333333334,112.0,0.0,22,0
554932******8129,2015-05-20 22:52:46,112.0,No,0,3,2015-05-20 22:51:26,1.3333333333333333,112.0,0.0,22,0
554932******8129,2015-05-20 23:04:29,134.4,No,0,4,2015-05-20 22:52:46,11.716666666666667,112.0,0.19999999999999996,23,1
554932******8142,2015-05-06 18:15:53,207.0,No,0,0,,-1.0,,0.0,18,0
554932******9115,2015-05-28 15:31:22,138.0,No,0,0,,-1.0,,0.0,15,0
558285******7261,2015-05-18 21:20:51,69.0,No,0,0,,-1.0,,0.0,21,0
